customs_id,route_id,cargo_type,hs_code_required,commercial_invoice,packing_list,certificate_of_origin,restricted_cargo,customs_status
C001,R001,Electronics,Yes,Yes,Yes,Yes,No,Valid
C002,R002,Electronics,No,Yes,Yes,Yes,No,Warning
C003,R003,Electronics,Yes,Yes,Yes,Yes,Yes,Restricted
C004,R004,Electronics,Yes,Yes,Yes,Yes,No,Valid
C005,R005,Electronics,Yes,No,Yes,Yes,No,Warning
C006,R006,Electronics,No,Yes,Yes,Yes,Yes,Restricted
C007,R007,Automotive,Yes,Yes,Yes,Yes,No,Valid
C008,R008,Automotive,Yes,Yes,No,Yes,No,Warning
C009,R009,Automotive,No,Yes,Yes,Yes,Yes,Restricted
C010,R010,Automotive,Yes,Yes,Yes,Yes,No,Valid
C011,R011,Automotive,Yes,Yes,Yes,No,No,Warning
C012,R012,Machinery and Equipment,Yes,No,Yes,No,Yes,Restricted
C013,R013,Machinery and Equipment,Yes,Yes,Yes,Yes,No,Valid
C014,R014,Machinery and Equipment,Yes,No,Yes,Yes,No,Warning
C015,R015,Machinery and Equipment,Yes,No,Yes,No,Yes,Restricted
C016,R016,Machinery and Equipment,Yes,Yes,Yes,Yes,No,Valid
C017,R017,General Cargo,Yes,Yes,No,Yes,No,Warning
C018,R018,General Cargo,No,No,Yes,No,Yes,Restricted
C019,R019,General Cargo,Yes,Yes,Yes,Yes,No,Valid
C020,R020,General Cargo,Yes,Yes,Yes,No,No,Warning
C021,R021,General Cargo,Yes,Yes,Yes,Yes,Yes,Restricted
C022,R022,Electronics,Yes,Yes,Yes,Yes,No,Valid
C023,R023,Electronics,No,Yes,Yes,Yes,No,Warning
C024,R024,Electronics,Yes,Yes,Yes,Yes,Yes,Restricted
C025,R025,Electronics,Yes,Yes,Yes,Yes,No,Valid
C026,R026,Electronics,Yes,No,Yes,Yes,No,Warning
C027,R027,Automotive,No,Yes,Yes,Yes,Yes,Restricted
C028,R028,Automotive,Yes,Yes,Yes,Yes,No,Valid
C029,R029,Automotive,Yes,Yes,No,Yes,No,Warning
C030,R030,Automotive,No,Yes,Yes,Yes,Yes,Restricted
C031,R031,Automotive,Yes,Yes,Yes,Yes,No,Valid
C032,R032,Automotive,No,Yes,Yes,Yes,No,Warning
C033,R033,Machinery and Equipment,Yes,No,Yes,No,Yes,Restricted
C034,R034,Machinery and Equipment,Yes,Yes,Yes,Yes,No,Valid
C035,R035,Machinery and Equipment,Yes,No,Yes,Yes,No,Warning
C036,R036,Machinery and Equipment,Yes,No,Yes,No,Yes,Restricted
C037,R037,Machinery and Equipment,Yes,Yes,Yes,Yes,No,Valid
C038,R038,Machinery and Equipment,Yes,Yes,No,Yes,No,Warning
C039,R039,General Cargo,No,No,Yes,No,Yes,Restricted
C040,R040,General Cargo,Yes,Yes,Yes,Yes,No,Valid
C041,R041,General Cargo,Yes,Yes,Yes,No,No,Warning
C042,R042,General Cargo,Yes,Yes,Yes,Yes,Yes,Restricted
C043,R043,General Cargo,Yes,Yes,Yes,Yes,No,Valid
C044,R044,General Cargo,No,Yes,Yes,Yes,No,Warning
C045,R045,Electronics,Yes,Yes,Yes,Yes,Yes,Restricted
C046,R046,Electronics,Yes,Yes,Yes,Yes,No,Valid
C047,R047,Electronics,Yes,Yes,No,Yes,No,Warning
C048,R048,Electronics,No,Yes,Yes,Yes,Yes,Restricted
C049,R049,Electronics,Yes,Yes,Yes,Yes,No,Valid
C050,R050,Electronics,Yes,Yes,Yes,No,No,Warning
C051,R051,Automotive,No,Yes,Yes,Yes,Yes,Restricted
C052,R052,Automotive,Yes,Yes,Yes,Yes,No,Valid
C053,R053,Automotive,Yes,No,Yes,Yes,No,Warning
C054,R054,Automotive,Yes,No,Yes,No,Yes,Restricted
C055,R055,Automotive,Yes,Yes,Yes,Yes,No,Valid
C056,R056,Machinery and Equipment,Yes,Yes,No,Yes,No,Warning
C057,R057,Machinery and Equipment,Yes,No,Yes,No,Yes,Restricted
C058,R058,Machinery and Equipment,Yes,Yes,Yes,Yes,No,Valid
C059,R059,Machinery and Equipment,Yes,Yes,Yes,No,No,Warning
C060,R060,Machinery and Equipment,No,No,Yes,No,Yes,Restricted
C061,R061,General Cargo,Yes,Yes,Yes,Yes,No,Valid
C062,R062,General Cargo,No,Yes,Yes,Yes,No,Warning
C063,R063,General Cargo,No,No,Yes,No,Yes,Restricted
C064,R064,General Cargo,Yes,Yes,Yes,Yes,No,Valid
C065,R065,General Cargo,Yes,No,Yes,Yes,No,Warning
C066,R066,Electronics,Yes,Yes,Yes,Yes,Yes,Restricted
C067,R067,Electronics,Yes,Yes,Yes,Yes,No,Valid
C068,R068,Electronics,Yes,Yes,Yes,No,No,Warning
C069,R069,Electronics,Yes,Yes,Yes,Yes,Yes,Restricted
C070,R070,Electronics,Yes,Yes,Yes,Yes,No,Valid
C071,R071,Automotive,No,Yes,Yes,Yes,No,Warning
C072,R072,Automotive,No,Yes,Yes,Yes,Yes,Restricted
C073,R073,Automotive,Yes,Yes,Yes,Yes,No,Valid
C074,R074,Automotive,Yes,No,Yes,Yes,No,Warning
C075,R075,Automotive,Yes,No,Yes,No,Yes,Restricted
C076,R076,Machinery and Equipment,Yes,Yes,Yes,Yes,No,Valid
C077,R077,Machinery and Equipment,Yes,Yes,No,Yes,No,Warning
C078,R078,Machinery and Equipment,Yes,No,Yes,No,Yes,Restricted
C079,R079,Machinery and Equipment,Yes,Yes,Yes,Yes,No,Valid
C080,R080,Machinery and Equipment,Yes,Yes,Yes,No,No,Warning
C081,R081,General Cargo,No,No,Yes,No,Yes,Restricted
C082,R082,General Cargo,Yes,Yes,Yes,Yes,No,Valid
C083,R083,General Cargo,No,Yes,Yes,Yes,No,Warning
C084,R084,General Cargo,No,No,Yes,No,Yes,Restricted
C085,R085,General Cargo,Yes,Yes,Yes,Yes,No,Valid
C086,R086,Electronics,Yes,No,Yes,Yes,No,Warning
C087,R087,Electronics,Yes,Yes,Yes,Yes,Yes,Restricted
C088,R088,Electronics,Yes,Yes,Yes,Yes,No,Valid
C089,R089,Electronics,Yes,Yes,No,Yes,No,Warning
C090,R090,Electronics,No,Yes,Yes,Yes,Yes,Restricted
C091,R091,Automotive,Yes,Yes,Yes,Yes,No,Valid
C092,R092,Automotive,Yes,Yes,Yes,No,No,Warning
C093,R093,Automotive,No,Yes,Yes,Yes,Yes,Restricted
C094,R094,Automotive,Yes,Yes,Yes,Yes,No,Valid
C095,R095,Automotive,No,Yes,Yes,Yes,No,Warning
C096,R096,Machinery and Equipment,Yes,No,Yes,No,Yes,Restricted
C097,R097,Machinery and Equipment,Yes,Yes,Yes,Yes,No,Valid
C098,R098,Machinery and Equipment,Yes,No,Yes,Yes,No,Warning
C099,R099,Machinery and Equipment,Yes,No,Yes,No,Yes,Restricted
C100,R100,Machinery and Equipment,Yes,Yes,Yes,Yes,No,Valid
C101,R101,General Cargo,Yes,Yes,No,Yes,No,Warning
C102,R102,General Cargo,No,No,Yes,No,Yes,Restricted
C103,R103,General Cargo,Yes,Yes,Yes,Yes,No,Valid
C104,R104,General Cargo,Yes,Yes,Yes,No,No,Warning
C105,R105,General Cargo,Yes,Yes,Yes,Yes,Yes,Restricted
C106,R106,Electronics,Yes,Yes,Yes,Yes,No,Valid
C107,R107,Electronics,No,Yes,Yes,Yes,No,Warning
C108,R108,Electronics,Yes,Yes,Yes,Yes,Yes,Restricted
C109,R109,Electronics,Yes,Yes,Yes,Yes,No,Valid
C110,R110,Electronics,Yes,No,Yes,Yes,No,Warning
C111,R111,Automotive,No,Yes,Yes,Yes,Yes,Restricted
C112,R112,Automotive,Yes,Yes,Yes,Yes,No,Valid
C113,R113,Automotive,Yes,Yes,No,Yes,No,Warning
C114,R114,Automotive,No,Yes,Yes,Yes,Yes,Restricted
C115,R115,Automotive,Yes,Yes,Yes,Yes,No,Valid
C116,R116,Automotive,No,Yes,Yes,Yes,No,Warning
C117,R117,Machinery and Equipment,Yes,No,Yes,No,Yes,Restricted
C118,R118,Machinery and Equipment,Yes,Yes,Yes,Yes,No,Valid
C119,R119,Machinery and Equipment,Yes,No,Yes,Yes,No,Warning
C120,R120,General Cargo,Yes,Yes,Yes,Yes,Yes,Restricted
C121,R121,Electronics,Yes,Yes,Yes,Yes,No,Valid
C122,R122,Electronics,No,Yes,Yes,Yes,No,Warning
C123,R123,Electronics,Yes,Yes,Yes,Yes,Yes,Restricted
C124,R124,Electronics,Yes,Yes,Yes,Yes,No,Valid
C125,R125,Electronics,Yes,No,Yes,Yes,No,Warning
C126,R126,Automotive,No,Yes,Yes,Yes,Yes,Restricted
C127,R127,Automotive,Yes,Yes,Yes,Yes,No,Valid
C128,R128,Automotive,Yes,Yes,No,Yes,No,Warning
C129,R129,Automotive,No,Yes,Yes,Yes,Yes,Restricted
C130,R130,Automotive,Yes,Yes,Yes,Yes,No,Valid
C131,R131,Machinery and Equipment,Yes,Yes,Yes,No,No,Warning
C132,R132,Machinery and Equipment,Yes,No,Yes,No,Yes,Restricted
C133,R133,Machinery and Equipment,Yes,Yes,Yes,Yes,No,Valid
C134,R134,Machinery and Equipment,No,Yes,Yes,Yes,No,Warning
C135,R135,Machinery and Equipment,No,No,Yes,No,Yes,Restricted
C136,R136,General Cargo,Yes,Yes,Yes,Yes,No,Valid
C137,R137,General Cargo,Yes,No,Yes,Yes,No,Warning
C138,R138,General Cargo,No,No,Yes,No,Yes,Restricted
C139,R139,General Cargo,Yes,Yes,Yes,Yes,No,Valid
C140,R140,General Cargo,Yes,Yes,No,Yes,No,Warning
C141,R141,Electronics,Yes,Yes,Yes,Yes,Yes,Restricted
C142,R142,Electronics,Yes,Yes,Yes,Yes,No,Valid
C143,R143,Electronics,Yes,Yes,Yes,No,No,Warning
C144,R144,Electronics,Yes,Yes,Yes,Yes,Yes,Restricted
C145,R145,Electronics,Yes,Yes,Yes,Yes,No,Valid
C146,R146,Automotive,No,Yes,Yes,Yes,No,Warning
C147,R147,Automotive,No,Yes,Yes,Yes,Yes,Restricted
C148,R148,Automotive,Yes,Yes,Yes,Yes,No,Valid
C149,R149,Automotive,Yes,No,Yes,Yes,No,Warning
C150,R150,Automotive,Yes,No,Yes,No,Yes,Restricted
C151,R151,Machinery and Equipment,Yes,Yes,Yes,Yes,No,Valid
C152,R152,Machinery and Equipment,Yes,Yes,No,Yes,No,Warning
C153,R153,Machinery and Equipment,Yes,No,Yes,No,Yes,Restricted
C154,R154,Machinery and Equipment,Yes,Yes,Yes,Yes,No,Valid
C155,R155,Machinery and Equipment,Yes,Yes,Yes,No,No,Warning
C156,R156,General Cargo,No,No,Yes,No,Yes,Restricted
C157,R157,General Cargo,Yes,Yes,Yes,Yes,No,Valid
C158,R158,General Cargo,No,Yes,Yes,Yes,No,Warning
C159,R159,General Cargo,No,No,Yes,No,Yes,Restricted
C160,R160,General Cargo,Yes,Yes,Yes,Yes,No,Valid
C161,R161,Electronics,Yes,No,Yes,Yes,No,Warning
C162,R162,Electronics,Yes,Yes,Yes,Yes,Yes,Restricted
C163,R163,Electronics,Yes,Yes,Yes,Yes,No,Valid
C164,R164,Electronics,Yes,Yes,No,Yes,No,Warning
C165,R165,Electronics,No,Yes,Yes,Yes,Yes,Restricted
C166,R166,Automotive,Yes,Yes,Yes,Yes,No,Valid
C167,R167,Automotive,Yes,Yes,Yes,No,No,Warning
C168,R168,Automotive,No,Yes,Yes,Yes,Yes,Restricted
C169,R169,Automotive,Yes,Yes,Yes,Yes,No,Valid
C170,R170,Automotive,No,Yes,Yes,Yes,No,Warning
C171,R171,Machinery and Equipment,Yes,No,Yes,No,Yes,Restricted
C172,R172,Machinery and Equipment,Yes,Yes,Yes,Yes,No,Valid
C173,R173,Machinery and Equipment,Yes,No,Yes,Yes,No,Warning
C174,R174,Machinery and Equipment,Yes,No,Yes,No,Yes,Restricted
C175,R175,Machinery and Equipment,Yes,Yes,Yes,Yes,No,Valid
C176,R176,General Cargo,Yes,Yes,No,Yes,No,Warning
C177,R177,General Cargo,No,No,Yes,No,Yes,Restricted
C178,R178,General Cargo,Yes,Yes,Yes,Yes,No,Valid
C179,R179,General Cargo,Yes,Yes,Yes,No,No,Warning
C180,R180,General Cargo,Yes,Yes,Yes,Yes,Yes,Restricted
C181,R181,Electronics,Yes,Yes,Yes,Yes,No,Valid
C182,R182,Electronics,No,Yes,Yes,Yes,No,Warning
C183,R183,Electronics,Yes,Yes,Yes,Yes,Yes,Restricted
C184,R184,Electronics,Yes,Yes,Yes,Yes,No,Valid
C185,R185,Electronics,Yes,No,Yes,Yes,No,Warning
C186,R186,Automotive,No,Yes,Yes,Yes,Yes,Restricted
C187,R187,Automotive,Yes,Yes,Yes,Yes,No,Valid
C188,R188,Automotive,Yes,Yes,No,Yes,No,Warning
C189,R189,Automotive,No,Yes,Yes,Yes,Yes,Restricted
C190,R190,Automotive,Yes,Yes,Yes,Yes,No,Valid
C191,R191,Machinery and Equipment,Yes,Yes,Yes,No,No,Warning
C192,R192,Machinery and Equipment,Yes,No,Yes,No,Yes,Restricted
C193,R193,Machinery and Equipment,Yes,Yes,Yes,Yes,No,Valid
C194,R194,Machinery and Equipment,No,Yes,Yes,Yes,No,Warning
C195,R195,Machinery and Equipment,No,No,Yes,No,Yes,Restricted
C196,R196,General Cargo,Yes,Yes,Yes,Yes,No,Valid
C197,R197,General Cargo,Yes,No,Yes,Yes,No,Warning
C198,R198,General Cargo,No,No,Yes,No,Yes,Restricted
C199,R199,General Cargo,Yes,Yes,Yes,Yes,No,Valid
C200,R200,General Cargo,Yes,Yes,No,Yes,No,Warning
C201,R201,Electronics,Yes,Yes,Yes,Yes,Yes,Restricted
C202,R202,Electronics,Yes,Yes,Yes,Yes,No,Valid
C203,R203,Electronics,Yes,Yes,Yes,No,No,Warning
C204,R204,Electronics,Yes,Yes,Yes,Yes,Yes,Restricted
C205,R205,Electronics,Yes,Yes,Yes,Yes,No,Valid
C206,R206,Automotive,No,Yes,Yes,Yes,No,Warning
C207,R207,Automotive,No,Yes,Yes,Yes,Yes,Restricted
C208,R208,Automotive,Yes,Yes,Yes,Yes,No,Valid
C209,R209,Automotive,Yes,No,Yes,Yes,No,Warning
C210,R210,Automotive,Yes,No,Yes,No,Yes,Restricted
C211,R211,Machinery and Equipment,Yes,Yes,Yes,Yes,No,Valid
C212,R212,Machinery and Equipment,Yes,Yes,No,Yes,No,Warning
C213,R213,Machinery and Equipment,Yes,No,Yes,No,Yes,Restricted
C214,R214,Machinery and Equipment,Yes,Yes,Yes,Yes,No,Valid
C215,R215,Machinery and Equipment,Yes,Yes,Yes,No,No,Warning
C216,R216,General Cargo,No,No,Yes,No,Yes,Restricted
C217,R217,General Cargo,Yes,Yes,Yes,Yes,No,Valid
C218,R218,General Cargo,No,Yes,Yes,Yes,No,Warning
C219,R219,General Cargo,No,No,Yes,No,Yes,Restricted
C220,R220,General Cargo,Yes,Yes,Yes,Yes,No,Valid
C221,R221,Electronics,Yes,No,Yes,Yes,No,Warning
C222,R222,Electronics,Yes,Yes,Yes,Yes,Yes,Restricted
C223,R223,Electronics,Yes,Yes,Yes,Yes,No,Valid
C224,R224,Electronics,Yes,Yes,No,Yes,No,Warning
C225,R225,Electronics,No,Yes,Yes,Yes,Yes,Restricted
C226,R226,Automotive,Yes,Yes,Yes,Yes,No,Valid
C227,R227,Automotive,Yes,Yes,Yes,No,No,Warning
C228,R228,Automotive,No,Yes,Yes,Yes,Yes,Restricted
C229,R229,Automotive,Yes,Yes,Yes,Yes,No,Valid
C230,R230,Automotive,No,Yes,Yes,Yes,No,Warning
C231,R231,Machinery and Equipment,Yes,No,Yes,No,Yes,Restricted
C232,R232,Machinery and Equipment,Yes,Yes,Yes,Yes,No,Valid
C233,R233,Machinery and Equipment,Yes,No,Yes,Yes,No,Warning
C234,R234,Machinery and Equipment,Yes,No,Yes,No,Yes,Restricted
C235,R235,Machinery and Equipment,Yes,Yes,Yes,Yes,No,Valid
C236,R236,General Cargo,Yes,Yes,No,Yes,No,Warning
C237,R237,General Cargo,No,No,Yes,No,Yes,Restricted
C238,R238,General Cargo,Yes,Yes,Yes,Yes,No,Valid
C239,R239,General Cargo,Yes,Yes,Yes,No,No,Warning
C240,R240,General Cargo,Yes,Yes,Yes,Yes,Yes,Restricted
C241,R241,Electronics,Yes,Yes,Yes,Yes,No,Valid
C242,R242,Electronics,No,Yes,Yes,Yes,No,Warning
C243,R243,Electronics,Yes,Yes,Yes,Yes,Yes,Restricted
C244,R244,Electronics,Yes,Yes,Yes,Yes,No,Valid
C245,R245,Electronics,Yes,No,Yes,Yes,No,Warning
C246,R246,Automotive,No,Yes,Yes,Yes,Yes,Restricted
C247,R247,Automotive,Yes,Yes,Yes,Yes,No,Valid
C248,R248,Automotive,Yes,Yes,No,Yes,No,Warning
C249,R249,Automotive,No,Yes,Yes,Yes,Yes,Restricted
C250,R250,Automotive,Yes,Yes,Yes,Yes,No,Valid
C251,R251,Machinery and Equipment,Yes,Yes,Yes,No,No,Warning
C252,R252,Machinery and Equipment,Yes,No,Yes,No,Yes,Restricted
C253,R253,Machinery and Equipment,Yes,Yes,Yes,Yes,No,Valid
C254,R254,Machinery and Equipment,No,Yes,Yes,Yes,No,Warning
C255,R255,Machinery and Equipment,No,No,Yes,No,Yes,Restricted
C256,R256,General Cargo,Yes,Yes,Yes,Yes,No,Valid
C257,R257,General Cargo,Yes,No,Yes,Yes,No,Warning
C258,R258,General Cargo,No,No,Yes,No,Yes,Restricted
C259,R259,General Cargo,Yes,Yes,Yes,Yes,No,Valid
C260,R260,General Cargo,Yes,Yes,No,Yes,No,Warning
C261,R261,Electronics,Yes,Yes,Yes,Yes,Yes,Restricted
C262,R262,Electronics,Yes,Yes,Yes,Yes,No,Valid
C263,R263,Electronics,Yes,Yes,Yes,No,No,Warning
C264,R264,Electronics,Yes,Yes,Yes,Yes,Yes,Restricted
C265,R265,Electronics,Yes,Yes,Yes,Yes,No,Valid
C266,R266,Automotive,No,Yes,Yes,Yes,No,Warning
C267,R267,Automotive,No,Yes,Yes,Yes,Yes,Restricted
C268,R268,Automotive,Yes,Yes,Yes,Yes,No,Valid
C269,R269,Automotive,Yes,No,Yes,Yes,No,Warning
C270,R270,Automotive,Yes,No,Yes,No,Yes,Restricted
C271,R271,Machinery and Equipment,Yes,Yes,Yes,Yes,No,Valid
C272,R272,Machinery and Equipment,Yes,Yes,No,Yes,No,Warning
C273,R273,Machinery and Equipment,Yes,No,Yes,No,Yes,Restricted
C274,R274,Machinery and Equipment,Yes,Yes,Yes,Yes,No,Valid
C275,R275,Machinery and Equipment,Yes,Yes,Yes,No,No,Warning
C276,R276,General Cargo,No,No,Yes,No,Yes,Restricted
C277,R277,General Cargo,Yes,Yes,Yes,Yes,No,Valid
C278,R278,General Cargo,No,Yes,Yes,Yes,No,Warning
C279,R279,General Cargo,No,No,Yes,No,Yes,Restricted
C280,R280,General Cargo,Yes,Yes,Yes,Yes,No,Valid
C281,R281,Electronics,Yes,No,Yes,Yes,No,Warning
C282,R282,Electronics,Yes,Yes,Yes,Yes,Yes,Restricted
C283,R283,Electronics,Yes,Yes,Yes,Yes,No,Valid
C284,R284,Electronics,Yes,Yes,No,Yes,No,Warning
C285,R285,Electronics,No,Yes,Yes,Yes,Yes,Restricted
C286,R286,Automotive,Yes,Yes,Yes,Yes,No,Valid
C287,R287,Automotive,Yes,Yes,Yes,No,No,Warning
C288,R288,Automotive,No,Yes,Yes,Yes,Yes,Restricted
C289,R289,Automotive,Yes,Yes,Yes,Yes,No,Valid
C290,R290,Automotive,No,Yes,Yes,Yes,No,Warning
C291,R291,Machinery and Equipment,Yes,No,Yes,No,Yes,Restricted
C292,R292,Machinery and Equipment,Yes,Yes,Yes,Yes,No,Valid
C293,R293,Machinery and Equipment,Yes,No,Yes,Yes,No,Warning
C294,R294,Machinery and Equipment,Yes,No,Yes,No,Yes,Restricted
C295,R295,Machinery and Equipment,Yes,Yes,Yes,Yes,No,Valid
C296,R296,General Cargo,Yes,Yes,No,Yes,No,Warning
C297,R297,General Cargo,No,No,Yes,No,Yes,Restricted
C298,R298,General Cargo,Yes,Yes,Yes,Yes,No,Valid
C299,R299,General Cargo,Yes,Yes,Yes,No,No,Warning
C300,R300,General Cargo,Yes,Yes,Yes,Yes,Yes,Restricted
C301,R301,Electronics,Yes,Yes,Yes,Yes,No,Valid
C302,R302,Electronics,No,Yes,Yes,Yes,No,Warning
C303,R303,Electronics,Yes,Yes,Yes,Yes,Yes,Restricted
C304,R304,Electronics,Yes,Yes,Yes,Yes,No,Valid
C305,R305,Electronics,Yes,No,Yes,Yes,No,Warning
C306,R306,Automotive,No,Yes,Yes,Yes,Yes,Restricted
C307,R307,Automotive,Yes,Yes,Yes,Yes,No,Valid
C308,R308,Automotive,Yes,Yes,No,Yes,No,Warning
C309,R309,Automotive,No,Yes,Yes,Yes,Yes,Restricted
C310,R310,Automotive,Yes,Yes,Yes,Yes,No,Valid
C311,R311,Machinery and Equipment,Yes,Yes,Yes,No,No,Warning
C312,R312,Machinery and Equipment,Yes,No,Yes,No,Yes,Restricted
C313,R313,Machinery and Equipment,Yes,Yes,Yes,Yes,No,Valid
C314,R314,Machinery and Equipment,No,Yes,Yes,Yes,No,Warning
C315,R315,Machinery and Equipment,No,No,Yes,No,Yes,Restricted
C316,R316,General Cargo,Yes,Yes,Yes,Yes,No,Valid
C317,R317,General Cargo,Yes,No,Yes,Yes,No,Warning
C318,R318,General Cargo,No,No,Yes,No,Yes,Restricted
C319,R319,General Cargo,Yes,Yes,Yes,Yes,No,Valid
C320,R320,General Cargo,Yes,Yes,No,Yes,No,Warning
C321,R321,Electronics,Yes,Yes,Yes,Yes,Yes,Restricted
C322,R322,Electronics,Yes,Yes,Yes,Yes,No,Valid
C323,R323,Electronics,Yes,Yes,Yes,No,No,Warning
C324,R324,Electronics,Yes,Yes,Yes,Yes,Yes,Restricted
C325,R325,Electronics,Yes,Yes,Yes,Yes,No,Valid
C326,R326,Automotive,No,Yes,Yes,Yes,No,Warning
C327,R327,Automotive,No,Yes,Yes,Yes,Yes,Restricted
C328,R328,Automotive,Yes,Yes,Yes,Yes,No,Valid
C329,R329,Automotive,Yes,No,Yes,Yes,No,Warning
C330,R330,Automotive,Yes,No,Yes,No,Yes,Restricted
C331,R331,Machinery and Equipment,Yes,Yes,Yes,Yes,No,Valid
C332,R332,Machinery and Equipment,Yes,Yes,No,Yes,No,Warning
C333,R333,Machinery and Equipment,Yes,No,Yes,No,Yes,Restricted
C334,R334,Machinery and Equipment,Yes,Yes,Yes,Yes,No,Valid
C335,R335,Machinery and Equipment,Yes,Yes,Yes,No,No,Warning
C336,R336,General Cargo,No,No,Yes,No,Yes,Restricted
C337,R337,General Cargo,Yes,Yes,Yes,Yes,No,Valid
C338,R338,General Cargo,No,Yes,Yes,Yes,No,Warning
C339,R339,General Cargo,No,No,Yes,No,Yes,Restricted
C340,R340,General Cargo,Yes,Yes,Yes,Yes,No,Valid
C341,R341,Electronics,Yes,No,Yes,Yes,No,Warning
C342,R342,Electronics,Yes,Yes,Yes,Yes,Yes,Restricted
C343,R343,Electronics,Yes,Yes,Yes,Yes,No,Valid
C344,R344,Electronics,Yes,Yes,No,Yes,No,Warning
C345,R345,Electronics,No,Yes,Yes,Yes,Yes,Restricted
C346,R346,Automotive,Yes,Yes,Yes,Yes,No,Valid
C347,R347,Automotive,Yes,Yes,Yes,No,No,Warning
C348,R348,Automotive,No,Yes,Yes,Yes,Yes,Restricted
C349,R349,Automotive,Yes,Yes,Yes,Yes,No,Valid
C350,R350,Automotive,No,Yes,Yes,Yes,No,Warning
C351,R351,Machinery and Equipment,Yes,No,Yes,No,Yes,Restricted
C352,R352,Machinery and Equipment,Yes,Yes,Yes,Yes,No,Valid
C353,R353,Machinery and Equipment,Yes,No,Yes,Yes,No,Warning
C354,R354,Machinery and Equipment,Yes,No,Yes,No,Yes,Restricted
C355,R355,Machinery and Equipment,Yes,Yes,Yes,Yes,No,Valid
C356,R356,General Cargo,Yes,Yes,No,Yes,No,Warning
C357,R357,General Cargo,No,No,Yes,No,Yes,Restricted
C358,R358,General Cargo,Yes,Yes,Yes,Yes,No,Valid
C359,R359,General Cargo,Yes,Yes,Yes,No,No,Warning
C360,R360,General Cargo,Yes,Yes,Yes,Yes,Yes,Restricted
C361,R361,Electronics,Yes,Yes,Yes,Yes,No,Valid
C362,R362,Electronics,No,Yes,Yes,Yes,No,Warning
C363,R363,Electronics,Yes,Yes,Yes,Yes,Yes,Restricted
C364,R364,Electronics,Yes,Yes,Yes,Yes,No,Valid
C365,R365,Electronics,Yes,No,Yes,Yes,No,Warning
C366,R366,Automotive,No,Yes,Yes,Yes,Yes,Restricted
C367,R367,Automotive,Yes,Yes,Yes,Yes,No,Valid
C368,R368,Automotive,Yes,Yes,No,Yes,No,Warning
C369,R369,Automotive,No,Yes,Yes,Yes,Yes,Restricted
C370,R370,Automotive,Yes,Yes,Yes,Yes,No,Valid
C371,R371,Machinery and Equipment,Yes,Yes,Yes,No,No,Warning
C372,R372,Machinery and Equipment,Yes,No,Yes,No,Yes,Restricted
C373,R373,Machinery and Equipment,Yes,Yes,Yes,Yes,No,Valid
C374,R374,Machinery and Equipment,No,Yes,Yes,Yes,No,Warning
C375,R375,Machinery and Equipment,No,No,Yes,No,Yes,Restricted
C376,R376,General Cargo,Yes,Yes,Yes,Yes,No,Valid
C377,R377,General Cargo,Yes,No,Yes,Yes,No,Warning
C378,R378,General Cargo,No,No,Yes,No,Yes,Restricted
C379,R379,General Cargo,Yes,Yes,Yes,Yes,No,Valid
C380,R380,General Cargo,Yes,Yes,No,Yes,No,Warning
C381,R381,Electronics,Yes,Yes,Yes,Yes,Yes,Restricted
C382,R382,Electronics,Yes,Yes,Yes,Yes,No,Valid
C383,R383,Electronics,Yes,Yes,Yes,No,No,Warning
C384,R384,Electronics,Yes,Yes,Yes,Yes,Yes,Restricted
C385,R385,Electronics,Yes,Yes,Yes,Yes,No,Valid
C386,R386,Automotive,No,Yes,Yes,Yes,No,Warning
C387,R387,Automotive,No,Yes,Yes,Yes,Yes,Restricted
C388,R388,Automotive,Yes,Yes,Yes,Yes,No,Valid
C389,R389,Automotive,Yes,No,Yes,Yes,No,Warning
C390,R390,Automotive,Yes,No,Yes,No,Yes,Restricted
C391,R391,Machinery and Equipment,Yes,Yes,Yes,Yes,No,Valid
C392,R392,Machinery and Equipment,Yes,Yes,No,Yes,No,Warning
C393,R393,Machinery and Equipment,Yes,No,Yes,No,Yes,Restricted
C394,R394,Machinery and Equipment,Yes,Yes,Yes,Yes,No,Valid
C395,R395,Machinery and Equipment,Yes,Yes,Yes,No,No,Warning
C396,R396,General Cargo,No,No,Yes,No,Yes,Restricted
C397,R397,General Cargo,Yes,Yes,Yes,Yes,No,Valid
C398,R398,General Cargo,No,Yes,Yes,Yes,No,Warning
C399,R399,General Cargo,No,No,Yes,No,Yes,Restricted
C400,R400,General Cargo,Yes,Yes,Yes,Yes,No,Valid
C401,R401,Electronics,Yes,No,Yes,Yes,No,Warning
C402,R402,Electronics,Yes,Yes,Yes,Yes,Yes,Restricted
C403,R403,Electronics,Yes,Yes,Yes,Yes,No,Valid
C404,R404,Electronics,Yes,Yes,No,Yes,No,Warning
C405,R405,Electronics,No,Yes,Yes,Yes,Yes,Restricted
C406,R406,Automotive,Yes,Yes,Yes,Yes,No,Valid
C407,R407,Automotive,Yes,Yes,Yes,No,No,Warning
C408,R408,Automotive,No,Yes,Yes,Yes,Yes,Restricted
C409,R409,Automotive,Yes,Yes,Yes,Yes,No,Valid
C410,R410,Automotive,No,Yes,Yes,Yes,No,Warning
C411,R411,Machinery and Equipment,Yes,No,Yes,No,Yes,Restricted
C412,R412,Machinery and Equipment,Yes,Yes,Yes,Yes,No,Valid
C413,R413,Machinery and Equipment,Yes,No,Yes,Yes,No,Warning
C414,R414,Machinery and Equipment,Yes,No,Yes,No,Yes,Restricted
C415,R415,Machinery and Equipment,Yes,Yes,Yes,Yes,No,Valid
C416,R416,General Cargo,Yes,Yes,No,Yes,No,Warning
C417,R417,General Cargo,No,No,Yes,No,Yes,Restricted
C418,R418,General Cargo,Yes,Yes,Yes,Yes,No,Valid
C419,R419,General Cargo,Yes,Yes,Yes,No,No,Warning
C420,R420,General Cargo,Yes,Yes,Yes,Yes,Yes,Restricted
C421,R421,Electronics,Yes,Yes,Yes,Yes,No,Valid
C422,R422,Electronics,No,Yes,Yes,Yes,No,Warning
C423,R423,Electronics,Yes,Yes,Yes,Yes,Yes,Restricted
C424,R424,Electronics,Yes,Yes,Yes,Yes,No,Valid
C425,R425,Electronics,Yes,No,Yes,Yes,No,Warning
C426,R426,Automotive,No,Yes,Yes,Yes,Yes,Restricted
C427,R427,Automotive,Yes,Yes,Yes,Yes,No,Valid
C428,R428,Automotive,Yes,Yes,No,Yes,No,Warning
C429,R429,Automotive,No,Yes,Yes,Yes,Yes,Restricted
C430,R430,Automotive,Yes,Yes,Yes,Yes,No,Valid
C431,R431,Machinery and Equipment,Yes,Yes,Yes,No,No,Warning
C432,R432,Machinery and Equipment,Yes,No,Yes,No,Yes,Restricted
C433,R433,Machinery and Equipment,Yes,Yes,Yes,Yes,No,Valid
C434,R434,Machinery and Equipment,No,Yes,Yes,Yes,No,Warning
C435,R435,Machinery and Equipment,No,No,Yes,No,Yes,Restricted
C436,R436,General Cargo,Yes,Yes,Yes,Yes,No,Valid
C437,R437,General Cargo,Yes,No,Yes,Yes,No,Warning
C438,R438,General Cargo,No,No,Yes,No,Yes,Restricted
C439,R439,General Cargo,Yes,Yes,Yes,Yes,No,Valid
C440,R440,General Cargo,Yes,Yes,No,Yes,No,Warning
C441,R441,Electronics,Yes,Yes,Yes,Yes,Yes,Restricted
C442,R442,Electronics,Yes,Yes,Yes,Yes,No,Valid
C443,R443,Electronics,Yes,Yes,Yes,No,No,Warning
C444,R444,Electronics,Yes,Yes,Yes,Yes,Yes,Restricted
C445,R445,Electronics,Yes,Yes,Yes,Yes,No,Valid
C446,R446,Automotive,No,Yes,Yes,Yes,No,Warning
C447,R447,Automotive,No,Yes,Yes,Yes,Yes,Restricted
C448,R448,Automotive,Yes,Yes,Yes,Yes,No,Valid
C449,R449,Automotive,Yes,No,Yes,Yes,No,Warning
C450,R450,Automotive,Yes,No,Yes,No,Yes,Restricted
C451,R451,Machinery and Equipment,Yes,Yes,Yes,Yes,No,Valid
C452,R452,Machinery and Equipment,Yes,Yes,No,Yes,No,Warning
C453,R453,Machinery and Equipment,Yes,No,Yes,No,Yes,Restricted
C454,R454,Machinery and Equipment,Yes,Yes,Yes,Yes,No,Valid
C455,R455,Machinery and Equipment,Yes,Yes,Yes,No,No,Warning
C456,R456,General Cargo,No,No,Yes,No,Yes,Restricted
C457,R457,General Cargo,Yes,Yes,Yes,Yes,No,Valid
C458,R458,General Cargo,No,Yes,Yes,Yes,No,Warning
C459,R459,General Cargo,No,No,Yes,No,Yes,Restricted
C460,R460,General Cargo,Yes,Yes,Yes,Yes,No,Valid
C461,R461,Electronics,Yes,No,Yes,Yes,No,Warning
C462,R462,Electronics,Yes,Yes,Yes,Yes,Yes,Restricted
C463,R463,Electronics,Yes,Yes,Yes,Yes,No,Valid
C464,R464,Electronics,Yes,Yes,No,Yes,No,Warning
C465,R465,Electronics,No,Yes,Yes,Yes,Yes,Restricted
C466,R466,Automotive,Yes,Yes,Yes,Yes,No,Valid
C467,R467,Automotive,Yes,Yes,Yes,No,No,Warning
C468,R468,Automotive,No,Yes,Yes,Yes,Yes,Restricted
C469,R469,Automotive,Yes,Yes,Yes,Yes,No,Valid
C470,R470,Automotive,No,Yes,Yes,Yes,No,Warning
C471,R471,Machinery and Equipment,Yes,No,Yes,No,Yes,Restricted
C472,R472,Machinery and Equipment,Yes,Yes,Yes,Yes,No,Valid
C473,R473,Machinery and Equipment,Yes,No,Yes,Yes,No,Warning
C474,R474,Machinery and Equipment,Yes,No,Yes,No,Yes,Restricted
C475,R475,Machinery and Equipment,Yes,Yes,Yes,Yes,No,Valid
C476,R476,General Cargo,Yes,Yes,No,Yes,No,Warning
C477,R477,General Cargo,No,No,Yes,No,Yes,Restricted
C478,R478,General Cargo,Yes,Yes,Yes,Yes,No,Valid
C479,R479,General Cargo,Yes,Yes,Yes,No,No,Warning
C480,R480,General Cargo,Yes,Yes,Yes,Yes,Yes,Restricted
C481,R481,Electronics,Yes,Yes,Yes,Yes,No,Valid
C482,R482,Electronics,No,Yes,Yes,Yes,No,Warning
C483,R483,Electronics,Yes,Yes,Yes,Yes,Yes,Restricted
C484,R484,Electronics,Yes,Yes,Yes,Yes,No,Valid
C485,R485,Electronics,Yes,No,Yes,Yes,No,Warning
C486,R486,Automotive,No,Yes,Yes,Yes,Yes,Restricted
C487,R487,Automotive,Yes,Yes,Yes,Yes,No,Valid
C488,R488,Automotive,Yes,Yes,No,Yes,No,Warning
C489,R489,Automotive,No,Yes,Yes,Yes,Yes,Restricted
C490,R490,Automotive,Yes,Yes,Yes,Yes,No,Valid
C491,R491,Machinery and Equipment,Yes,Yes,Yes,No,No,Warning
C492,R492,Machinery and Equipment,Yes,No,Yes,No,Yes,Restricted
C493,R493,Machinery and Equipment,Yes,Yes,Yes,Yes,No,Valid
C494,R494,Machinery and Equipment,No,Yes,Yes,Yes,No,Warning
C495,R495,Machinery and Equipment,No,No,Yes,No,Yes,Restricted
C496,R496,General Cargo,Yes,Yes,Yes,Yes,No,Valid
C497,R497,General Cargo,Yes,No,Yes,Yes,No,Warning
C498,R498,General Cargo,No,No,Yes,No,Yes,Restricted
C499,R499,General Cargo,Yes,Yes,Yes,Yes,No,Valid
C500,R500,General Cargo,Yes,Yes,No,Yes,No,Warning
C501,R501,Electronics,Yes,Yes,Yes,Yes,Yes,Restricted
C502,R502,Electronics,Yes,No,Yes,Yes,Yes,Restricted
C503,R503,Electronics,Yes,Yes,Yes,Yes,No,Warning
C504,R504,Electronics,No,Yes,No,Yes,No,Valid
C505,R505,Electronics,Yes,No,No,Yes,No,Warning
C506,R506,Automotive,No,Yes,Yes,No,Yes,Restricted
C507,R507,Automotive,No,No,No,Yes,No,Valid
C508,R508,Automotive,No,Yes,Yes,Yes,Yes,Restricted
C509,R509,Automotive,Yes,Yes,Yes,Yes,No,Valid
C510,R510,Automotive,Yes,Yes,Yes,Yes,No,Valid
C511,R511,Machinery and Equipment,Yes,Yes,Yes,Yes,No,Warning
C512,R512,Machinery and Equipment,No,Yes,Yes,Yes,No,Warning
C513,R513,Machinery and Equipment,Yes,Yes,Yes,No,No,Warning
C514,R514,Machinery and Equipment,No,Yes,Yes,No,No,Warning
C515,R515,Machinery and Equipment,Yes,No,Yes,Yes,No,Valid
C516,R516,General Cargo,No,Yes,Yes,Yes,No,Valid
C517,R517,General Cargo,No,Yes,Yes,No,No,Warning
C518,R518,General Cargo,Yes,No,Yes,No,No,Valid
C519,R519,General Cargo,Yes,Yes,Yes,Yes,Yes,Restricted
C520,R520,General Cargo,No,Yes,Yes,Yes,No,Warning
C521,R521,Electronics,Yes,Yes,Yes,Yes,No,Warning
C522,R522,Electronics,Yes,No,No,Yes,Yes,Restricted
C523,R523,Electronics,Yes,Yes,Yes,Yes,Yes,Restricted
C524,R524,Electronics,Yes,Yes,Yes,Yes,No,Warning
C525,R525,Electronics,Yes,Yes,Yes,Yes,No,Warning
C526,R526,Automotive,Yes,Yes,Yes,Yes,Yes,Restricted
C527,R527,Automotive,Yes,Yes,Yes,No,No,Warning
C528,R528,Automotive,Yes,Yes,Yes,Yes,No,Valid
C529,R529,Automotive,Yes,Yes,Yes,No,No,Warning
C530,R530,Automotive,Yes,Yes,Yes,Yes,No,Warning
C531,R531,Machinery and Equipment,No,Yes,Yes,Yes,Yes,Restricted
C532,R532,Machinery and Equipment,Yes,Yes,Yes,Yes,No,Warning
C533,R533,Machinery and Equipment,Yes,Yes,Yes,Yes,No,Warning
C534,R534,Machinery and Equipment,Yes,No,Yes,Yes,No,Valid
C535,R535,Machinery and Equipment,Yes,Yes,No,Yes,Yes,Restricted
C536,R536,General Cargo,Yes,Yes,Yes,Yes,Yes,Restricted
C537,R537,General Cargo,Yes,Yes,Yes,No,No,Warning
C538,R538,General Cargo,Yes,No,Yes,Yes,No,Warning
C539,R539,General Cargo,Yes,Yes,Yes,No,Yes,Restricted
C540,R540,General Cargo,Yes,No,Yes,Yes,Yes,Restricted
C541,R541,Electronics,No,No,Yes,No,No,Valid
C542,R542,Electronics,Yes,No,Yes,Yes,No,Warning
C543,R543,Electronics,Yes,No,Yes,Yes,No,Valid
C544,R544,Electronics,Yes,Yes,Yes,Yes,Yes,Restricted
C545,R545,Electronics,Yes,No,Yes,Yes,No,Valid
C546,R546,Automotive,Yes,Yes,Yes,No,Yes,Restricted
C547,R547,Automotive,No,Yes,Yes,Yes,Yes,Restricted
C548,R548,Automotive,Yes,Yes,Yes,No,No,Warning
C549,R549,Automotive,Yes,Yes,Yes,No,No,Warning
C550,R550,Automotive,No,Yes,Yes,Yes,No,Valid
C551,R551,Machinery and Equipment,Yes,Yes,Yes,Yes,No,Valid
C552,R552,Machinery and Equipment,Yes,Yes,Yes,Yes,No,Warning
C553,R553,Machinery and Equipment,Yes,Yes,Yes,Yes,No,Warning
C554,R554,Machinery and Equipment,No,No,Yes,Yes,No,Valid
C555,R555,Machinery and Equipment,Yes,Yes,Yes,Yes,No,Valid
C556,R556,General Cargo,Yes,Yes,Yes,No,Yes,Restricted
C557,R557,General Cargo,Yes,Yes,Yes,Yes,No,Warning
C558,R558,General Cargo,Yes,Yes,Yes,Yes,No,Valid
C559,R559,General Cargo,Yes,No,Yes,Yes,No,Valid
C560,R560,General Cargo,Yes,Yes,Yes,Yes,No,Warning
C561,R561,Electronics,Yes,No,Yes,Yes,No,Valid
C562,R562,Electronics,Yes,Yes,Yes,Yes,No,Valid
C563,R563,Electronics,Yes,Yes,No,Yes,No,Valid
C564,R564,Electronics,Yes,No,Yes,Yes,No,Warning
C565,R565,Electronics,Yes,No,Yes,Yes,Yes,Restricted
C566,R566,Automotive,Yes,Yes,Yes,Yes,Yes,Restricted
C567,R567,Automotive,Yes,No,No,Yes,No,Valid
C568,R568,Automotive,Yes,Yes,Yes,Yes,No,Valid
C569,R569,Automotive,Yes,Yes,No,Yes,No,Warning
C570,R570,Automotive,Yes,No,Yes,Yes,Yes,Restricted
C571,R571,Machinery and Equipment,Yes,No,Yes,Yes,Yes,Restricted
C572,R572,Machinery and Equipment,Yes,No,Yes,Yes,Yes,Restricted
C573,R573,Machinery and Equipment,Yes,No,Yes,No,No,Warning
C574,R574,Machinery and Equipment,No,Yes,Yes,No,No,Warning
C575,R575,Machinery and Equipment,Yes,Yes,Yes,Yes,No,Warning
C576,R576,General Cargo,No,Yes,Yes,Yes,No,Valid
C577,R577,General Cargo,Yes,Yes,Yes,Yes,No,Valid
C578,R578,General Cargo,Yes,Yes,Yes,Yes,Yes,Restricted
C579,R579,General Cargo,Yes,Yes,Yes,Yes,Yes,Restricted
C580,R580,General Cargo,Yes,Yes,Yes,No,Yes,Restricted
C581,R581,Electronics,No,Yes,Yes,Yes,Yes,Restricted
C582,R582,Electronics,Yes,Yes,Yes,Yes,No,Valid
C583,R583,Electronics,Yes,Yes,Yes,Yes,Yes,Restricted
C584,R584,Electronics,Yes,Yes,Yes,Yes,No,Warning
C585,R585,Electronics,No,Yes,No,Yes,No,Valid
C586,R586,Automotive,Yes,No,Yes,No,No,Valid
C587,R587,Automotive,Yes,Yes,Yes,Yes,No,Warning
C588,R588,Automotive,Yes,Yes,Yes,Yes,No,Warning
C589,R589,Automotive,Yes,Yes,Yes,Yes,No,Valid
C590,R590,Automotive,Yes,Yes,Yes,Yes,Yes,Restricted
C591,R591,Machinery and Equipment,Yes,Yes,Yes,No,No,Warning
C592,R592,Machinery and Equipment,No,No,Yes,Yes,No,Warning
C593,R593,Machinery and Equipment,No,Yes,Yes,Yes,No,Valid
C594,R594,Machinery and Equipment,Yes,Yes,Yes,Yes,No,Warning
C595,R595,Machinery and Equipment,Yes,Yes,Yes,No,Yes,Restricted
C596,R596,General Cargo,Yes,Yes,Yes,Yes,Yes,Restricted
C597,R597,General Cargo,Yes,Yes,Yes,Yes,No,Warning
C598,R598,General Cargo,Yes,No,Yes,Yes,Yes,Restricted
C599,R599,General Cargo,No,Yes,Yes,Yes,Yes,Restricted
C600,R600,General Cargo,Yes,No,Yes,Yes,Yes,Restricted
C601,R601,Electronics,No,Yes,No,Yes,Yes,Restricted
C602,R602,Electronics,Yes,Yes,Yes,Yes,No,Valid
C603,R603,Electronics,Yes,Yes,Yes,Yes,No,Valid
C604,R604,Electronics,Yes,No,No,No,Yes,Restricted
C605,R605,Electronics,Yes,Yes,No,Yes,No,Warning
C606,R606,Automotive,No,Yes,Yes,Yes,No,Valid
C607,R607,Automotive,Yes,Yes,Yes,Yes,Yes,Restricted
C608,R608,Automotive,No,No,Yes,Yes,Yes,Restricted
C609,R609,Automotive,No,No,Yes,Yes,Yes,Restricted
C610,R610,Automotive,Yes,Yes,No,Yes,No,Valid
C611,R611,Machinery and Equipment,Yes,No,No,Yes,No,Valid
C612,R612,Machinery and Equipment,No,Yes,No,No,Yes,Restricted
C613,R613,Machinery and Equipment,Yes,Yes,Yes,Yes,No,Warning
C614,R614,Machinery and Equipment,No,Yes,Yes,Yes,No,Valid
C615,R615,Machinery and Equipment,No,Yes,Yes,Yes,No,Warning
C616,R616,General Cargo,Yes,Yes,Yes,Yes,No,Warning
C617,R617,General Cargo,Yes,Yes,Yes,Yes,No,Warning
C618,R618,General Cargo,No,Yes,No,Yes,Yes,Restricted
C619,R619,General Cargo,Yes,Yes,No,Yes,No,Warning
C620,R620,General Cargo,Yes,Yes,Yes,Yes,Yes,Restricted
C621,R621,Electronics,Yes,Yes,No,No,No,Valid
C622,R622,Electronics,Yes,Yes,Yes,Yes,No,Valid
C623,R623,Electronics,Yes,Yes,Yes,No,No,Valid
C624,R624,Electronics,Yes,No,Yes,No,No,Warning
C625,R625,Electronics,Yes,No,Yes,Yes,Yes,Restricted
C626,R626,Automotive,Yes,Yes,Yes,Yes,No,Warning
C627,R627,Automotive,Yes,Yes,Yes,Yes,No,Valid
C628,R628,Automotive,Yes,No,Yes,No,No,Warning
C629,R629,Automotive,Yes,Yes,Yes,Yes,No,Valid
C630,R630,Automotive,No,Yes,Yes,Yes,No,Warning
C631,R631,Machinery and Equipment,No,Yes,No,No,Yes,Restricted
C632,R632,Machinery and Equipment,Yes,Yes,Yes,Yes,Yes,Restricted
C633,R633,Machinery and Equipment,Yes,Yes,Yes,Yes,Yes,Restricted
C634,R634,Machinery and Equipment,Yes,No,Yes,Yes,Yes,Restricted
C635,R635,Machinery and Equipment,No,Yes,Yes,Yes,Yes,Restricted
C636,R636,General Cargo,Yes,Yes,Yes,No,No,Valid
C637,R637,General Cargo,No,Yes,Yes,Yes,No,Valid
C638,R638,General Cargo,Yes,No,No,No,Yes,Restricted
C639,R639,General Cargo,Yes,Yes,Yes,Yes,No,Warning
C640,R640,General Cargo,Yes,No,Yes,No,No,Warning
C641,R641,Electronics,Yes,Yes,Yes,Yes,Yes,Restricted
C642,R642,Electronics,Yes,Yes,No,No,Yes,Restricted
C643,R643,Electronics,Yes,Yes,Yes,Yes,No,Warning
C644,R644,Electronics,No,Yes,Yes,No,No,Valid
C645,R645,Electronics,Yes,Yes,Yes,No,No,Warning
C646,R646,Automotive,Yes,Yes,Yes,Yes,No,Warning
C647,R647,Automotive,No,Yes,No,Yes,No,Warning
C648,R648,Automotive,Yes,No,Yes,Yes,Yes,Restricted
C649,R649,Automotive,No,Yes,Yes,Yes,No,Warning
C650,R650,Automotive,Yes,No,Yes,Yes,No,Valid
C651,R651,Machinery and Equipment,Yes,Yes,No,No,No,Warning
C652,R652,Machinery and Equipment,No,Yes,No,Yes,No,Valid
C653,R653,Machinery and Equipment,Yes,Yes,Yes,No,Yes,Restricted
C654,R654,Machinery and Equipment,No,Yes,Yes,Yes,No,Valid
C655,R655,Machinery and Equipment,Yes,Yes,Yes,Yes,No,Warning
C656,R656,General Cargo,Yes,Yes,Yes,Yes,No,Valid
C657,R657,General Cargo,Yes,Yes,Yes,No,No,Warning
C658,R658,General Cargo,Yes,Yes,No,No,No,Valid
C659,R659,General Cargo,Yes,Yes,Yes,Yes,No,Warning
C660,R660,General Cargo,No,Yes,No,No,Yes,Restricted
C661,R661,Electronics,Yes,Yes,Yes,Yes,No,Valid
C662,R662,Electronics,Yes,Yes,Yes,No,Yes,Restricted
C663,R663,Electronics,No,Yes,Yes,Yes,Yes,Restricted
C664,R664,Electronics,Yes,Yes,Yes,No,No,Valid
C665,R665,Electronics,No,Yes,Yes,Yes,Yes,Restricted
C666,R666,Automotive,No,Yes,Yes,No,No,Warning
C667,R667,Automotive,Yes,No,Yes,Yes,No,Warning
C668,R668,Automotive,No,Yes,Yes,Yes,No,Warning
C669,R669,Automotive,No,Yes,Yes,No,No,Warning
C670,R670,Automotive,Yes,Yes,No,Yes,No,Warning
C671,R671,Machinery and Equipment,No,No,Yes,Yes,Yes,Restricted
C672,R672,Machinery and Equipment,Yes,Yes,Yes,Yes,No,Valid
C673,R673,Machinery and Equipment,Yes,No,Yes,Yes,Yes,Restricted
C674,R674,Machinery and Equipment,Yes,Yes,Yes,Yes,No,Valid
C675,R675,Machinery and Equipment,Yes,Yes,Yes,No,No,Warning
C676,R676,General Cargo,Yes,Yes,Yes,No,Yes,Restricted
C677,R677,General Cargo,Yes,Yes,Yes,Yes,No,Warning
C678,R678,General Cargo,Yes,Yes,Yes,Yes,No,Warning
C679,R679,General Cargo,Yes,Yes,Yes,No,No,Warning
C680,R680,General Cargo,Yes,No,Yes,Yes,No,Warning
C681,R681,Electronics,Yes,Yes,Yes,Yes,No,Valid
C682,R682,Electronics,Yes,Yes,Yes,Yes,No,Warning
C683,R683,Electronics,No,Yes,Yes,No,Yes,Restricted
C684,R684,Electronics,Yes,Yes,Yes,Yes,No,Valid
C685,R685,Electronics,Yes,No,Yes,Yes,No,Valid
C686,R686,Automotive,Yes,Yes,No,Yes,No,Warning
C687,R687,Automotive,No,Yes,Yes,Yes,Yes,Restricted
C688,R688,Automotive,No,No,Yes,Yes,Yes,Restricted
C689,R689,Automotive,Yes,Yes,Yes,No,No,Warning
C690,R690,Automotive,Yes,Yes,Yes,Yes,Yes,Restricted
C691,R691,Machinery and Equipment,Yes,Yes,Yes,Yes,No,Warning
C692,R692,Machinery and Equipment,No,No,Yes,Yes,No,Warning
C693,R693,Machinery and Equipment,Yes,Yes,Yes,Yes,Yes,Restricted
C694,R694,Machinery and Equipment,Yes,Yes,Yes,Yes,Yes,Restricted
C695,R695,Machinery and Equipment,Yes,Yes,Yes,Yes,No,Valid
C696,R696,General Cargo,Yes,Yes,Yes,Yes,No,Valid
C697,R697,General Cargo,Yes,Yes,Yes,Yes,No,Warning
C698,R698,General Cargo,Yes,Yes,Yes,Yes,No,Valid
C699,R699,General Cargo,Yes,Yes,Yes,Yes,No,Valid
C700,R700,General Cargo,Yes,Yes,Yes,Yes,No,Valid
C701,R701,Electronics,Yes,Yes,Yes,No,No,Valid
C702,R702,Electronics,Yes,No,Yes,Yes,Yes,Restricted
C703,R703,Electronics,No,No,Yes,Yes,No,Warning
C704,R704,Electronics,Yes,Yes,Yes,Yes,No,Warning
C705,R705,Electronics,Yes,Yes,No,Yes,Yes,Restricted
C706,R706,Automotive,No,Yes,Yes,Yes,Yes,Restricted
C707,R707,Automotive,Yes,No,Yes,Yes,No,Warning
C708,R708,Automotive,Yes,No,Yes,Yes,Yes,Restricted
C709,R709,Automotive,Yes,No,Yes,No,No,Warning
C710,R710,Automotive,Yes,Yes,Yes,Yes,No,Warning
C711,R711,Machinery and Equipment,Yes,Yes,Yes,Yes,Yes,Restricted
C712,R712,Machinery and Equipment,Yes,Yes,Yes,Yes,No,Warning
C713,R713,Machinery and Equipment,Yes,No,Yes,No,No,Warning
C714,R714,Machinery and Equipment,Yes,Yes,Yes,No,No,Valid
C715,R715,Machinery and Equipment,No,No,Yes,Yes,Yes,Restricted
C716,R716,General Cargo,Yes,Yes,Yes,No,Yes,Restricted
C717,R717,General Cargo,No,No,Yes,Yes,Yes,Restricted
C718,R718,General Cargo,No,Yes,Yes,No,No,Valid
C719,R719,General Cargo,Yes,Yes,Yes,Yes,No,Valid
C720,R720,General Cargo,Yes,No,Yes,Yes,No,Warning
C721,R721,Electronics,Yes,Yes,Yes,Yes,No,Valid
C722,R722,Electronics,No,No,Yes,Yes,Yes,Restricted
C723,R723,Electronics,Yes,No,Yes,Yes,Yes,Restricted
C724,R724,Electronics,Yes,Yes,Yes,Yes,Yes,Restricted
C725,R725,Electronics,Yes,No,Yes,Yes,No,Warning
C726,R726,Automotive,Yes,Yes,Yes,Yes,No,Warning
C727,R727,Automotive,Yes,Yes,Yes,No,No,Warning
C728,R728,Automotive,Yes,Yes,Yes,No,Yes,Restricted
C729,R729,Automotive,Yes,No,Yes,No,Yes,Restricted
C730,R730,Automotive,Yes,Yes,Yes,Yes,No,Warning
C731,R731,Machinery and Equipment,No,No,Yes,Yes,No,Valid
C732,R732,Machinery and Equipment,Yes,No,Yes,No,No,Warning
C733,R733,Machinery and Equipment,Yes,Yes,Yes,Yes,No,Warning
C734,R734,Machinery and Equipment,Yes,Yes,Yes,Yes,Yes,Restricted
C735,R735,Machinery and Equipment,Yes,Yes,Yes,Yes,No,Valid
C736,R736,General Cargo,Yes,Yes,Yes,No,No,Warning
C737,R737,General Cargo,Yes,Yes,Yes,Yes,No,Valid
C738,R738,General Cargo,Yes,Yes,Yes,Yes,No,Warning
C739,R739,General Cargo,Yes,Yes,Yes,Yes,No,Valid
C740,R740,General Cargo,Yes,Yes,No,Yes,Yes,Restricted
C741,R741,Electronics,Yes,Yes,Yes,Yes,No,Valid
C742,R742,Electronics,Yes,Yes,No,Yes,No,Valid
C743,R743,Electronics,Yes,Yes,Yes,Yes,No,Warning
C744,R744,Electronics,Yes,Yes,Yes,Yes,No,Valid
C745,R745,Electronics,Yes,No,Yes,Yes,No,Warning
C746,R746,Automotive,No,Yes,Yes,Yes,No,Warning
C747,R747,Automotive,No,Yes,Yes,Yes,No,Valid
C748,R748,Automotive,Yes,Yes,Yes,Yes,No,Valid
C749,R749,Automotive,Yes,Yes,Yes,No,No,Valid
C750,R750,Automotive,No,Yes,Yes,Yes,No,Valid
C751,R751,Machinery and Equipment,Yes,Yes,Yes,No,No,Valid
C752,R752,Machinery and Equipment,Yes,Yes,Yes,Yes,No,Valid
C753,R753,Machinery and Equipment,No,Yes,Yes,Yes,No,Warning
C754,R754,Machinery and Equipment,Yes,Yes,Yes,No,No,Valid
C755,R755,Machinery and Equipment,No,Yes,Yes,No,No,Warning
C756,R756,General Cargo,No,Yes,Yes,Yes,Yes,Restricted
C757,R757,General Cargo,No,Yes,Yes,Yes,No,Valid
C758,R758,General Cargo,No,Yes,Yes,Yes,Yes,Restricted
C759,R759,General Cargo,No,No,Yes,Yes,No,Valid
C760,R760,General Cargo,Yes,Yes,Yes,Yes,Yes,Restricted
C761,R761,Electronics,Yes,Yes,Yes,Yes,No,Warning
C762,R762,Electronics,Yes,Yes,Yes,No,Yes,Restricted
C763,R763,Electronics,Yes,Yes,No,Yes,No,Warning
C764,R764,Electronics,Yes,Yes,Yes,Yes,Yes,Restricted
C765,R765,Electronics,No,Yes,Yes,No,No,Warning
C766,R766,Automotive,No,Yes,Yes,Yes,Yes,Restricted
C767,R767,Automotive,Yes,Yes,Yes,No,Yes,Restricted
C768,R768,Automotive,Yes,Yes,Yes,No,No,Warning
C769,R769,Automotive,Yes,Yes,Yes,Yes,Yes,Restricted
C770,R770,Automotive,Yes,Yes,Yes,No,Yes,Restricted
C771,R771,Machinery and Equipment,Yes,Yes,Yes,Yes,No,Valid
C772,R772,Machinery and Equipment,No,Yes,Yes,No,No,Valid
C773,R773,Machinery and Equipment,Yes,Yes,Yes,Yes,No,Warning
C774,R774,Machinery and Equipment,No,No,Yes,Yes,No,Valid
C775,R775,Machinery and Equipment,Yes,Yes,Yes,Yes,No,Warning
C776,R776,General Cargo,Yes,Yes,Yes,Yes,No,Valid
C777,R777,General Cargo,No,Yes,Yes,Yes,No,Warning
C778,R778,General Cargo,Yes,Yes,Yes,No,No,Warning
C779,R779,General Cargo,Yes,Yes,Yes,Yes,No,Warning
C780,R780,General Cargo,Yes,Yes,Yes,Yes,Yes,Restricted
C781,R781,Electronics,Yes,Yes,Yes,Yes,Yes,Restricted
C782,R782,Electronics,Yes,Yes,Yes,Yes,No,Warning
C783,R783,Electronics,Yes,Yes,No,No,No,Warning
C784,R784,Electronics,No,No,Yes,Yes,No,Warning
C785,R785,Electronics,Yes,Yes,Yes,Yes,No,Warning
C786,R786,Automotive,Yes,Yes,Yes,Yes,No,Valid
C787,R787,Automotive,Yes,Yes,No,Yes,No,Valid
C788,R788,Automotive,Yes,Yes,Yes,Yes,Yes,Restricted
C789,R789,Automotive,Yes,Yes,Yes,No,Yes,Restricted
C790,R790,Automotive,No,Yes,Yes,Yes,No,Warning
C791,R791,Machinery and Equipment,Yes,Yes,Yes,Yes,No,Valid
C792,R792,Machinery and Equipment,Yes,Yes,Yes,Yes,No,Warning
C793,R793,Machinery and Equipment,Yes,Yes,Yes,Yes,Yes,Restricted
C794,R794,Machinery and Equipment,Yes,No,Yes,Yes,No,Valid
C795,R795,Machinery and Equipment,Yes,Yes,Yes,Yes,No,Warning
C796,R796,General Cargo,Yes,Yes,No,No,Yes,Restricted
C797,R797,General Cargo,Yes,Yes,Yes,Yes,No,Warning
C798,R798,General Cargo,Yes,Yes,Yes,Yes,No,Warning
C799,R799,General Cargo,Yes,Yes,Yes,Yes,Yes,Restricted
C800,R800,General Cargo,Yes,No,Yes,No,No,Valid
C801,R801,Electronics,Yes,Yes,Yes,No,No,Warning
C802,R802,Electronics,Yes,Yes,Yes,Yes,Yes,Restricted
C803,R803,Electronics,Yes,Yes,Yes,Yes,No,Valid
C804,R804,Electronics,Yes,No,Yes,Yes,No,Valid
C805,R805,Electronics,Yes,Yes,No,Yes,No,Warning
C806,R806,Automotive,No,Yes,Yes,Yes,Yes,Restricted
C807,R807,Automotive,Yes,Yes,Yes,Yes,No,Valid
C808,R808,Automotive,No,Yes,Yes,Yes,No,Warning
C809,R809,Automotive,Yes,Yes,Yes,Yes,No,Warning
C810,R810,Automotive,Yes,Yes,Yes,Yes,No,Warning
C811,R811,Machinery and Equipment,Yes,No,Yes,Yes,No,Valid
C812,R812,Machinery and Equipment,No,No,Yes,Yes,No,Warning
C813,R813,Machinery and Equipment,Yes,Yes,Yes,Yes,No,Valid
C814,R814,Machinery and Equipment,Yes,Yes,Yes,Yes,Yes,Restricted
C815,R815,Machinery and Equipment,Yes,Yes,Yes,Yes,No,Valid
C816,R816,General Cargo,Yes,Yes,No,Yes,No,Valid
C817,R817,General Cargo,Yes,No,Yes,No,Yes,Restricted
C818,R818,General Cargo,Yes,Yes,Yes,No,Yes,Restricted
C819,R819,General Cargo,Yes,No,Yes,Yes,Yes,Restricted
C820,R820,General Cargo,Yes,Yes,No,Yes,No,Valid
C821,R821,Electronics,No,No,Yes,Yes,No,Warning
C822,R822,Electronics,Yes,No,Yes,No,No,Valid
C823,R823,Electronics,Yes,Yes,Yes,Yes,No,Valid
C824,R824,Electronics,Yes,Yes,Yes,Yes,No,Valid
C825,R825,Electronics,Yes,Yes,Yes,Yes,Yes,Restricted
C826,R826,Automotive,Yes,Yes,Yes,No,No,Valid
C827,R827,Automotive,Yes,Yes,Yes,Yes,Yes,Restricted
C828,R828,Automotive,Yes,Yes,Yes,Yes,No,Warning
C829,R829,Automotive,Yes,No,No,No,No,Warning
C830,R830,Automotive,Yes,Yes,No,Yes,No,Warning
C831,R831,Machinery and Equipment,Yes,No,Yes,Yes,No,Valid
C832,R832,Machinery and Equipment,Yes,No,Yes,Yes,No,Warning
C833,R833,Machinery and Equipment,Yes,Yes,Yes,Yes,No,Valid
C834,R834,Machinery and Equipment,No,Yes,No,Yes,Yes,Restricted
C835,R835,Machinery and Equipment,Yes,Yes,Yes,Yes,No,Valid
C836,R836,General Cargo,Yes,Yes,Yes,No,No,Valid
C837,R837,General Cargo,Yes,Yes,Yes,Yes,No,Warning
C838,R838,General Cargo,Yes,No,Yes,No,Yes,Restricted
C839,R839,General Cargo,Yes,No,Yes,No,No,Warning
C840,R840,General Cargo,Yes,No,Yes,Yes,No,Warning
C841,R841,Electronics,No,Yes,No,Yes,Yes,Restricted
C842,R842,Electronics,Yes,No,No,No,Yes,Restricted
C843,R843,Electronics,Yes,Yes,Yes,Yes,No,Warning
C844,R844,Electronics,Yes,Yes,Yes,Yes,No,Valid
C845,R845,Electronics,Yes,Yes,Yes,No,No,Valid
C846,R846,Automotive,Yes,Yes,Yes,Yes,No,Valid
C847,R847,Automotive,Yes,Yes,Yes,Yes,Yes,Restricted
C848,R848,Automotive,Yes,Yes,Yes,Yes,No,Warning
C849,R849,Automotive,Yes,Yes,Yes,Yes,Yes,Restricted
C850,R850,Automotive,Yes,Yes,Yes,No,Yes,Restricted
C851,R851,Machinery and Equipment,Yes,Yes,Yes,Yes,No,Warning
C852,R852,Machinery and Equipment,Yes,No,Yes,No,No,Valid
C853,R853,Machinery and Equipment,Yes,No,Yes,Yes,No,Valid
C854,R854,Machinery and Equipment,Yes,Yes,Yes,Yes,No,Warning
C855,R855,Machinery and Equipment,Yes,Yes,Yes,Yes,No,Valid
C856,R856,General Cargo,No,Yes,Yes,Yes,Yes,Restricted
C857,R857,General Cargo,Yes,No,Yes,Yes,No,Warning
C858,R858,General Cargo,Yes,No,Yes,Yes,Yes,Restricted
C859,R859,General Cargo,Yes,No,Yes,No,No,Valid
C860,R860,General Cargo,Yes,Yes,Yes,Yes,No,Valid
C861,R861,Electronics,Yes,No,Yes,Yes,No,Valid
C862,R862,Electronics,Yes,Yes,Yes,Yes,Yes,Restricted
C863,R863,Electronics,No,Yes,Yes,Yes,No,Warning
C864,R864,Electronics,Yes,No,Yes,Yes,No,Valid
C865,R865,Electronics,No,Yes,Yes,No,Yes,Restricted
C866,R866,Automotive,Yes,Yes,Yes,No,No,Valid
C867,R867,Automotive,Yes,No,Yes,Yes,No,Warning
C868,R868,Automotive,Yes,No,Yes,Yes,No,Valid
C869,R869,Automotive,Yes,Yes,Yes,Yes,No,Warning
C870,R870,Automotive,Yes,Yes,Yes,Yes,No,Valid
C871,R871,Machinery and Equipment,No,Yes,Yes,Yes,No,Valid
C872,R872,Machinery and Equipment,Yes,Yes,Yes,Yes,No,Warning
C873,R873,Machinery and Equipment,No,Yes,Yes,Yes,Yes,Restricted
C874,R874,Machinery and Equipment,No,Yes,Yes,Yes,No,Valid
C875,R875,Machinery and Equipment,No,Yes,Yes,No,No,Valid
C876,R876,General Cargo,No,Yes,Yes,No,No,Warning
C877,R877,General Cargo,Yes,Yes,Yes,Yes,No,Valid
C878,R878,General Cargo,Yes,Yes,Yes,No,No,Warning
C879,R879,General Cargo,Yes,Yes,Yes,Yes,No,Valid
C880,R880,General Cargo,Yes,No,Yes,Yes,No,Valid
C881,R881,Electronics,Yes,Yes,Yes,No,No,Valid
C882,R882,Electronics,Yes,No,Yes,Yes,No,Warning
C883,R883,Electronics,Yes,No,Yes,Yes,Yes,Restricted
C884,R884,Electronics,Yes,Yes,Yes,Yes,No,Valid
C885,R885,Electronics,Yes,Yes,Yes,Yes,No,Valid
C886,R886,Automotive,Yes,Yes,Yes,Yes,No,Valid
C887,R887,Automotive,Yes,Yes,Yes,No,No,Warning
C888,R888,Automotive,No,Yes,No,Yes,No,Warning
C889,R889,Automotive,Yes,Yes,Yes,No,No,Warning
C890,R890,Automotive,Yes,Yes,Yes,Yes,No,Valid
C891,R891,Machinery and Equipment,No,Yes,Yes,No,No,Valid
C892,R892,Machinery and Equipment,Yes,Yes,Yes,Yes,No,Valid
C893,R893,Machinery and Equipment,Yes,No,Yes,Yes,No,Warning
C894,R894,Machinery and Equipment,Yes,Yes,Yes,Yes,No,Warning
C895,R895,Machinery and Equipment,No,Yes,Yes,Yes,No,Warning
C896,R896,General Cargo,No,Yes,Yes,Yes,No,Warning
C897,R897,General Cargo,Yes,Yes,Yes,No,Yes,Restricted
C898,R898,General Cargo,No,Yes,Yes,Yes,No,Valid
C899,R899,General Cargo,Yes,Yes,Yes,Yes,No,Warning
C900,R900,General Cargo,Yes,Yes,Yes,Yes,No,Warning
C901,R901,Electronics,Yes,Yes,Yes,Yes,No,Warning
C902,R902,Electronics,Yes,Yes,Yes,Yes,No,Warning
C903,R903,Electronics,Yes,Yes,Yes,Yes,No,Warning
C904,R904,Electronics,No,No,Yes,Yes,Yes,Restricted
C905,R905,Electronics,Yes,No,Yes,No,No,Warning
C906,R906,Automotive,No,Yes,Yes,No,No,Valid
C907,R907,Automotive,Yes,No,No,No,No,Warning
C908,R908,Automotive,Yes,Yes,Yes,Yes,Yes,Restricted
C909,R909,Automotive,Yes,No,Yes,Yes,No,Valid
C910,R910,Automotive,Yes,Yes,Yes,Yes,No,Valid
C911,R911,Machinery and Equipment,Yes,Yes,Yes,Yes,No,Valid
C912,R912,Machinery and Equipment,Yes,No,No,Yes,No,Warning
C913,R913,Machinery and Equipment,Yes,No,Yes,No,No,Valid
C914,R914,Machinery and Equipment,Yes,Yes,Yes,No,No,Warning
C915,R915,Machinery and Equipment,No,Yes,Yes,No,Yes,Restricted
C916,R916,General Cargo,Yes,No,Yes,Yes,No,Valid
C917,R917,General Cargo,Yes,Yes,No,No,No,Warning
C918,R918,General Cargo,Yes,Yes,Yes,No,No,Warning
C919,R919,General Cargo,Yes,Yes,Yes,Yes,Yes,Restricted
C920,R920,General Cargo,Yes,Yes,Yes,Yes,Yes,Restricted
C921,R921,Electronics,Yes,No,Yes,Yes,No,Warning
C922,R922,Electronics,Yes,No,Yes,No,No,Valid
C923,R923,Electronics,Yes,No,Yes,Yes,Yes,Restricted
C924,R924,Electronics,Yes,Yes,Yes,Yes,No,Valid
C925,R925,Electronics,Yes,Yes,Yes,Yes,No,Warning
C926,R926,Automotive,No,No,Yes,Yes,No,Warning
C927,R927,Automotive,Yes,Yes,Yes,Yes,No,Valid
C928,R928,Automotive,No,Yes,Yes,Yes,No,Warning
C929,R929,Automotive,Yes,Yes,Yes,Yes,No,Warning
C930,R930,Automotive,Yes,No,Yes,Yes,Yes,Restricted
C931,R931,Machinery and Equipment,No,Yes,Yes,No,No,Warning
C932,R932,Machinery and Equipment,No,Yes,Yes,Yes,No,Valid
C933,R933,Machinery and Equipment,Yes,Yes,Yes,Yes,Yes,Restricted
C934,R934,Machinery and Equipment,Yes,No,Yes,No,No,Valid
C935,R935,Machinery and Equipment,No,Yes,Yes,Yes,No,Warning
C936,R936,General Cargo,Yes,Yes,Yes,No,No,Valid
C937,R937,General Cargo,Yes,Yes,Yes,No,Yes,Restricted
C938,R938,General Cargo,Yes,No,Yes,Yes,Yes,Restricted
C939,R939,General Cargo,No,No,Yes,Yes,No,Warning
C940,R940,General Cargo,Yes,Yes,No,No,No,Warning
C941,R941,Electronics,Yes,Yes,No,Yes,No,Valid
C942,R942,Electronics,Yes,No,Yes,Yes,Yes,Restricted
C943,R943,Electronics,No,No,Yes,Yes,No,Warning
C944,R944,Electronics,Yes,Yes,Yes,Yes,No,Valid
C945,R945,Electronics,Yes,Yes,Yes,No,No,Warning
C946,R946,Automotive,Yes,Yes,Yes,Yes,Yes,Restricted
C947,R947,Automotive,No,Yes,No,No,No,Valid
C948,R948,Automotive,Yes,Yes,Yes,Yes,No,Valid
C949,R949,Automotive,Yes,No,Yes,Yes,No,Warning
C950,R950,Automotive,Yes,Yes,Yes,No,No,Warning
C951,R951,Machinery and Equipment,Yes,No,No,No,No,Warning
C952,R952,Machinery and Equipment,Yes,Yes,Yes,No,No,Valid
C953,R953,Machinery and Equipment,Yes,Yes,Yes,Yes,Yes,Restricted
C954,R954,Machinery and Equipment,No,Yes,Yes,Yes,No,Warning
C955,R955,Machinery and Equipment,No,No,Yes,Yes,No,Warning
C956,R956,General Cargo,Yes,Yes,Yes,No,No,Warning
C957,R957,General Cargo,Yes,Yes,Yes,Yes,No,Valid
C958,R958,General Cargo,No,Yes,Yes,Yes,No,Valid
C959,R959,General Cargo,No,Yes,Yes,Yes,No,Valid
C960,R960,General Cargo,Yes,No,Yes,Yes,No,Warning
C961,R961,Electronics,Yes,Yes,Yes,Yes,No,Valid
C962,R962,Electronics,Yes,Yes,Yes,Yes,No,Valid
C963,R963,Electronics,Yes,Yes,Yes,Yes,No,Valid
C964,R964,Electronics,No,Yes,No,No,Yes,Restricted
C965,R965,Electronics,Yes,Yes,Yes,No,No,Valid
C966,R966,Automotive,Yes,Yes,Yes,Yes,No,Warning
C967,R967,Automotive,Yes,Yes,Yes,No,No,Valid
C968,R968,Automotive,Yes,Yes,Yes,Yes,Yes,Restricted
C969,R969,Automotive,Yes,Yes,Yes,No,No,Warning
C970,R970,Automotive,No,No,Yes,Yes,No,Warning
C971,R971,Machinery and Equipment,No,Yes,Yes,Yes,No,Warning
C972,R972,Machinery and Equipment,No,Yes,Yes,No,No,Warning
C973,R973,Machinery and Equipment,Yes,Yes,Yes,Yes,Yes,Restricted
C974,R974,Machinery and Equipment,Yes,Yes,No,Yes,Yes,Restricted
C975,R975,Machinery and Equipment,No,Yes,Yes,No,No,Valid
C976,R976,General Cargo,Yes,No,Yes,No,Yes,Restricted
C977,R977,General Cargo,No,Yes,Yes,Yes,Yes,Restricted
C978,R978,General Cargo,Yes,Yes,Yes,Yes,No,Warning
C979,R979,General Cargo,No,Yes,Yes,Yes,No,Valid
C980,R980,General Cargo,Yes,No,No,Yes,No,Warning
C981,R981,Electronics,No,Yes,Yes,Yes,Yes,Restricted
C982,R982,Electronics,Yes,Yes,Yes,Yes,No,Warning
C983,R983,Electronics,No,Yes,Yes,No,No,Warning
C984,R984,Electronics,No,Yes,Yes,Yes,No,Warning
C985,R985,Electronics,Yes,No,Yes,Yes,Yes,Restricted
C986,R986,Automotive,Yes,Yes,Yes,Yes,No,Warning
C987,R987,Automotive,Yes,Yes,Yes,Yes,No,Valid
C988,R988,Automotive,Yes,Yes,Yes,No,No,Warning
C989,R989,Automotive,Yes,Yes,Yes,Yes,No,Warning
C990,R990,Automotive,Yes,Yes,Yes,Yes,No,Warning
C991,R991,Machinery and Equipment,No,Yes,Yes,Yes,Yes,Restricted
C992,R992,Machinery and Equipment,Yes,Yes,Yes,Yes,No,Valid
C993,R993,Machinery and Equipment,Yes,Yes,Yes,Yes,Yes,Restricted
C994,R994,Machinery and Equipment,Yes,Yes,Yes,Yes,Yes,Restricted
C995,R995,Machinery and Equipment,Yes,No,Yes,Yes,No,Valid
C996,R996,General Cargo,Yes,Yes,Yes,Yes,Yes,Restricted
C997,R997,General Cargo,Yes,No,Yes,Yes,No,Valid
C998,R998,General Cargo,Yes,Yes,Yes,Yes,No,Warning
C999,R999,General Cargo,Yes,Yes,Yes,No,No,Warning
C1000,R1000,General Cargo,Yes,Yes,Yes,Yes,No,Warning
C1001,R1001,Electronics,Yes,Yes,Yes,No,No,Valid
C1002,R1002,Electronics,Yes,No,Yes,No,No,Valid
C1003,R1003,Electronics,No,Yes,Yes,Yes,No,Warning
C1004,R1004,Electronics,Yes,Yes,Yes,No,Yes,Restricted
C1005,R1005,Electronics,Yes,Yes,Yes,Yes,No,Warning
C1006,R1006,Automotive,Yes,Yes,No,No,Yes,Restricted
C1007,R1007,Automotive,No,Yes,Yes,Yes,No,Warning
C1008,R1008,Automotive,Yes,Yes,Yes,Yes,No,Valid
C1009,R1009,Automotive,No,Yes,No,Yes,No,Warning
C1010,R1010,Automotive,Yes,No,Yes,Yes,No,Valid
C1011,R1011,Machinery and Equipment,Yes,Yes,Yes,Yes,No,Valid
C1012,R1012,Machinery and Equipment,Yes,Yes,Yes,Yes,Yes,Restricted
C1013,R1013,Machinery and Equipment,No,Yes,No,Yes,Yes,Restricted
C1014,R1014,Machinery and Equipment,No,Yes,Yes,Yes,Yes,Restricted
C1015,R1015,Machinery and Equipment,Yes,Yes,No,Yes,No,Warning
C1016,R1016,General Cargo,Yes,Yes,Yes,Yes,No,Warning
C1017,R1017,General Cargo,No,Yes,Yes,Yes,Yes,Restricted
C1018,R1018,General Cargo,Yes,Yes,Yes,No,No,Valid
C1019,R1019,General Cargo,Yes,Yes,Yes,Yes,No,Warning
C1020,R1020,General Cargo,Yes,No,Yes,Yes,Yes,Restricted
C1021,R1021,Electronics,No,Yes,Yes,Yes,No,Warning
C1022,R1022,Electronics,Yes,Yes,No,Yes,No,Valid
C1023,R1023,Electronics,Yes,Yes,No,Yes,No,Warning
C1024,R1024,Electronics,Yes,Yes,Yes,Yes,Yes,Restricted
C1025,R1025,Electronics,Yes,No,Yes,Yes,No,Valid
C1026,R1026,Automotive,Yes,No,Yes,Yes,No,Valid
C1027,R1027,Automotive,Yes,Yes,Yes,Yes,No,Valid
C1028,R1028,Automotive,No,No,Yes,Yes,No,Warning
C1029,R1029,Automotive,Yes,Yes,Yes,Yes,No,Valid
C1030,R1030,Automotive,Yes,Yes,Yes,Yes,No,Warning
C1031,R1031,Machinery and Equipment,No,No,Yes,Yes,No,Valid
C1032,R1032,Machinery and Equipment,Yes,No,Yes,No,Yes,Restricted
C1033,R1033,Machinery and Equipment,Yes,No,Yes,Yes,No,Valid
C1034,R1034,Machinery and Equipment,Yes,No,Yes,Yes,Yes,Restricted
C1035,R1035,Machinery and Equipment,Yes,No,Yes,Yes,Yes,Restricted
C1036,R1036,General Cargo,Yes,Yes,Yes,Yes,Yes,Restricted
C1037,R1037,General Cargo,No,No,Yes,Yes,No,Warning
C1038,R1038,General Cargo,Yes,Yes,Yes,Yes,No,Warning
C1039,R1039,General Cargo,Yes,No,No,Yes,No,Warning
C1040,R1040,General Cargo,Yes,No,Yes,Yes,Yes,Restricted
C1041,R1041,Electronics,Yes,Yes,Yes,Yes,No,Valid
C1042,R1042,Electronics,Yes,Yes,No,Yes,Yes,Restricted
C1043,R1043,Electronics,Yes,No,Yes,No,No,Valid
C1044,R1044,Electronics,No,Yes,Yes,Yes,Yes,Restricted
C1045,R1045,Electronics,Yes,Yes,Yes,Yes,Yes,Restricted
C1046,R1046,Automotive,Yes,No,Yes,Yes,No,Warning
C1047,R1047,Automotive,Yes,Yes,Yes,Yes,Yes,Restricted
C1048,R1048,Automotive,No,Yes,Yes,Yes,No,Valid
C1049,R1049,Automotive,Yes,Yes,Yes,Yes,No,Warning
C1050,R1050,Automotive,No,No,Yes,Yes,Yes,Restricted
C1051,R1051,Machinery and Equipment,Yes,Yes,Yes,No,No,Valid
C1052,R1052,Machinery and Equipment,No,Yes,Yes,Yes,No,Warning
C1053,R1053,Machinery and Equipment,Yes,Yes,Yes,Yes,Yes,Restricted
C1054,R1054,Machinery and Equipment,Yes,No,No,Yes,No,Warning
C1055,R1055,Machinery and Equipment,Yes,No,Yes,Yes,Yes,Restricted
C1056,R1056,General Cargo,Yes,Yes,Yes,No,No,Valid
C1057,R1057,General Cargo,Yes,Yes,Yes,No,No,Warning
C1058,R1058,General Cargo,Yes,No,Yes,Yes,Yes,Restricted
C1059,R1059,General Cargo,Yes,Yes,Yes,No,No,Valid
C1060,R1060,General Cargo,Yes,Yes,Yes,No,No,Valid
C1061,R1061,Electronics,No,Yes,Yes,Yes,No,Warning
C1062,R1062,Electronics,Yes,Yes,Yes,Yes,No,Valid
C1063,R1063,Electronics,Yes,Yes,No,Yes,No,Valid
C1064,R1064,Electronics,Yes,No,Yes,Yes,No,Valid
C1065,R1065,Electronics,Yes,No,Yes,Yes,No,Valid
C1066,R1066,Automotive,Yes,Yes,No,Yes,No,Warning
C1067,R1067,Automotive,Yes,Yes,Yes,Yes,No,Warning
C1068,R1068,Automotive,No,Yes,Yes,Yes,No,Valid
C1069,R1069,Automotive,No,No,Yes,Yes,No,Valid
C1070,R1070,Automotive,Yes,Yes,Yes,Yes,Yes,Restricted
C1071,R1071,Machinery and Equipment,No,No,Yes,Yes,No,Warning
C1072,R1072,Machinery and Equipment,Yes,Yes,Yes,Yes,Yes,Restricted
C1073,R1073,Machinery and Equipment,Yes,Yes,Yes,No,No,Valid
C1074,R1074,Machinery and Equipment,No,Yes,Yes,Yes,Yes,Restricted
C1075,R1075,Machinery and Equipment,Yes,No,Yes,Yes,No,Warning
C1076,R1076,General Cargo,Yes,Yes,No,Yes,No,Valid
C1077,R1077,General Cargo,No,No,Yes,No,Yes,Restricted
C1078,R1078,General Cargo,Yes,No,Yes,No,No,Valid
C1079,R1079,General Cargo,No,Yes,Yes,Yes,Yes,Restricted
C1080,R1080,General Cargo,Yes,Yes,Yes,No,No,Warning
C1081,R1081,Electronics,No,Yes,Yes,Yes,No,Warning
C1082,R1082,Electronics,Yes,No,Yes,No,No,Warning
C1083,R1083,Electronics,Yes,Yes,Yes,Yes,Yes,Restricted
C1084,R1084,Electronics,Yes,No,Yes,Yes,No,Warning
C1085,R1085,Electronics,Yes,Yes,Yes,No,No,Warning
C1086,R1086,Automotive,Yes,Yes,Yes,Yes,No,Warning
C1087,R1087,Automotive,No,Yes,Yes,Yes,No,Warning
C1088,R1088,Automotive,Yes,No,Yes,Yes,No,Valid
C1089,R1089,Automotive,Yes,Yes,Yes,Yes,No,Warning
C1090,R1090,Automotive,Yes,Yes,Yes,Yes,No,Valid
C1091,R1091,Machinery and Equipment,Yes,Yes,Yes,Yes,No,Warning
C1092,R1092,Machinery and Equipment,Yes,Yes,Yes,Yes,No,Warning
C1093,R1093,Machinery and Equipment,No,Yes,Yes,Yes,Yes,Restricted
C1094,R1094,Machinery and Equipment,Yes,No,Yes,Yes,No,Valid
C1095,R1095,Machinery and Equipment,Yes,No,Yes,Yes,Yes,Restricted
C1096,R1096,General Cargo,Yes,Yes,Yes,Yes,No,Warning
C1097,R1097,General Cargo,Yes,Yes,Yes,No,No,Warning
C1098,R1098,General Cargo,Yes,Yes,Yes,Yes,No,Warning
C1099,R1099,General Cargo,No,Yes,Yes,Yes,No,Valid
C1100,R1100,General Cargo,No,No,Yes,No,No,Warning
C1101,R1101,Electronics,Yes,Yes,Yes,Yes,No,Valid
C1102,R1102,Electronics,Yes,Yes,Yes,Yes,Yes,Restricted
C1103,R1103,Electronics,Yes,Yes,Yes,Yes,No,Valid
C1104,R1104,Electronics,Yes,Yes,Yes,No,No,Warning
C1105,R1105,Electronics,Yes,Yes,Yes,Yes,No,Valid
C1106,R1106,Automotive,No,Yes,Yes,Yes,No,Warning
C1107,R1107,Automotive,Yes,Yes,Yes,Yes,No,Warning
C1108,R1108,Automotive,Yes,No,Yes,Yes,Yes,Restricted
C1109,R1109,Automotive,Yes,Yes,Yes,Yes,No,Valid
C1110,R1110,Automotive,No,Yes,Yes,Yes,Yes,Restricted
C1111,R1111,Machinery and Equipment,Yes,Yes,Yes,No,No,Warning
C1112,R1112,Machinery and Equipment,Yes,No,Yes,Yes,No,Valid
C1113,R1113,Machinery and Equipment,No,Yes,Yes,Yes,No,Warning
C1114,R1114,Machinery and Equipment,Yes,Yes,Yes,Yes,No,Warning
C1115,R1115,Machinery and Equipment,No,Yes,Yes,Yes,No,Valid
C1116,R1116,General Cargo,No,No,No,Yes,No,Warning
C1117,R1117,General Cargo,No,Yes,Yes,Yes,Yes,Restricted
C1118,R1118,General Cargo,Yes,Yes,Yes,Yes,No,Warning
C1119,R1119,General Cargo,Yes,Yes,Yes,No,No,Valid
C1120,R1120,General Cargo,Yes,No,Yes,Yes,No,Valid
C1121,R1121,Electronics,Yes,Yes,Yes,No,Yes,Restricted
C1122,R1122,Electronics,Yes,Yes,Yes,Yes,No,Warning
C1123,R1123,Electronics,No,Yes,Yes,No,Yes,Restricted
C1124,R1124,Electronics,Yes,No,Yes,No,No,Valid
C1125,R1125,Electronics,Yes,Yes,Yes,No,No,Valid
C1126,R1126,Automotive,No,Yes,Yes,No,Yes,Restricted
C1127,R1127,Automotive,No,Yes,Yes,Yes,Yes,Restricted
C1128,R1128,Automotive,Yes,Yes,Yes,Yes,Yes,Restricted
C1129,R1129,Automotive,Yes,Yes,Yes,Yes,No,Valid
C1130,R1130,Automotive,Yes,No,Yes,Yes,No,Valid
C1131,R1131,Machinery and Equipment,Yes,Yes,Yes,No,No,Valid
C1132,R1132,Machinery and Equipment,Yes,Yes,No,Yes,No,Warning
C1133,R1133,Machinery and Equipment,No,Yes,No,Yes,No,Valid
C1134,R1134,Machinery and Equipment,Yes,Yes,Yes,Yes,No,Valid
C1135,R1135,Machinery and Equipment,Yes,Yes,Yes,No,Yes,Restricted
C1136,R1136,General Cargo,No,Yes,Yes,Yes,No,Warning
C1137,R1137,General Cargo,Yes,No,Yes,Yes,No,Valid
C1138,R1138,General Cargo,Yes,Yes,Yes,Yes,Yes,Restricted
C1139,R1139,General Cargo,No,Yes,Yes,No,No,Valid
C1140,R1140,General Cargo,Yes,Yes,Yes,Yes,No,Valid
C1141,R1141,Electronics,Yes,Yes,Yes,Yes,No,Warning
C1142,R1142,Electronics,Yes,No,Yes,Yes,No,Warning
C1143,R1143,Electronics,Yes,Yes,No,Yes,Yes,Restricted
C1144,R1144,Electronics,Yes,No,Yes,Yes,Yes,Restricted
C1145,R1145,Electronics,Yes,Yes,Yes,Yes,Yes,Restricted
C1146,R1146,Automotive,Yes,Yes,Yes,Yes,No,Warning
C1147,R1147,Automotive,Yes,Yes,Yes,Yes,No,Valid
C1148,R1148,Automotive,Yes,No,Yes,Yes,No,Valid
C1149,R1149,Automotive,Yes,No,Yes,No,No,Valid
C1150,R1150,Automotive,Yes,Yes,Yes,Yes,No,Valid
C1151,R1151,Machinery and Equipment,Yes,Yes,Yes,No,No,Warning
C1152,R1152,Machinery and Equipment,Yes,No,Yes,Yes,No,Valid
C1153,R1153,Machinery and Equipment,Yes,No,Yes,No,No,Valid
C1154,R1154,Machinery and Equipment,Yes,Yes,Yes,Yes,Yes,Restricted
C1155,R1155,Machinery and Equipment,Yes,Yes,Yes,Yes,Yes,Restricted
C1156,R1156,General Cargo,No,Yes,Yes,Yes,Yes,Restricted
C1157,R1157,General Cargo,No,Yes,Yes,No,No,Valid
C1158,R1158,General Cargo,Yes,Yes,Yes,Yes,No,Valid
C1159,R1159,General Cargo,No,Yes,Yes,Yes,Yes,Restricted
C1160,R1160,General Cargo,Yes,Yes,Yes,Yes,No,Warning
C1161,R1161,Electronics,Yes,Yes,Yes,Yes,Yes,Restricted
C1162,R1162,Electronics,No,Yes,Yes,Yes,No,Warning
C1163,R1163,Electronics,No,Yes,Yes,No,No,Valid
C1164,R1164,Electronics,No,No,No,Yes,No,Warning
C1165,R1165,Electronics,No,No,Yes,No,No,Warning
C1166,R1166,Automotive,No,No,Yes,Yes,Yes,Restricted
C1167,R1167,Automotive,Yes,Yes,Yes,Yes,No,Valid
C1168,R1168,Automotive,Yes,Yes,Yes,Yes,Yes,Restricted
C1169,R1169,Automotive,Yes,Yes,Yes,Yes,No,Valid
C1170,R1170,Automotive,Yes,Yes,Yes,No,No,Warning
C1171,R1171,Machinery and Equipment,No,Yes,Yes,Yes,No,Warning
C1172,R1172,Machinery and Equipment,No,Yes,Yes,Yes,No,Warning
C1173,R1173,Machinery and Equipment,No,Yes,No,Yes,Yes,Restricted
C1174,R1174,Machinery and Equipment,No,Yes,Yes,Yes,No,Warning
C1175,R1175,Machinery and Equipment,No,No,Yes,Yes,No,Warning
C1176,R1176,General Cargo,No,Yes,Yes,No,No,Warning
C1177,R1177,General Cargo,No,Yes,Yes,No,Yes,Restricted
C1178,R1178,General Cargo,Yes,Yes,Yes,Yes,Yes,Restricted
C1179,R1179,General Cargo,No,Yes,No,Yes,No,Valid
C1180,R1180,General Cargo,Yes,Yes,Yes,Yes,No,Valid
C1181,R1181,Electronics,Yes,Yes,No,Yes,No,Warning
C1182,R1182,Electronics,Yes,Yes,Yes,No,Yes,Restricted
C1183,R1183,Electronics,No,No,Yes,No,No,Valid
C1184,R1184,Electronics,Yes,No,Yes,No,No,Valid
C1185,R1185,Electronics,Yes,Yes,No,Yes,No,Warning
C1186,R1186,Automotive,Yes,Yes,Yes,Yes,Yes,Restricted
C1187,R1187,Automotive,Yes,Yes,Yes,No,No,Warning
C1188,R1188,Automotive,Yes,Yes,Yes,Yes,Yes,Restricted
C1189,R1189,Automotive,Yes,Yes,Yes,Yes,No,Valid
C1190,R1190,Automotive,Yes,No,Yes,Yes,No,Valid
C1191,R1191,Machinery and Equipment,Yes,No,Yes,Yes,No,Warning
C1192,R1192,Machinery and Equipment,Yes,Yes,No,Yes,No,Warning
C1193,R1193,Machinery and Equipment,Yes,Yes,Yes,No,Yes,Restricted
C1194,R1194,Machinery and Equipment,Yes,Yes,Yes,Yes,No,Valid
C1195,R1195,Machinery and Equipment,Yes,Yes,Yes,No,No,Warning
C1196,R1196,General Cargo,Yes,No,Yes,Yes,Yes,Restricted
C1197,R1197,General Cargo,No,Yes,Yes,No,No,Valid
C1198,R1198,General Cargo,No,Yes,Yes,Yes,Yes,Restricted
C1199,R1199,General Cargo,Yes,Yes,Yes,No,No,Warning
C1200,R1200,General Cargo,No,Yes,Yes,Yes,Yes,Restricted
C1201,R1201,Electronics,Yes,No,Yes,Yes,No,Valid
C1202,R1202,Electronics,Yes,Yes,Yes,Yes,No,Valid
C1203,R1203,Electronics,Yes,Yes,Yes,Yes,No,Valid
C1204,R1204,Electronics,No,Yes,Yes,Yes,No,Warning
C1205,R1205,Electronics,Yes,Yes,Yes,Yes,No,Valid
C1206,R1206,Automotive,Yes,Yes,Yes,No,No,Warning
C1207,R1207,Automotive,Yes,Yes,Yes,No,Yes,Restricted
C1208,R1208,Automotive,No,No,Yes,No,Yes,Restricted
C1209,R1209,Automotive,Yes,No,Yes,Yes,Yes,Restricted
C1210,R1210,Automotive,Yes,Yes,No,Yes,Yes,Restricted
C1211,R1211,Machinery and Equipment,Yes,Yes,Yes,No,No,Valid
C1212,R1212,Machinery and Equipment,No,Yes,Yes,Yes,No,Valid
C1213,R1213,Machinery and Equipment,No,Yes,Yes,Yes,No,Warning
C1214,R1214,Machinery and Equipment,No,Yes,Yes,Yes,No,Valid
C1215,R1215,Machinery and Equipment,Yes,Yes,Yes,No,No,Valid
C1216,R1216,General Cargo,Yes,Yes,Yes,Yes,No,Warning
C1217,R1217,General Cargo,Yes,No,Yes,Yes,Yes,Restricted
C1218,R1218,General Cargo,Yes,Yes,Yes,Yes,Yes,Restricted
C1219,R1219,General Cargo,No,No,Yes,No,No,Valid
C1220,R1220,General Cargo,Yes,Yes,Yes,Yes,No,Warning
C1221,R1221,Electronics,Yes,Yes,Yes,Yes,No,Warning
C1222,R1222,Electronics,No,Yes,Yes,No,Yes,Restricted
C1223,R1223,Electronics,No,Yes,Yes,No,No,Valid
C1224,R1224,Electronics,Yes,Yes,Yes,Yes,No,Valid
C1225,R1225,Electronics,Yes,No,Yes,Yes,No,Valid
C1226,R1226,Automotive,Yes,Yes,Yes,Yes,No,Valid
C1227,R1227,Automotive,No,Yes,Yes,Yes,Yes,Restricted
C1228,R1228,Automotive,Yes,Yes,No,Yes,No,Warning
C1229,R1229,Automotive,Yes,Yes,Yes,Yes,No,Warning
C1230,R1230,Automotive,Yes,Yes,Yes,No,No,Valid
C1231,R1231,Machinery and Equipment,Yes,Yes,Yes,No,No,Warning
C1232,R1232,Machinery and Equipment,No,Yes,No,Yes,No,Valid
C1233,R1233,Machinery and Equipment,Yes,Yes,Yes,Yes,No,Warning
C1234,R1234,Machinery and Equipment,No,No,Yes,Yes,No,Valid
C1235,R1235,Machinery and Equipment,Yes,Yes,Yes,Yes,No,Valid
C1236,R1236,General Cargo,Yes,No,Yes,Yes,No,Warning
C1237,R1237,General Cargo,Yes,Yes,Yes,Yes,No,Warning
C1238,R1238,General Cargo,Yes,Yes,Yes,Yes,No,Warning
C1239,R1239,General Cargo,Yes,Yes,Yes,Yes,No,Warning
C1240,R1240,General Cargo,Yes,Yes,Yes,Yes,No,Valid
C1241,R1241,Electronics,Yes,No,Yes,No,No,Valid
C1242,R1242,Electronics,Yes,Yes,Yes,Yes,No,Valid
C1243,R1243,Electronics,No,Yes,Yes,Yes,Yes,Restricted
C1244,R1244,Electronics,Yes,No,Yes,No,No,Valid
C1245,R1245,Electronics,No,Yes,Yes,Yes,No,Valid
C1246,R1246,Automotive,Yes,Yes,Yes,Yes,Yes,Restricted
C1247,R1247,Automotive,Yes,Yes,Yes,No,Yes,Restricted
C1248,R1248,Automotive,Yes,No,Yes,Yes,Yes,Restricted
C1249,R1249,Automotive,Yes,Yes,Yes,Yes,Yes,Restricted
C1250,R1250,Automotive,Yes,Yes,Yes,No,No,Warning
C1251,R1251,Machinery and Equipment,Yes,Yes,Yes,No,Yes,Restricted
C1252,R1252,Machinery and Equipment,Yes,Yes,Yes,Yes,No,Valid
C1253,R1253,Machinery and Equipment,Yes,Yes,Yes,Yes,Yes,Restricted
C1254,R1254,Machinery and Equipment,No,No,Yes,No,No,Valid
C1255,R1255,Machinery and Equipment,Yes,Yes,Yes,Yes,No,Warning
C1256,R1256,General Cargo,Yes,Yes,Yes,Yes,No,Valid
C1257,R1257,General Cargo,Yes,No,Yes,Yes,No,Warning
C1258,R1258,General Cargo,Yes,Yes,Yes,Yes,No,Warning
C1259,R1259,General Cargo,Yes,No,Yes,Yes,No,Valid
C1260,R1260,General Cargo,Yes,Yes,Yes,Yes,No,Valid
C1261,R1261,Electronics,Yes,Yes,Yes,Yes,No,Warning
C1262,R1262,Electronics,Yes,Yes,Yes,Yes,No,Warning
C1263,R1263,Electronics,No,No,Yes,No,No,Warning
C1264,R1264,Electronics,Yes,Yes,Yes,No,Yes,Restricted
C1265,R1265,Electronics,Yes,Yes,Yes,Yes,Yes,Restricted
C1266,R1266,Automotive,Yes,No,No,No,No,Warning
C1267,R1267,Automotive,No,No,Yes,Yes,Yes,Restricted
C1268,R1268,Automotive,No,No,Yes,Yes,No,Valid
C1269,R1269,Automotive,Yes,No,Yes,No,Yes,Restricted
C1270,R1270,Automotive,Yes,Yes,Yes,Yes,No,Valid
C1271,R1271,Machinery and Equipment,Yes,Yes,Yes,Yes,No,Warning
C1272,R1272,Machinery and Equipment,Yes,Yes,Yes,Yes,Yes,Restricted
C1273,R1273,Machinery and Equipment,Yes,No,Yes,No,No,Warning
C1274,R1274,Machinery and Equipment,Yes,Yes,Yes,Yes,Yes,Restricted
C1275,R1275,Machinery and Equipment,No,Yes,Yes,Yes,Yes,Restricted
C1276,R1276,General Cargo,Yes,Yes,Yes,No,No,Warning
C1277,R1277,General Cargo,Yes,No,Yes,Yes,No,Warning
C1278,R1278,General Cargo,No,Yes,Yes,Yes,Yes,Restricted
C1279,R1279,General Cargo,No,Yes,No,Yes,Yes,Restricted
C1280,R1280,General Cargo,Yes,Yes,Yes,Yes,No,Valid
C1281,R1281,Electronics,Yes,No,Yes,Yes,No,Valid
C1282,R1282,Electronics,Yes,Yes,Yes,No,No,Valid
C1283,R1283,Electronics,Yes,No,Yes,Yes,No,Valid
C1284,R1284,Electronics,Yes,No,Yes,No,Yes,Restricted
C1285,R1285,Electronics,Yes,Yes,Yes,Yes,No,Valid
C1286,R1286,Automotive,Yes,Yes,Yes,No,No,Valid
C1287,R1287,Automotive,No,No,Yes,Yes,No,Warning
C1288,R1288,Automotive,Yes,Yes,Yes,Yes,No,Valid
C1289,R1289,Automotive,No,No,Yes,Yes,No,Warning
C1290,R1290,Automotive,Yes,No,Yes,Yes,No,Valid
C1291,R1291,Machinery and Equipment,Yes,No,Yes,No,Yes,Restricted
C1292,R1292,Machinery and Equipment,Yes,Yes,Yes,Yes,No,Valid
C1293,R1293,Machinery and Equipment,Yes,Yes,Yes,Yes,No,Valid
C1294,R1294,Machinery and Equipment,Yes,Yes,Yes,Yes,No,Warning
C1295,R1295,Machinery and Equipment,Yes,No,Yes,No,No,Valid
C1296,R1296,General Cargo,No,Yes,Yes,Yes,No,Warning
C1297,R1297,General Cargo,No,No,Yes,Yes,No,Valid
C1298,R1298,General Cargo,Yes,Yes,No,Yes,No,Warning
C1299,R1299,General Cargo,Yes,Yes,Yes,Yes,Yes,Restricted
C1300,R1300,General Cargo,Yes,Yes,Yes,Yes,No,Valid
C1301,R1301,Electronics,Yes,Yes,Yes,Yes,Yes,Restricted
C1302,R1302,Electronics,Yes,Yes,Yes,Yes,No,Warning
C1303,R1303,Electronics,Yes,Yes,Yes,No,No,Valid
C1304,R1304,Electronics,Yes,No,Yes,Yes,No,Warning
C1305,R1305,Electronics,Yes,Yes,Yes,Yes,Yes,Restricted
C1306,R1306,Automotive,No,Yes,Yes,Yes,Yes,Restricted
C1307,R1307,Automotive,No,Yes,Yes,Yes,Yes,Restricted
C1308,R1308,Automotive,Yes,Yes,Yes,Yes,No,Warning
C1309,R1309,Automotive,No,Yes,Yes,Yes,Yes,Restricted
C1310,R1310,Automotive,No,Yes,No,Yes,No,Valid
C1311,R1311,Machinery and Equipment,Yes,No,Yes,Yes,No,Warning
C1312,R1312,Machinery and Equipment,Yes,Yes,Yes,Yes,Yes,Restricted
C1313,R1313,Machinery and Equipment,No,Yes,Yes,Yes,No,Valid
C1314,R1314,Machinery and Equipment,Yes,Yes,No,No,Yes,Restricted
C1315,R1315,Machinery and Equipment,Yes,No,Yes,No,No,Valid
C1316,R1316,General Cargo,Yes,Yes,Yes,Yes,No,Warning
C1317,R1317,General Cargo,Yes,Yes,Yes,Yes,No,Valid
C1318,R1318,General Cargo,Yes,Yes,Yes,Yes,No,Warning
C1319,R1319,General Cargo,Yes,No,Yes,No,No,Warning
C1320,R1320,General Cargo,Yes,No,Yes,No,No,Valid
C1321,R1321,Electronics,Yes,No,No,Yes,No,Warning
C1322,R1322,Electronics,Yes,Yes,Yes,Yes,No,Warning
C1323,R1323,Electronics,Yes,Yes,Yes,Yes,No,Valid
C1324,R1324,Electronics,No,Yes,Yes,Yes,No,Valid
C1325,R1325,Electronics,Yes,Yes,Yes,Yes,Yes,Restricted
C1326,R1326,Automotive,No,Yes,Yes,Yes,No,Valid
C1327,R1327,Automotive,No,Yes,Yes,Yes,Yes,Restricted
C1328,R1328,Automotive,No,Yes,Yes,Yes,Yes,Restricted
C1329,R1329,Automotive,Yes,Yes,Yes,Yes,Yes,Restricted
C1330,R1330,Automotive,Yes,Yes,Yes,No,No,Valid
C1331,R1331,Machinery and Equipment,Yes,Yes,Yes,No,No,Valid
C1332,R1332,Machinery and Equipment,Yes,Yes,Yes,Yes,Yes,Restricted
C1333,R1333,Machinery and Equipment,Yes,Yes,Yes,Yes,No,Valid
C1334,R1334,Machinery and Equipment,Yes,No,Yes,No,No,Valid
C1335,R1335,Machinery and Equipment,Yes,Yes,Yes,Yes,No,Valid
C1336,R1336,General Cargo,Yes,Yes,Yes,Yes,No,Valid
C1337,R1337,General Cargo,Yes,No,Yes,Yes,No,Warning
C1338,R1338,General Cargo,Yes,Yes,Yes,Yes,No,Warning
C1339,R1339,General Cargo,Yes,Yes,Yes,Yes,Yes,Restricted
C1340,R1340,General Cargo,No,Yes,Yes,Yes,No,Warning
C1341,R1341,Electronics,Yes,No,Yes,Yes,No,Valid
C1342,R1342,Electronics,Yes,Yes,No,Yes,No,Warning
C1343,R1343,Electronics,Yes,Yes,Yes,Yes,No,Warning
C1344,R1344,Electronics,Yes,Yes,Yes,No,No,Warning
C1345,R1345,Electronics,Yes,Yes,Yes,Yes,Yes,Restricted
C1346,R1346,Automotive,Yes,No,Yes,Yes,No,Valid
C1347,R1347,Automotive,Yes,Yes,Yes,No,No,Valid
C1348,R1348,Automotive,Yes,No,Yes,Yes,No,Warning
C1349,R1349,Automotive,Yes,Yes,Yes,Yes,No,Valid
C1350,R1350,Automotive,Yes,Yes,Yes,Yes,No,Valid
C1351,R1351,Machinery and Equipment,Yes,Yes,Yes,Yes,No,Warning
C1352,R1352,Machinery and Equipment,Yes,Yes,Yes,Yes,Yes,Restricted
C1353,R1353,Machinery and Equipment,No,Yes,Yes,Yes,No,Warning
C1354,R1354,Machinery and Equipment,No,Yes,Yes,Yes,Yes,Restricted
C1355,R1355,Machinery and Equipment,Yes,Yes,Yes,Yes,No,Warning
C1356,R1356,General Cargo,Yes,Yes,Yes,Yes,No,Warning
C1357,R1357,General Cargo,No,No,Yes,No,No,Valid
C1358,R1358,General Cargo,Yes,Yes,Yes,Yes,No,Warning
C1359,R1359,General Cargo,Yes,Yes,Yes,Yes,Yes,Restricted
C1360,R1360,General Cargo,Yes,Yes,Yes,Yes,Yes,Restricted
C1361,R1361,Electronics,No,Yes,Yes,Yes,No,Warning
C1362,R1362,Electronics,Yes,Yes,Yes,Yes,Yes,Restricted
C1363,R1363,Electronics,Yes,Yes,Yes,Yes,No,Valid
C1364,R1364,Electronics,Yes,Yes,No,No,No,Warning
C1365,R1365,Electronics,Yes,Yes,Yes,No,No,Valid
C1366,R1366,Automotive,No,Yes,Yes,Yes,No,Valid
C1367,R1367,Automotive,No,Yes,Yes,Yes,No,Valid
C1368,R1368,Automotive,Yes,No,Yes,Yes,Yes,Restricted
C1369,R1369,Automotive,Yes,Yes,Yes,Yes,No,Valid
C1370,R1370,Automotive,Yes,Yes,Yes,Yes,No,Warning
C1371,R1371,Machinery and Equipment,Yes,Yes,No,Yes,No,Valid
C1372,R1372,Machinery and Equipment,Yes,Yes,Yes,Yes,Yes,Restricted
C1373,R1373,Machinery and Equipment,No,Yes,Yes,Yes,No,Valid
C1374,R1374,Machinery and Equipment,Yes,Yes,Yes,No,No,Warning
C1375,R1375,Machinery and Equipment,No,Yes,Yes,Yes,Yes,Restricted
C1376,R1376,General Cargo,Yes,Yes,Yes,Yes,Yes,Restricted
C1377,R1377,General Cargo,Yes,Yes,Yes,Yes,No,Warning
C1378,R1378,General Cargo,Yes,No,Yes,Yes,No,Warning
C1379,R1379,General Cargo,Yes,Yes,Yes,Yes,No,Valid
C1380,R1380,General Cargo,Yes,Yes,Yes,Yes,No,Warning
C1381,R1381,Electronics,Yes,No,Yes,No,Yes,Restricted
C1382,R1382,Electronics,Yes,Yes,Yes,Yes,Yes,Restricted
C1383,R1383,Electronics,Yes,No,Yes,No,No,Warning
C1384,R1384,Electronics,Yes,No,Yes,Yes,No,Warning
C1385,R1385,Electronics,Yes,Yes,Yes,Yes,No,Warning
C1386,R1386,Automotive,Yes,Yes,Yes,Yes,Yes,Restricted
C1387,R1387,Automotive,Yes,No,Yes,No,No,Warning
C1388,R1388,Automotive,Yes,No,Yes,No,No,Valid
C1389,R1389,Automotive,No,No,Yes,Yes,No,Valid
C1390,R1390,Automotive,No,Yes,Yes,Yes,No,Warning
C1391,R1391,Machinery and Equipment,Yes,Yes,Yes,Yes,Yes,Restricted
C1392,R1392,Machinery and Equipment,Yes,Yes,Yes,Yes,Yes,Restricted
C1393,R1393,Machinery and Equipment,No,No,Yes,No,Yes,Restricted
C1394,R1394,Machinery and Equipment,Yes,No,Yes,No,No,Valid
C1395,R1395,Machinery and Equipment,Yes,Yes,Yes,Yes,No,Warning
C1396,R1396,General Cargo,Yes,Yes,Yes,Yes,Yes,Restricted
C1397,R1397,General Cargo,Yes,Yes,Yes,Yes,Yes,Restricted
C1398,R1398,General Cargo,Yes,No,Yes,Yes,Yes,Restricted
C1399,R1399,General Cargo,Yes,Yes,No,No,No,Valid
C1400,R1400,General Cargo,Yes,Yes,Yes,Yes,No,Valid
C1401,R1401,Electronics,Yes,Yes,Yes,Yes,Yes,Restricted
C1402,R1402,Electronics,No,Yes,Yes,Yes,No,Warning
C1403,R1403,Electronics,Yes,Yes,Yes,Yes,No,Valid
C1404,R1404,Electronics,Yes,Yes,No,Yes,No,Valid
C1405,R1405,Electronics,Yes,Yes,Yes,Yes,No,Warning
C1406,R1406,Automotive,Yes,Yes,Yes,Yes,No,Warning
C1407,R1407,Automotive,Yes,No,Yes,Yes,No,Warning
C1408,R1408,Automotive,No,Yes,Yes,Yes,Yes,Restricted
C1409,R1409,Automotive,Yes,No,Yes,No,No,Warning
C1410,R1410,Automotive,Yes,No,Yes,Yes,Yes,Restricted
C1411,R1411,Machinery and Equipment,Yes,Yes,Yes,Yes,No,Valid
C1412,R1412,Machinery and Equipment,Yes,Yes,Yes,No,No,Valid
C1413,R1413,Machinery and Equipment,Yes,Yes,No,Yes,No,Warning
C1414,R1414,Machinery and Equipment,Yes,Yes,Yes,Yes,Yes,Restricted
C1415,R1415,Machinery and Equipment,Yes,Yes,Yes,Yes,No,Warning
C1416,R1416,General Cargo,Yes,Yes,Yes,No,Yes,Restricted
C1417,R1417,General Cargo,Yes,Yes,Yes,Yes,No,Valid
C1418,R1418,General Cargo,Yes,Yes,No,Yes,Yes,Restricted
C1419,R1419,General Cargo,Yes,Yes,Yes,Yes,No,Warning
C1420,R1420,General Cargo,Yes,Yes,Yes,No,No,Warning
C1421,R1421,Electronics,Yes,Yes,Yes,Yes,No,Warning
C1422,R1422,Electronics,Yes,Yes,Yes,Yes,No,Valid
C1423,R1423,Electronics,No,Yes,Yes,Yes,No,Warning
C1424,R1424,Electronics,Yes,Yes,Yes,Yes,No,Valid
C1425,R1425,Electronics,Yes,Yes,Yes,Yes,No,Warning
C1426,R1426,Automotive,No,Yes,Yes,No,Yes,Restricted
C1427,R1427,Automotive,No,Yes,Yes,No,Yes,Restricted
C1428,R1428,Automotive,Yes,No,Yes,Yes,Yes,Restricted
C1429,R1429,Automotive,Yes,Yes,Yes,Yes,Yes,Restricted
C1430,R1430,Automotive,No,Yes,Yes,Yes,No,Warning
C1431,R1431,Machinery and Equipment,Yes,Yes,Yes,No,No,Warning
C1432,R1432,Machinery and Equipment,No,No,Yes,Yes,Yes,Restricted
C1433,R1433,Machinery and Equipment,Yes,No,Yes,Yes,No,Valid
C1434,R1434,Machinery and Equipment,Yes,No,Yes,Yes,No,Warning
C1435,R1435,Machinery and Equipment,Yes,No,Yes,Yes,Yes,Restricted
C1436,R1436,General Cargo,Yes,Yes,Yes,Yes,No,Valid
C1437,R1437,General Cargo,Yes,Yes,Yes,No,No,Valid
C1438,R1438,General Cargo,Yes,No,Yes,No,No,Warning
C1439,R1439,General Cargo,No,Yes,Yes,Yes,No,Warning
C1440,R1440,General Cargo,Yes,Yes,Yes,Yes,No,Valid
C1441,R1441,Electronics,Yes,Yes,Yes,Yes,No,Valid
C1442,R1442,Electronics,Yes,Yes,Yes,Yes,Yes,Restricted
C1443,R1443,Electronics,No,Yes,No,Yes,Yes,Restricted
C1444,R1444,Electronics,No,Yes,Yes,Yes,Yes,Restricted
C1445,R1445,Electronics,Yes,Yes,Yes,Yes,Yes,Restricted
C1446,R1446,Automotive,Yes,No,Yes,No,No,Warning
C1447,R1447,Automotive,No,Yes,Yes,Yes,No,Warning
C1448,R1448,Automotive,No,Yes,Yes,Yes,Yes,Restricted
C1449,R1449,Automotive,No,No,Yes,No,No,Valid
C1450,R1450,Automotive,Yes,Yes,Yes,No,No,Warning
C1451,R1451,Machinery and Equipment,Yes,Yes,Yes,Yes,No,Valid
C1452,R1452,Machinery and Equipment,No,Yes,Yes,Yes,No,Valid
C1453,R1453,Machinery and Equipment,Yes,Yes,Yes,No,No,Valid
C1454,R1454,Machinery and Equipment,Yes,No,Yes,Yes,No,Warning
C1455,R1455,Machinery and Equipment,Yes,Yes,Yes,No,Yes,Restricted
C1456,R1456,General Cargo,No,No,Yes,Yes,No,Valid
C1457,R1457,General Cargo,Yes,No,Yes,Yes,Yes,Restricted
C1458,R1458,General Cargo,Yes,Yes,Yes,Yes,Yes,Restricted
C1459,R1459,General Cargo,No,Yes,No,No,No,Warning
C1460,R1460,General Cargo,Yes,Yes,Yes,No,Yes,Restricted
C1461,R1461,Electronics,No,No,No,Yes,No,Valid
C1462,R1462,Electronics,Yes,Yes,Yes,No,No,Warning
C1463,R1463,Electronics,Yes,Yes,Yes,Yes,No,Valid
C1464,R1464,Electronics,Yes,Yes,Yes,Yes,No,Valid
C1465,R1465,Electronics,Yes,No,No,Yes,No,Warning
C1466,R1466,Automotive,Yes,Yes,Yes,Yes,No,Warning
C1467,R1467,Automotive,No,No,Yes,Yes,Yes,Restricted
C1468,R1468,Automotive,Yes,Yes,Yes,Yes,No,Valid
C1469,R1469,Automotive,Yes,Yes,Yes,Yes,Yes,Restricted
C1470,R1470,Automotive,Yes,No,No,Yes,No,Warning
C1471,R1471,Machinery and Equipment,Yes,Yes,Yes,Yes,No,Warning
C1472,R1472,Machinery and Equipment,Yes,Yes,Yes,No,No,Valid
C1473,R1473,Machinery and Equipment,No,No,Yes,Yes,No,Warning
C1474,R1474,Machinery and Equipment,No,No,Yes,Yes,No,Valid
C1475,R1475,Machinery and Equipment,Yes,Yes,Yes,Yes,No,Valid
C1476,R1476,General Cargo,Yes,Yes,Yes,No,No,Valid
C1477,R1477,General Cargo,Yes,Yes,Yes,Yes,No,Valid
C1478,R1478,General Cargo,Yes,Yes,Yes,Yes,No,Warning
C1479,R1479,General Cargo,Yes,No,No,Yes,Yes,Restricted
C1480,R1480,General Cargo,Yes,No,Yes,Yes,No,Valid
C1481,R1481,Electronics,No,No,Yes,Yes,No,Valid
C1482,R1482,Electronics,Yes,Yes,Yes,Yes,No,Warning
C1483,R1483,Electronics,No,Yes,Yes,Yes,Yes,Restricted
C1484,R1484,Electronics,Yes,Yes,Yes,Yes,No,Valid
C1485,R1485,Electronics,Yes,No,Yes,No,No,Valid
C1486,R1486,Automotive,No,No,Yes,No,No,Warning
C1487,R1487,Automotive,Yes,Yes,Yes,Yes,Yes,Restricted
C1488,R1488,Automotive,Yes,Yes,Yes,Yes,No,Warning
C1489,R1489,Automotive,Yes,Yes,Yes,Yes,Yes,Restricted
C1490,R1490,Automotive,Yes,No,Yes,Yes,No,Valid
C1491,R1491,Machinery and Equipment,Yes,Yes,Yes,Yes,No,Warning
C1492,R1492,Machinery and Equipment,Yes,Yes,Yes,Yes,Yes,Restricted
C1493,R1493,Machinery and Equipment,No,Yes,Yes,No,Yes,Restricted
C1494,R1494,Machinery and Equipment,Yes,Yes,Yes,No,No,Warning
C1495,R1495,Machinery and Equipment,Yes,Yes,Yes,Yes,No,Valid
C1496,R1496,General Cargo,Yes,Yes,Yes,Yes,Yes,Restricted
C1497,R1497,General Cargo,Yes,Yes,Yes,Yes,No,Warning
C1498,R1498,General Cargo,Yes,Yes,Yes,Yes,No,Valid
C1499,R1499,General Cargo,No,Yes,Yes,No,No,Valid
C1500,R1500,General Cargo,Yes,Yes,Yes,Yes,No,Valid
C1501,R1501,Electronics,Yes,Yes,Yes,Yes,No,Warning
C1502,R1502,Electronics,No,Yes,Yes,Yes,No,Warning
C1503,R1503,Electronics,Yes,No,Yes,Yes,No,Valid
C1504,R1504,Electronics,Yes,Yes,Yes,Yes,No,Warning
C1505,R1505,Electronics,No,Yes,Yes,No,No,Valid
C1506,R1506,Automotive,Yes,Yes,Yes,Yes,Yes,Restricted
C1507,R1507,Automotive,Yes,Yes,Yes,No,No,Valid
C1508,R1508,Automotive,No,No,Yes,Yes,Yes,Restricted
C1509,R1509,Automotive,Yes,Yes,Yes,Yes,Yes,Restricted
C1510,R1510,Automotive,Yes,No,Yes,Yes,No,Warning
C1511,R1511,Machinery and Equipment,Yes,No,Yes,No,Yes,Restricted
C1512,R1512,Machinery and Equipment,No,Yes,No,Yes,No,Valid
C1513,R1513,Machinery and Equipment,Yes,No,Yes,Yes,No,Warning
C1514,R1514,Machinery and Equipment,Yes,Yes,Yes,Yes,Yes,Restricted
C1515,R1515,Machinery and Equipment,Yes,No,Yes,Yes,No,Warning
C1516,R1516,General Cargo,Yes,Yes,Yes,Yes,No,Warning
C1517,R1517,General Cargo,No,No,Yes,Yes,Yes,Restricted
C1518,R1518,General Cargo,No,Yes,Yes,Yes,Yes,Restricted
C1519,R1519,General Cargo,Yes,Yes,Yes,No,No,Warning
C1520,R1520,General Cargo,Yes,Yes,Yes,Yes,No,Warning
C1521,R1521,Electronics,Yes,Yes,Yes,Yes,No,Warning
C1522,R1522,Electronics,Yes,Yes,Yes,Yes,No,Valid
C1523,R1523,Electronics,No,Yes,Yes,Yes,No,Warning
C1524,R1524,Electronics,Yes,Yes,Yes,Yes,No,Valid
C1525,R1525,Electronics,No,Yes,Yes,Yes,Yes,Restricted
C1526,R1526,Automotive,No,Yes,No,Yes,Yes,Restricted
C1527,R1527,Automotive,Yes,Yes,Yes,No,No,Valid
C1528,R1528,Automotive,No,Yes,Yes,Yes,Yes,Restricted
C1529,R1529,Automotive,No,Yes,Yes,Yes,Yes,Restricted
C1530,R1530,Automotive,No,Yes,Yes,Yes,Yes,Restricted
C1531,R1531,Machinery and Equipment,Yes,No,Yes,Yes,No,Warning
C1532,R1532,Machinery and Equipment,Yes,Yes,Yes,No,No,Valid
C1533,R1533,Machinery and Equipment,No,Yes,Yes,Yes,Yes,Restricted
C1534,R1534,Machinery and Equipment,No,No,Yes,Yes,No,Warning
C1535,R1535,Machinery and Equipment,Yes,No,Yes,Yes,No,Warning
C1536,R1536,General Cargo,Yes,Yes,Yes,No,Yes,Restricted
C1537,R1537,General Cargo,No,Yes,Yes,Yes,No,Warning
C1538,R1538,General Cargo,Yes,Yes,Yes,Yes,Yes,Restricted
C1539,R1539,General Cargo,Yes,No,Yes,Yes,Yes,Restricted
C1540,R1540,General Cargo,No,Yes,Yes,No,Yes,Restricted
C1541,R1541,Electronics,Yes,Yes,Yes,Yes,No,Valid
C1542,R1542,Electronics,Yes,No,Yes,Yes,Yes,Restricted
C1543,R1543,Electronics,Yes,Yes,Yes,Yes,No,Warning
C1544,R1544,Electronics,Yes,Yes,Yes,Yes,Yes,Restricted
C1545,R1545,Electronics,Yes,Yes,Yes,Yes,Yes,Restricted
C1546,R1546,Automotive,Yes,Yes,Yes,Yes,Yes,Restricted
C1547,R1547,Automotive,No,Yes,Yes,Yes,Yes,Restricted
C1548,R1548,Automotive,No,Yes,Yes,Yes,Yes,Restricted
C1549,R1549,Automotive,Yes,Yes,Yes,Yes,No,Valid
C1550,R1550,Automotive,Yes,Yes,Yes,Yes,No,Valid
C1551,R1551,Machinery and Equipment,Yes,No,Yes,Yes,Yes,Restricted
C1552,R1552,Machinery and Equipment,Yes,Yes,Yes,No,No,Warning
C1553,R1553,Machinery and Equipment,No,Yes,Yes,Yes,No,Warning
C1554,R1554,Machinery and Equipment,No,Yes,Yes,Yes,Yes,Restricted
C1555,R1555,Machinery and Equipment,Yes,No,Yes,Yes,Yes,Restricted
C1556,R1556,General Cargo,Yes,Yes,Yes,Yes,No,Warning
C1557,R1557,General Cargo,Yes,Yes,Yes,Yes,Yes,Restricted
C1558,R1558,General Cargo,Yes,Yes,Yes,Yes,No,Warning
C1559,R1559,General Cargo,Yes,Yes,Yes,Yes,No,Valid
C1560,R1560,General Cargo,Yes,No,No,Yes,No,Warning
C1561,R1561,Electronics,Yes,No,Yes,Yes,Yes,Restricted
C1562,R1562,Electronics,Yes,Yes,Yes,Yes,No,Valid
C1563,R1563,Electronics,Yes,No,Yes,Yes,No,Warning
C1564,R1564,Electronics,Yes,Yes,Yes,Yes,No,Valid
C1565,R1565,Electronics,Yes,Yes,No,No,No,Valid
C1566,R1566,Automotive,Yes,Yes,Yes,Yes,No,Warning
C1567,R1567,Automotive,Yes,Yes,Yes,Yes,No,Warning
C1568,R1568,Automotive,Yes,Yes,Yes,Yes,No,Valid
C1569,R1569,Automotive,Yes,Yes,Yes,Yes,No,Warning
C1570,R1570,Automotive,Yes,No,Yes,Yes,No,Warning
C1571,R1571,Machinery and Equipment,Yes,Yes,Yes,Yes,Yes,Restricted
C1572,R1572,Machinery and Equipment,Yes,Yes,Yes,No,No,Valid
C1573,R1573,Machinery and Equipment,Yes,No,Yes,Yes,No,Warning
C1574,R1574,Machinery and Equipment,Yes,Yes,Yes,No,No,Warning
C1575,R1575,Machinery and Equipment,No,Yes,Yes,Yes,No,Valid
C1576,R1576,General Cargo,Yes,Yes,Yes,Yes,Yes,Restricted
C1577,R1577,General Cargo,No,Yes,Yes,Yes,No,Valid
C1578,R1578,General Cargo,Yes,No,Yes,Yes,Yes,Restricted
C1579,R1579,General Cargo,Yes,Yes,Yes,Yes,No,Valid
C1580,R1580,General Cargo,Yes,No,Yes,Yes,No,Warning
C1581,R1581,Electronics,Yes,Yes,Yes,No,No,Warning
C1582,R1582,Electronics,No,No,Yes,Yes,No,Valid
C1583,R1583,Electronics,No,Yes,Yes,Yes,No,Warning
C1584,R1584,Electronics,Yes,No,Yes,No,No,Valid
C1585,R1585,Electronics,Yes,Yes,Yes,Yes,No,Warning
C1586,R1586,Automotive,No,No,Yes,Yes,No,Valid
C1587,R1587,Automotive,No,Yes,Yes,Yes,No,Warning
C1588,R1588,Automotive,No,Yes,Yes,Yes,No,Valid
C1589,R1589,Automotive,Yes,Yes,Yes,Yes,No,Warning
C1590,R1590,Automotive,Yes,No,Yes,No,No,Warning
C1591,R1591,Machinery and Equipment,Yes,Yes,Yes,No,No,Warning
C1592,R1592,Machinery and Equipment,Yes,Yes,Yes,No,Yes,Restricted
C1593,R1593,Machinery and Equipment,Yes,Yes,Yes,No,Yes,Restricted
C1594,R1594,Machinery and Equipment,No,Yes,Yes,Yes,No,Valid
C1595,R1595,Machinery and Equipment,Yes,Yes,Yes,Yes,Yes,Restricted
C1596,R1596,General Cargo,Yes,Yes,Yes,No,No,Valid
C1597,R1597,General Cargo,Yes,Yes,Yes,Yes,No,Valid
C1598,R1598,General Cargo,Yes,No,Yes,Yes,Yes,Restricted
C1599,R1599,General Cargo,Yes,No,Yes,Yes,Yes,Restricted
C1600,R1600,General Cargo,Yes,Yes,Yes,Yes,No,Warning
C1601,R1601,Electronics,Yes,Yes,Yes,Yes,No,Valid
C1602,R1602,Electronics,Yes,Yes,Yes,No,Yes,Restricted
C1603,R1603,Electronics,Yes,No,Yes,Yes,No,Valid
C1604,R1604,Electronics,Yes,Yes,Yes,Yes,Yes,Restricted
C1605,R1605,Electronics,Yes,No,Yes,Yes,No,Valid
C1606,R1606,Automotive,Yes,Yes,Yes,Yes,Yes,Restricted
C1607,R1607,Automotive,Yes,No,Yes,No,No,Valid
C1608,R1608,Automotive,Yes,No,Yes,No,Yes,Restricted
C1609,R1609,Automotive,Yes,Yes,Yes,Yes,No,Valid
C1610,R1610,Automotive,Yes,Yes,Yes,No,No,Valid
C1611,R1611,Machinery and Equipment,Yes,Yes,Yes,Yes,No,Valid
C1612,R1612,Machinery and Equipment,Yes,No,Yes,No,Yes,Restricted
C1613,R1613,Machinery and Equipment,Yes,Yes,Yes,Yes,Yes,Restricted
C1614,R1614,Machinery and Equipment,Yes,No,Yes,Yes,Yes,Restricted
C1615,R1615,Machinery and Equipment,Yes,Yes,Yes,No,No,Warning
C1616,R1616,General Cargo,Yes,No,Yes,Yes,No,Warning
C1617,R1617,General Cargo,Yes,No,Yes,Yes,No,Valid
C1618,R1618,General Cargo,Yes,No,No,Yes,Yes,Restricted
C1619,R1619,General Cargo,Yes,Yes,Yes,Yes,No,Valid
C1620,R1620,General Cargo,Yes,Yes,Yes,Yes,Yes,Restricted
C1621,R1621,Electronics,Yes,Yes,Yes,No,Yes,Restricted
C1622,R1622,Electronics,Yes,Yes,Yes,Yes,Yes,Restricted
C1623,R1623,Electronics,Yes,No,No,No,No,Valid
C1624,R1624,Electronics,Yes,Yes,Yes,No,No,Valid
C1625,R1625,Electronics,No,Yes,Yes,No,Yes,Restricted
C1626,R1626,Automotive,Yes,Yes,Yes,No,No,Warning
C1627,R1627,Automotive,Yes,Yes,Yes,No,No,Valid
C1628,R1628,Automotive,Yes,Yes,Yes,Yes,No,Valid
C1629,R1629,Automotive,No,Yes,Yes,No,No,Valid
C1630,R1630,Automotive,Yes,No,Yes,No,Yes,Restricted
C1631,R1631,Machinery and Equipment,Yes,No,Yes,Yes,No,Warning
C1632,R1632,Machinery and Equipment,No,Yes,Yes,Yes,Yes,Restricted
C1633,R1633,Machinery and Equipment,No,Yes,Yes,Yes,No,Warning
C1634,R1634,Machinery and Equipment,No,Yes,Yes,Yes,Yes,Restricted
C1635,R1635,Machinery and Equipment,Yes,Yes,Yes,Yes,No,Warning
C1636,R1636,General Cargo,No,Yes,Yes,Yes,No,Warning
C1637,R1637,General Cargo,Yes,Yes,Yes,No,Yes,Restricted
C1638,R1638,General Cargo,No,No,Yes,Yes,No,Valid
C1639,R1639,General Cargo,Yes,Yes,Yes,Yes,No,Warning
C1640,R1640,General Cargo,Yes,No,Yes,Yes,No,Warning
C1641,R1641,Electronics,Yes,No,Yes,No,No,Warning
C1642,R1642,Electronics,No,Yes,Yes,No,Yes,Restricted
C1643,R1643,Electronics,Yes,No,Yes,No,Yes,Restricted
C1644,R1644,Electronics,Yes,Yes,Yes,Yes,No,Valid
C1645,R1645,Electronics,Yes,Yes,Yes,No,Yes,Restricted
C1646,R1646,Automotive,Yes,No,Yes,Yes,No,Valid
C1647,R1647,Automotive,No,Yes,Yes,No,Yes,Restricted
C1648,R1648,Automotive,No,No,Yes,Yes,No,Warning
C1649,R1649,Automotive,Yes,Yes,Yes,Yes,No,Warning
C1650,R1650,Automotive,Yes,Yes,Yes,Yes,Yes,Restricted
C1651,R1651,Machinery and Equipment,Yes,No,No,Yes,Yes,Restricted
C1652,R1652,Machinery and Equipment,Yes,Yes,Yes,Yes,Yes,Restricted
C1653,R1653,Machinery and Equipment,No,Yes,Yes,Yes,Yes,Restricted
C1654,R1654,Machinery and Equipment,Yes,Yes,Yes,Yes,Yes,Restricted
C1655,R1655,Machinery and Equipment,Yes,Yes,Yes,Yes,Yes,Restricted
C1656,R1656,General Cargo,Yes,Yes,Yes,Yes,Yes,Restricted
C1657,R1657,General Cargo,Yes,Yes,Yes,No,No,Warning
C1658,R1658,General Cargo,Yes,Yes,Yes,Yes,Yes,Restricted
C1659,R1659,General Cargo,Yes,No,Yes,Yes,No,Warning
C1660,R1660,General Cargo,Yes,Yes,Yes,Yes,No,Warning
C1661,R1661,Electronics,No,Yes,Yes,Yes,No,Valid
C1662,R1662,Electronics,Yes,No,No,Yes,No,Warning
C1663,R1663,Electronics,No,Yes,Yes,No,Yes,Restricted
C1664,R1664,Electronics,Yes,Yes,Yes,Yes,No,Warning
C1665,R1665,Electronics,Yes,Yes,Yes,Yes,No,Valid
C1666,R1666,Automotive,No,Yes,Yes,Yes,No,Warning
C1667,R1667,Automotive,No,Yes,Yes,Yes,No,Warning
C1668,R1668,Automotive,No,Yes,Yes,No,No,Valid
C1669,R1669,Automotive,No,No,Yes,Yes,No,Valid
C1670,R1670,Automotive,Yes,Yes,Yes,No,No,Valid
C1671,R1671,Machinery and Equipment,Yes,Yes,Yes,Yes,No,Warning
C1672,R1672,Machinery and Equipment,Yes,Yes,Yes,Yes,Yes,Restricted
C1673,R1673,Machinery and Equipment,No,Yes,Yes,Yes,No,Warning
C1674,R1674,Machinery and Equipment,Yes,Yes,Yes,No,No,Warning
C1675,R1675,Machinery and Equipment,Yes,Yes,Yes,Yes,No,Warning
C1676,R1676,General Cargo,Yes,Yes,Yes,Yes,No,Warning
C1677,R1677,General Cargo,Yes,Yes,Yes,Yes,No,Valid
C1678,R1678,General Cargo,Yes,No,Yes,Yes,No,Warning
C1679,R1679,General Cargo,Yes,No,Yes,Yes,Yes,Restricted
C1680,R1680,General Cargo,No,Yes,No,Yes,No,Warning
C1681,R1681,Electronics,Yes,Yes,Yes,Yes,No,Valid
C1682,R1682,Electronics,Yes,Yes,Yes,Yes,No,Valid
C1683,R1683,Electronics,Yes,Yes,Yes,Yes,No,Valid
C1684,R1684,Electronics,No,Yes,Yes,No,No,Valid
C1685,R1685,Electronics,No,No,No,Yes,No,Warning
C1686,R1686,Automotive,No,Yes,Yes,No,Yes,Restricted
C1687,R1687,Automotive,No,Yes,Yes,Yes,No,Warning
C1688,R1688,Automotive,Yes,Yes,Yes,No,No,Valid
C1689,R1689,Automotive,Yes,No,Yes,No,Yes,Restricted
C1690,R1690,Automotive,Yes,Yes,No,No,Yes,Restricted
C1691,R1691,Machinery and Equipment,No,Yes,Yes,Yes,No,Valid
C1692,R1692,Machinery and Equipment,No,No,Yes,No,No,Warning
C1693,R1693,Machinery and Equipment,Yes,No,Yes,Yes,No,Warning
C1694,R1694,Machinery and Equipment,No,Yes,Yes,No,No,Warning
C1695,R1695,Machinery and Equipment,No,No,Yes,Yes,No,Warning
C1696,R1696,General Cargo,No,Yes,Yes,Yes,Yes,Restricted
C1697,R1697,General Cargo,Yes,Yes,Yes,No,No,Warning
C1698,R1698,General Cargo,Yes,Yes,Yes,No,No,Valid
C1699,R1699,General Cargo,Yes,No,Yes,No,Yes,Restricted
C1700,R1700,General Cargo,Yes,Yes,Yes,Yes,No,Valid
C1701,R1701,Electronics,Yes,Yes,Yes,No,Yes,Restricted
C1702,R1702,Electronics,Yes,Yes,No,Yes,No,Valid
C1703,R1703,Electronics,Yes,Yes,No,No,Yes,Restricted
C1704,R1704,Electronics,No,Yes,Yes,Yes,No,Warning
C1705,R1705,Electronics,Yes,Yes,Yes,Yes,No,Valid
C1706,R1706,Automotive,No,No,Yes,No,No,Valid
C1707,R1707,Automotive,Yes,No,No,Yes,No,Valid
C1708,R1708,Automotive,Yes,No,Yes,No,No,Valid
C1709,R1709,Automotive,Yes,Yes,Yes,Yes,No,Warning
C1710,R1710,Automotive,No,Yes,Yes,Yes,No,Warning
C1711,R1711,Machinery and Equipment,Yes,No,Yes,Yes,No,Valid
C1712,R1712,Machinery and Equipment,Yes,Yes,Yes,No,No,Warning
C1713,R1713,Machinery and Equipment,Yes,Yes,Yes,Yes,No,Warning
C1714,R1714,Machinery and Equipment,Yes,Yes,Yes,No,No,Valid
C1715,R1715,Machinery and Equipment,Yes,Yes,Yes,Yes,Yes,Restricted
C1716,R1716,General Cargo,Yes,Yes,Yes,Yes,No,Warning
C1717,R1717,General Cargo,No,Yes,Yes,Yes,Yes,Restricted
C1718,R1718,General Cargo,Yes,Yes,Yes,Yes,No,Valid
C1719,R1719,General Cargo,Yes,Yes,Yes,Yes,Yes,Restricted
C1720,R1720,General Cargo,Yes,Yes,Yes,Yes,No,Warning
C1721,R1721,Electronics,No,Yes,Yes,Yes,No,Warning
C1722,R1722,Electronics,Yes,No,Yes,Yes,No,Valid
C1723,R1723,Electronics,Yes,No,Yes,Yes,No,Valid
C1724,R1724,Electronics,No,Yes,Yes,Yes,Yes,Restricted
C1725,R1725,Electronics,Yes,Yes,Yes,No,Yes,Restricted
C1726,R1726,Automotive,Yes,Yes,Yes,Yes,No,Warning
C1727,R1727,Automotive,Yes,No,Yes,Yes,No,Warning
C1728,R1728,Automotive,Yes,No,Yes,Yes,No,Valid
C1729,R1729,Automotive,Yes,Yes,Yes,Yes,Yes,Restricted
C1730,R1730,Automotive,No,No,Yes,Yes,No,Valid
C1731,R1731,Machinery and Equipment,No,Yes,Yes,No,Yes,Restricted
C1732,R1732,Machinery and Equipment,Yes,Yes,Yes,Yes,No,Valid
C1733,R1733,Machinery and Equipment,No,No,Yes,Yes,No,Valid
C1734,R1734,Machinery and Equipment,Yes,Yes,Yes,Yes,No,Warning
C1735,R1735,Machinery and Equipment,No,Yes,Yes,Yes,No,Valid
C1736,R1736,General Cargo,No,No,Yes,No,No,Warning
C1737,R1737,General Cargo,Yes,Yes,Yes,Yes,No,Valid
C1738,R1738,General Cargo,No,Yes,Yes,Yes,No,Valid
C1739,R1739,General Cargo,No,Yes,Yes,Yes,No,Warning
C1740,R1740,General Cargo,Yes,No,No,Yes,No,Valid
C1741,R1741,Electronics,No,No,Yes,Yes,No,Valid
C1742,R1742,Electronics,Yes,Yes,Yes,Yes,No,Warning
C1743,R1743,Electronics,Yes,Yes,Yes,Yes,Yes,Restricted
C1744,R1744,Electronics,Yes,Yes,Yes,Yes,No,Warning
C1745,R1745,Electronics,No,No,Yes,Yes,No,Warning
C1746,R1746,Automotive,No,Yes,Yes,Yes,No,Valid
C1747,R1747,Automotive,Yes,Yes,Yes,Yes,No,Valid
C1748,R1748,Automotive,Yes,Yes,No,Yes,No,Warning
C1749,R1749,Automotive,Yes,Yes,Yes,No,Yes,Restricted
C1750,R1750,Automotive,Yes,No,Yes,Yes,No,Warning
C1751,R1751,Machinery and Equipment,Yes,Yes,Yes,Yes,Yes,Restricted
C1752,R1752,Machinery and Equipment,Yes,No,Yes,No,No,Valid
C1753,R1753,Machinery and Equipment,Yes,Yes,Yes,Yes,No,Warning
C1754,R1754,Machinery and Equipment,Yes,Yes,Yes,Yes,Yes,Restricted
C1755,R1755,Machinery and Equipment,Yes,Yes,Yes,No,No,Valid
C1756,R1756,General Cargo,Yes,Yes,Yes,Yes,No,Valid
C1757,R1757,General Cargo,Yes,Yes,Yes,Yes,No,Valid
C1758,R1758,General Cargo,Yes,No,Yes,Yes,No,Valid
C1759,R1759,General Cargo,Yes,Yes,Yes,Yes,No,Valid
C1760,R1760,General Cargo,Yes,No,Yes,No,Yes,Restricted
C1761,R1761,Electronics,Yes,Yes,Yes,No,No,Valid
C1762,R1762,Electronics,Yes,Yes,Yes,Yes,Yes,Restricted
C1763,R1763,Electronics,Yes,No,Yes,Yes,No,Warning
C1764,R1764,Electronics,Yes,Yes,Yes,No,No,Warning
C1765,R1765,Electronics,Yes,No,Yes,Yes,No,Valid
C1766,R1766,Automotive,Yes,Yes,Yes,Yes,Yes,Restricted
C1767,R1767,Automotive,Yes,Yes,Yes,Yes,Yes,Restricted
C1768,R1768,Automotive,Yes,Yes,Yes,Yes,Yes,Restricted
C1769,R1769,Automotive,No,No,Yes,Yes,Yes,Restricted
C1770,R1770,Automotive,Yes,No,Yes,Yes,No,Valid
C1771,R1771,Machinery and Equipment,No,Yes,Yes,Yes,No,Warning
C1772,R1772,Machinery and Equipment,Yes,Yes,Yes,Yes,No,Warning
C1773,R1773,Machinery and Equipment,No,Yes,Yes,Yes,Yes,Restricted
C1774,R1774,Machinery and Equipment,Yes,No,Yes,Yes,Yes,Restricted
C1775,R1775,Machinery and Equipment,Yes,Yes,Yes,Yes,No,Warning
C1776,R1776,General Cargo,No,No,Yes,No,Yes,Restricted
C1777,R1777,General Cargo,Yes,No,No,No,No,Valid
C1778,R1778,General Cargo,Yes,Yes,Yes,No,Yes,Restricted
C1779,R1779,General Cargo,Yes,Yes,Yes,Yes,Yes,Restricted
C1780,R1780,General Cargo,Yes,Yes,Yes,Yes,Yes,Restricted
C1781,R1781,Electronics,No,No,Yes,No,Yes,Restricted
C1782,R1782,Electronics,Yes,Yes,Yes,Yes,No,Valid
C1783,R1783,Electronics,Yes,Yes,Yes,Yes,No,Warning
C1784,R1784,Electronics,No,No,Yes,Yes,No,Valid
C1785,R1785,Electronics,No,No,Yes,Yes,No,Warning
C1786,R1786,Automotive,Yes,No,Yes,Yes,No,Valid
C1787,R1787,Automotive,Yes,No,Yes,Yes,No,Valid
C1788,R1788,Automotive,Yes,Yes,Yes,Yes,No,Valid
C1789,R1789,Automotive,Yes,Yes,Yes,Yes,Yes,Restricted
C1790,R1790,Automotive,Yes,Yes,Yes,Yes,No,Warning
C1791,R1791,Machinery and Equipment,Yes,Yes,Yes,Yes,Yes,Restricted
C1792,R1792,Machinery and Equipment,No,Yes,Yes,Yes,Yes,Restricted
C1793,R1793,Machinery and Equipment,Yes,Yes,Yes,Yes,Yes,Restricted
C1794,R1794,Machinery and Equipment,Yes,Yes,Yes,Yes,Yes,Restricted
C1795,R1795,Machinery and Equipment,Yes,Yes,Yes,No,No,Warning
C1796,R1796,General Cargo,No,Yes,Yes,Yes,No,Valid
C1797,R1797,General Cargo,Yes,Yes,Yes,Yes,Yes,Restricted
C1798,R1798,General Cargo,No,Yes,Yes,Yes,No,Warning
C1799,R1799,General Cargo,Yes,Yes,Yes,Yes,No,Warning
C1800,R1800,General Cargo,Yes,No,Yes,Yes,No,Valid
C1801,R1801,Electronics,Yes,Yes,Yes,No,No,Valid
C1802,R1802,Electronics,Yes,No,Yes,Yes,No,Warning
C1803,R1803,Electronics,Yes,Yes,Yes,No,No,Valid
C1804,R1804,Electronics,Yes,Yes,Yes,Yes,No,Warning
C1805,R1805,Electronics,Yes,Yes,Yes,Yes,Yes,Restricted
C1806,R1806,Automotive,Yes,Yes,Yes,Yes,No,Valid
C1807,R1807,Automotive,Yes,Yes,Yes,No,No,Warning
C1808,R1808,Automotive,Yes,Yes,Yes,Yes,No,Valid
C1809,R1809,Automotive,Yes,No,Yes,Yes,Yes,Restricted
C1810,R1810,Automotive,Yes,Yes,Yes,Yes,No,Valid
C1811,R1811,Machinery and Equipment,Yes,Yes,No,Yes,Yes,Restricted
C1812,R1812,Machinery and Equipment,Yes,Yes,Yes,Yes,No,Warning
C1813,R1813,Machinery and Equipment,Yes,No,Yes,Yes,Yes,Restricted
C1814,R1814,Machinery and Equipment,Yes,No,Yes,Yes,No,Valid
C1815,R1815,Machinery and Equipment,Yes,Yes,Yes,Yes,Yes,Restricted
C1816,R1816,General Cargo,Yes,Yes,No,Yes,No,Valid
C1817,R1817,General Cargo,Yes,Yes,Yes,Yes,No,Valid
C1818,R1818,General Cargo,No,No,Yes,Yes,Yes,Restricted
C1819,R1819,General Cargo,Yes,Yes,Yes,Yes,Yes,Restricted
C1820,R1820,General Cargo,Yes,No,Yes,No,No,Valid
C1821,R1821,Electronics,Yes,Yes,Yes,Yes,No,Valid
C1822,R1822,Electronics,No,Yes,No,Yes,No,Warning
C1823,R1823,Electronics,Yes,Yes,Yes,Yes,No,Valid
C1824,R1824,Electronics,Yes,Yes,Yes,Yes,No,Valid
C1825,R1825,Electronics,Yes,No,Yes,No,Yes,Restricted
C1826,R1826,Automotive,Yes,Yes,Yes,No,No,Valid
C1827,R1827,Automotive,Yes,No,Yes,No,Yes,Restricted
C1828,R1828,Automotive,Yes,Yes,No,Yes,No,Valid
C1829,R1829,Automotive,Yes,Yes,Yes,No,No,Warning
C1830,R1830,Automotive,Yes,Yes,Yes,Yes,No,Valid
C1831,R1831,Machinery and Equipment,No,Yes,Yes,Yes,No,Valid
C1832,R1832,Machinery and Equipment,Yes,Yes,Yes,Yes,No,Valid
C1833,R1833,Machinery and Equipment,Yes,Yes,Yes,Yes,No,Warning
C1834,R1834,Machinery and Equipment,Yes,Yes,Yes,Yes,No,Valid
C1835,R1835,Machinery and Equipment,Yes,Yes,Yes,No,Yes,Restricted
C1836,R1836,General Cargo,No,No,Yes,No,Yes,Restricted
C1837,R1837,General Cargo,Yes,No,Yes,Yes,No,Valid
C1838,R1838,General Cargo,Yes,Yes,No,Yes,No,Warning
C1839,R1839,General Cargo,Yes,No,Yes,No,No,Warning
C1840,R1840,General Cargo,Yes,Yes,Yes,Yes,Yes,Restricted
C1841,R1841,Electronics,Yes,No,Yes,Yes,Yes,Restricted
C1842,R1842,Electronics,Yes,Yes,Yes,Yes,No,Valid
C1843,R1843,Electronics,Yes,Yes,Yes,Yes,No,Valid
C1844,R1844,Electronics,No,No,Yes,Yes,Yes,Restricted
C1845,R1845,Electronics,Yes,Yes,Yes,Yes,No,Warning
C1846,R1846,Automotive,Yes,Yes,Yes,No,No,Warning
C1847,R1847,Automotive,Yes,Yes,No,Yes,No,Valid
C1848,R1848,Automotive,No,No,Yes,No,No,Warning
C1849,R1849,Automotive,Yes,No,Yes,Yes,No,Warning
C1850,R1850,Automotive,No,No,Yes,Yes,No,Valid
C1851,R1851,Machinery and Equipment,Yes,No,Yes,Yes,Yes,Restricted
C1852,R1852,Machinery and Equipment,No,No,No,Yes,No,Warning
C1853,R1853,Machinery and Equipment,No,No,Yes,Yes,No,Valid
C1854,R1854,Machinery and Equipment,No,Yes,Yes,Yes,Yes,Restricted
C1855,R1855,Machinery and Equipment,No,No,Yes,Yes,Yes,Restricted
C1856,R1856,General Cargo,Yes,Yes,Yes,No,Yes,Restricted
C1857,R1857,General Cargo,No,Yes,Yes,Yes,Yes,Restricted
C1858,R1858,General Cargo,No,No,Yes,Yes,No,Valid
C1859,R1859,General Cargo,Yes,Yes,Yes,Yes,Yes,Restricted
C1860,R1860,General Cargo,Yes,No,Yes,Yes,Yes,Restricted
C1861,R1861,Electronics,Yes,Yes,Yes,Yes,No,Valid
C1862,R1862,Electronics,Yes,No,Yes,Yes,No,Warning
C1863,R1863,Electronics,Yes,Yes,Yes,Yes,No,Valid
C1864,R1864,Electronics,Yes,No,Yes,Yes,No,Valid
C1865,R1865,Electronics,Yes,Yes,No,Yes,No,Valid
C1866,R1866,Automotive,Yes,Yes,Yes,Yes,Yes,Restricted
C1867,R1867,Automotive,Yes,Yes,Yes,Yes,Yes,Restricted
C1868,R1868,Automotive,No,No,Yes,Yes,No,Valid
C1869,R1869,Automotive,Yes,No,Yes,No,No,Warning
C1870,R1870,Automotive,Yes,No,Yes,Yes,No,Valid
C1871,R1871,Machinery and Equipment,No,Yes,Yes,Yes,No,Warning
C1872,R1872,Machinery and Equipment,No,Yes,No,Yes,No,Warning
C1873,R1873,Machinery and Equipment,No,No,No,No,Yes,Restricted
C1874,R1874,Machinery and Equipment,Yes,Yes,Yes,Yes,Yes,Restricted
C1875,R1875,Machinery and Equipment,Yes,Yes,Yes,Yes,No,Valid
C1876,R1876,General Cargo,Yes,Yes,Yes,No,No,Warning
C1877,R1877,General Cargo,No,Yes,Yes,Yes,No,Valid
C1878,R1878,General Cargo,No,Yes,Yes,Yes,No,Valid
C1879,R1879,General Cargo,Yes,Yes,Yes,Yes,Yes,Restricted
C1880,R1880,General Cargo,Yes,Yes,Yes,Yes,No,Warning
C1881,R1881,Electronics,Yes,Yes,Yes,Yes,No,Warning
C1882,R1882,Electronics,Yes,Yes,Yes,Yes,No,Valid
C1883,R1883,Electronics,Yes,Yes,No,Yes,No,Valid
C1884,R1884,Electronics,Yes,Yes,Yes,No,No,Warning
C1885,R1885,Electronics,Yes,Yes,Yes,No,No,Warning
C1886,R1886,Automotive,Yes,Yes,Yes,Yes,No,Valid
C1887,R1887,Automotive,Yes,No,Yes,No,No,Warning
C1888,R1888,Automotive,Yes,Yes,Yes,Yes,No,Valid
C1889,R1889,Automotive,Yes,Yes,Yes,No,No,Valid
C1890,R1890,Automotive,Yes,Yes,Yes,Yes,Yes,Restricted
C1891,R1891,Machinery and Equipment,No,No,No,Yes,Yes,Restricted
C1892,R1892,Machinery and Equipment,Yes,No,Yes,Yes,Yes,Restricted
C1893,R1893,Machinery and Equipment,Yes,No,Yes,Yes,Yes,Restricted
C1894,R1894,Machinery and Equipment,Yes,Yes,Yes,Yes,No,Valid
C1895,R1895,Machinery and Equipment,Yes,Yes,Yes,Yes,Yes,Restricted
C1896,R1896,General Cargo,Yes,Yes,Yes,Yes,Yes,Restricted
C1897,R1897,General Cargo,Yes,No,No,Yes,No,Warning
C1898,R1898,General Cargo,Yes,No,Yes,Yes,No,Warning
C1899,R1899,General Cargo,Yes,Yes,No,Yes,Yes,Restricted
C1900,R1900,General Cargo,Yes,Yes,Yes,No,Yes,Restricted
C1901,R1901,Electronics,Yes,Yes,Yes,Yes,No,Valid
C1902,R1902,Electronics,No,Yes,Yes,Yes,No,Warning
C1903,R1903,Electronics,No,Yes,Yes,Yes,No,Warning
C1904,R1904,Electronics,Yes,No,Yes,Yes,No,Warning
C1905,R1905,Electronics,No,Yes,Yes,Yes,No,Valid
C1906,R1906,Automotive,Yes,Yes,Yes,Yes,No,Warning
C1907,R1907,Automotive,Yes,Yes,Yes,No,Yes,Restricted
C1908,R1908,Automotive,Yes,No,Yes,Yes,Yes,Restricted
C1909,R1909,Automotive,No,Yes,Yes,Yes,No,Valid
C1910,R1910,Automotive,Yes,Yes,Yes,Yes,Yes,Restricted
C1911,R1911,Machinery and Equipment,No,Yes,Yes,No,No,Warning
C1912,R1912,Machinery and Equipment,No,Yes,Yes,Yes,No,Warning
C1913,R1913,Machinery and Equipment,Yes,No,Yes,Yes,No,Valid
C1914,R1914,Machinery and Equipment,No,Yes,Yes,Yes,No,Valid
C1915,R1915,Machinery and Equipment,Yes,Yes,Yes,Yes,No,Valid
C1916,R1916,General Cargo,Yes,No,Yes,Yes,No,Warning
C1917,R1917,General Cargo,Yes,Yes,Yes,Yes,Yes,Restricted
C1918,R1918,General Cargo,Yes,Yes,Yes,Yes,Yes,Restricted
C1919,R1919,General Cargo,Yes,Yes,Yes,Yes,Yes,Restricted
C1920,R1920,General Cargo,Yes,Yes,Yes,No,No,Valid
C1921,R1921,Electronics,Yes,Yes,Yes,Yes,Yes,Restricted
C1922,R1922,Electronics,Yes,Yes,Yes,Yes,No,Valid
C1923,R1923,Electronics,Yes,Yes,Yes,Yes,No,Valid
C1924,R1924,Electronics,No,No,Yes,Yes,No,Warning
C1925,R1925,Electronics,Yes,Yes,Yes,Yes,Yes,Restricted
C1926,R1926,Automotive,Yes,Yes,Yes,Yes,No,Valid
C1927,R1927,Automotive,Yes,Yes,Yes,Yes,No,Warning
C1928,R1928,Automotive,Yes,Yes,Yes,No,No,Valid
C1929,R1929,Automotive,Yes,Yes,Yes,No,No,Valid
C1930,R1930,Automotive,Yes,Yes,Yes,No,Yes,Restricted
C1931,R1931,Machinery and Equipment,Yes,No,Yes,No,Yes,Restricted
C1932,R1932,Machinery and Equipment,No,Yes,Yes,No,No,Valid
C1933,R1933,Machinery and Equipment,No,Yes,Yes,Yes,Yes,Restricted
C1934,R1934,Machinery and Equipment,No,Yes,Yes,Yes,No,Warning
C1935,R1935,Machinery and Equipment,Yes,No,Yes,No,No,Valid
C1936,R1936,General Cargo,No,No,Yes,Yes,Yes,Restricted
C1937,R1937,General Cargo,Yes,No,Yes,No,No,Warning
C1938,R1938,General Cargo,Yes,Yes,Yes,Yes,Yes,Restricted
C1939,R1939,General Cargo,Yes,Yes,Yes,Yes,No,Valid
C1940,R1940,General Cargo,Yes,No,Yes,Yes,No,Warning
C1941,R1941,Electronics,Yes,Yes,Yes,Yes,No,Valid
C1942,R1942,Electronics,No,Yes,Yes,Yes,No,Valid
C1943,R1943,Electronics,Yes,Yes,Yes,Yes,Yes,Restricted
C1944,R1944,Electronics,No,Yes,Yes,Yes,No,Valid
C1945,R1945,Electronics,Yes,No,Yes,Yes,No,Warning
C1946,R1946,Automotive,Yes,Yes,No,Yes,No,Valid
C1947,R1947,Automotive,Yes,Yes,Yes,Yes,No,Valid
C1948,R1948,Automotive,Yes,Yes,Yes,Yes,No,Warning
C1949,R1949,Automotive,Yes,Yes,Yes,Yes,No,Warning
C1950,R1950,Automotive,Yes,Yes,Yes,Yes,No,Warning
C1951,R1951,Machinery and Equipment,Yes,Yes,Yes,Yes,Yes,Restricted
C1952,R1952,Machinery and Equipment,Yes,Yes,Yes,Yes,No,Valid
C1953,R1953,Machinery and Equipment,Yes,Yes,Yes,Yes,Yes,Restricted
C1954,R1954,Machinery and Equipment,Yes,No,Yes,No,No,Valid
C1955,R1955,Machinery and Equipment,Yes,Yes,Yes,Yes,Yes,Restricted
C1956,R1956,General Cargo,Yes,Yes,Yes,Yes,No,Valid
C1957,R1957,General Cargo,No,Yes,Yes,Yes,Yes,Restricted
C1958,R1958,General Cargo,Yes,Yes,Yes,Yes,No,Warning
C1959,R1959,General Cargo,Yes,Yes,Yes,Yes,No,Valid
C1960,R1960,General Cargo,Yes,Yes,Yes,Yes,Yes,Restricted
C1961,R1961,Electronics,No,Yes,Yes,Yes,Yes,Restricted
C1962,R1962,Electronics,Yes,Yes,Yes,Yes,Yes,Restricted
C1963,R1963,Electronics,Yes,No,Yes,Yes,No,Warning
C1964,R1964,Electronics,No,Yes,Yes,Yes,No,Warning
C1965,R1965,Electronics,Yes,Yes,Yes,Yes,No,Valid
C1966,R1966,Automotive,No,No,Yes,Yes,No,Warning
C1967,R1967,Automotive,Yes,Yes,Yes,Yes,No,Warning
C1968,R1968,Automotive,Yes,Yes,Yes,Yes,No,Warning
C1969,R1969,Automotive,No,Yes,Yes,Yes,No,Warning
C1970,R1970,Automotive,Yes,Yes,Yes,Yes,No,Warning
C1971,R1971,Machinery and Equipment,Yes,No,Yes,Yes,No,Valid
C1972,R1972,Machinery and Equipment,No,Yes,Yes,Yes,No,Warning
C1973,R1973,Machinery and Equipment,Yes,Yes,Yes,No,No,Warning
C1974,R1974,Machinery and Equipment,Yes,Yes,Yes,Yes,Yes,Restricted
C1975,R1975,Machinery and Equipment,No,Yes,Yes,Yes,No,Valid
C1976,R1976,General Cargo,No,Yes,Yes,Yes,No,Warning
C1977,R1977,General Cargo,Yes,No,Yes,No,No,Warning
C1978,R1978,General Cargo,Yes,Yes,Yes,Yes,No,Warning
C1979,R1979,General Cargo,Yes,Yes,Yes,Yes,No,Valid
C1980,R1980,General Cargo,Yes,No,Yes,Yes,No,Valid
C1981,R1981,Electronics,Yes,Yes,Yes,Yes,No,Valid
C1982,R1982,Electronics,No,Yes,No,Yes,No,Warning
C1983,R1983,Electronics,Yes,Yes,Yes,Yes,No,Warning
C1984,R1984,Electronics,Yes,Yes,Yes,Yes,No,Warning
C1985,R1985,Electronics,Yes,No,Yes,No,No,Valid
C1986,R1986,Automotive,No,Yes,Yes,Yes,No,Warning
C1987,R1987,Automotive,Yes,Yes,Yes,Yes,Yes,Restricted
C1988,R1988,Automotive,Yes,Yes,No,No,No,Warning
C1989,R1989,Automotive,Yes,Yes,Yes,Yes,No,Warning
C1990,R1990,Automotive,Yes,Yes,Yes,Yes,Yes,Restricted
C1991,R1991,Machinery and Equipment,Yes,Yes,Yes,Yes,Yes,Restricted
C1992,R1992,Machinery and Equipment,Yes,Yes,Yes,Yes,Yes,Restricted
C1993,R1993,Machinery and Equipment,Yes,Yes,Yes,Yes,No,Warning
C1994,R1994,Machinery and Equipment,No,Yes,No,Yes,Yes,Restricted
C1995,R1995,Machinery and Equipment,Yes,Yes,Yes,No,No,Valid
C1996,R1996,General Cargo,Yes,Yes,Yes,Yes,No,Valid
C1997,R1997,General Cargo,Yes,No,Yes,No,No,Valid
C1998,R1998,General Cargo,Yes,Yes,Yes,Yes,Yes,Restricted
C1999,R1999,General Cargo,Yes,Yes,Yes,Yes,No,Warning
C2000,R2000,General Cargo,Yes,Yes,Yes,Yes,Yes,Restricted
C2001,R2001,Electronics,Yes,Yes,Yes,Yes,No,Warning
C2002,R2002,Electronics,No,No,Yes,Yes,No,Valid
C2003,R2003,Electronics,No,Yes,Yes,No,No,Warning
C2004,R2004,Electronics,No,No,Yes,No,No,Valid
C2005,R2005,Electronics,No,Yes,Yes,Yes,Yes,Restricted
C2006,R2006,Automotive,No,Yes,Yes,Yes,Yes,Restricted
C2007,R2007,Automotive,Yes,No,No,No,No,Valid
C2008,R2008,Automotive,Yes,No,Yes,Yes,No,Valid
C2009,R2009,Automotive,No,Yes,Yes,Yes,No,Valid
C2010,R2010,Automotive,Yes,Yes,Yes,No,No,Warning
C2011,R2011,Machinery and Equipment,Yes,Yes,Yes,Yes,No,Warning
C2012,R2012,Machinery and Equipment,Yes,Yes,Yes,Yes,No,Valid
C2013,R2013,Machinery and Equipment,Yes,Yes,Yes,Yes,Yes,Restricted
C2014,R2014,Machinery and Equipment,Yes,Yes,Yes,No,No,Valid
C2015,R2015,Machinery and Equipment,Yes,Yes,Yes,Yes,No,Valid
C2016,R2016,General Cargo,Yes,No,Yes,Yes,Yes,Restricted
C2017,R2017,General Cargo,Yes,Yes,Yes,Yes,No,Warning
C2018,R2018,General Cargo,Yes,Yes,Yes,Yes,Yes,Restricted
C2019,R2019,General Cargo,No,Yes,Yes,Yes,Yes,Restricted
C2020,R2020,General Cargo,Yes,Yes,Yes,Yes,No,Warning
C2021,R2021,Electronics,Yes,Yes,Yes,No,Yes,Restricted
C2022,R2022,Electronics,Yes,Yes,Yes,Yes,Yes,Restricted
C2023,R2023,Electronics,No,Yes,No,Yes,No,Valid
C2024,R2024,Electronics,Yes,Yes,Yes,No,No,Valid
C2025,R2025,Electronics,Yes,Yes,Yes,Yes,Yes,Restricted
C2026,R2026,Automotive,Yes,Yes,Yes,No,Yes,Restricted
C2027,R2027,Automotive,No,Yes,Yes,Yes,No,Valid
C2028,R2028,Automotive,Yes,No,Yes,Yes,Yes,Restricted
C2029,R2029,Automotive,Yes,Yes,Yes,No,No,Warning
C2030,R2030,Automotive,Yes,Yes,Yes,Yes,Yes,Restricted
C2031,R2031,Machinery and Equipment,Yes,Yes,Yes,Yes,No,Warning
C2032,R2032,Machinery and Equipment,Yes,Yes,Yes,Yes,No,Warning
C2033,R2033,Machinery and Equipment,Yes,No,Yes,Yes,Yes,Restricted
C2034,R2034,Machinery and Equipment,Yes,Yes,Yes,Yes,No,Valid
C2035,R2035,Machinery and Equipment,Yes,Yes,Yes,Yes,No,Warning
C2036,R2036,General Cargo,Yes,Yes,No,Yes,No,Warning
C2037,R2037,General Cargo,Yes,Yes,Yes,Yes,No,Warning
C2038,R2038,General Cargo,No,Yes,Yes,Yes,No,Valid
C2039,R2039,General Cargo,No,No,No,Yes,No,Valid
C2040,R2040,General Cargo,Yes,No,Yes,Yes,No,Valid
C2041,R2041,Electronics,No,Yes,Yes,Yes,Yes,Restricted
C2042,R2042,Electronics,No,Yes,Yes,Yes,No,Valid
C2043,R2043,Electronics,Yes,Yes,Yes,Yes,No,Warning
C2044,R2044,Electronics,Yes,No,Yes,Yes,Yes,Restricted
C2045,R2045,Electronics,Yes,Yes,Yes,Yes,No,Warning
C2046,R2046,Automotive,Yes,Yes,Yes,Yes,No,Warning
C2047,R2047,Automotive,No,Yes,Yes,Yes,No,Valid
C2048,R2048,Automotive,No,Yes,Yes,No,No,Valid
C2049,R2049,Automotive,Yes,Yes,Yes,Yes,No,Warning
C2050,R2050,Automotive,Yes,Yes,Yes,Yes,No,Warning
C2051,R2051,Machinery and Equipment,Yes,Yes,Yes,Yes,No,Warning
C2052,R2052,Machinery and Equipment,Yes,Yes,Yes,Yes,No,Valid
C2053,R2053,Machinery and Equipment,Yes,Yes,Yes,Yes,No,Valid
C2054,R2054,Machinery and Equipment,Yes,Yes,Yes,Yes,No,Valid
C2055,R2055,Machinery and Equipment,Yes,Yes,Yes,Yes,No,Valid
C2056,R2056,General Cargo,Yes,No,Yes,No,No,Valid
C2057,R2057,General Cargo,Yes,Yes,Yes,Yes,Yes,Restricted
C2058,R2058,General Cargo,No,Yes,Yes,Yes,No,Warning
C2059,R2059,General Cargo,No,No,Yes,Yes,No,Warning
C2060,R2060,General Cargo,Yes,Yes,Yes,No,No,Warning
C2061,R2061,Electronics,Yes,Yes,Yes,Yes,Yes,Restricted
C2062,R2062,Electronics,No,Yes,Yes,Yes,No,Valid
C2063,R2063,Electronics,No,Yes,No,Yes,Yes,Restricted
C2064,R2064,Electronics,No,No,Yes,Yes,No,Valid
C2065,R2065,Electronics,No,Yes,Yes,No,No,Warning
C2066,R2066,Automotive,Yes,Yes,Yes,Yes,No,Warning
C2067,R2067,Automotive,Yes,Yes,Yes,Yes,No,Valid
C2068,R2068,Automotive,Yes,Yes,Yes,Yes,Yes,Restricted
C2069,R2069,Automotive,Yes,No,No,Yes,No,Warning
C2070,R2070,Automotive,Yes,Yes,Yes,Yes,No,Warning
C2071,R2071,Machinery and Equipment,No,Yes,Yes,Yes,Yes,Restricted
C2072,R2072,Machinery and Equipment,Yes,Yes,Yes,Yes,Yes,Restricted
C2073,R2073,Machinery and Equipment,Yes,Yes,Yes,Yes,Yes,Restricted
C2074,R2074,Machinery and Equipment,No,No,Yes,No,No,Warning
C2075,R2075,Machinery and Equipment,No,No,Yes,No,No,Valid
C2076,R2076,General Cargo,No,Yes,Yes,Yes,No,Valid
C2077,R2077,General Cargo,Yes,Yes,Yes,No,Yes,Restricted
C2078,R2078,General Cargo,No,Yes,No,Yes,No,Warning
C2079,R2079,General Cargo,Yes,Yes,Yes,Yes,No,Valid
C2080,R2080,General Cargo,No,Yes,Yes,Yes,No,Warning
C2081,R2081,Electronics,Yes,Yes,Yes,Yes,Yes,Restricted
C2082,R2082,Electronics,Yes,Yes,Yes,Yes,No,Warning
C2083,R2083,Electronics,Yes,Yes,Yes,No,No,Warning
C2084,R2084,Electronics,Yes,No,Yes,Yes,Yes,Restricted
C2085,R2085,Electronics,Yes,Yes,Yes,No,Yes,Restricted
C2086,R2086,Automotive,Yes,Yes,Yes,Yes,No,Valid
C2087,R2087,Automotive,Yes,Yes,Yes,Yes,No,Valid
C2088,R2088,Automotive,No,Yes,Yes,Yes,Yes,Restricted
C2089,R2089,Automotive,No,No,Yes,Yes,No,Valid
C2090,R2090,Automotive,No,No,Yes,Yes,No,Valid
C2091,R2091,Machinery and Equipment,No,Yes,Yes,No,No,Warning
C2092,R2092,Machinery and Equipment,Yes,Yes,Yes,Yes,Yes,Restricted
C2093,R2093,Machinery and Equipment,Yes,Yes,Yes,No,No,Warning
C2094,R2094,Machinery and Equipment,Yes,No,Yes,No,No,Valid
C2095,R2095,Machinery and Equipment,Yes,Yes,Yes,No,No,Valid
C2096,R2096,General Cargo,No,Yes,No,Yes,No,Warning
C2097,R2097,General Cargo,Yes,Yes,Yes,Yes,Yes,Restricted
C2098,R2098,General Cargo,No,Yes,Yes,No,Yes,Restricted
C2099,R2099,General Cargo,Yes,Yes,Yes,No,Yes,Restricted
C2100,R2100,General Cargo,Yes,No,No,Yes,No,Warning
C2101,R2101,Electronics,Yes,Yes,Yes,Yes,No,Warning
C2102,R2102,Electronics,Yes,Yes,Yes,Yes,Yes,Restricted
C2103,R2103,Electronics,No,Yes,Yes,Yes,No,Warning
C2104,R2104,Electronics,No,No,Yes,Yes,No,Valid
C2105,R2105,Electronics,Yes,Yes,Yes,No,No,Valid
C2106,R2106,Automotive,Yes,Yes,Yes,Yes,No,Warning
C2107,R2107,Automotive,Yes,Yes,Yes,Yes,No,Valid
C2108,R2108,Automotive,Yes,Yes,Yes,Yes,Yes,Restricted
C2109,R2109,Automotive,Yes,No,Yes,No,Yes,Restricted
C2110,R2110,Automotive,Yes,Yes,Yes,Yes,No,Warning
C2111,R2111,Machinery and Equipment,Yes,No,Yes,Yes,No,Warning
C2112,R2112,Machinery and Equipment,Yes,Yes,Yes,Yes,No,Warning
C2113,R2113,Machinery and Equipment,Yes,Yes,Yes,Yes,No,Warning
C2114,R2114,Machinery and Equipment,Yes,No,Yes,Yes,No,Valid
C2115,R2115,Machinery and Equipment,Yes,No,Yes,No,Yes,Restricted
C2116,R2116,General Cargo,Yes,Yes,Yes,Yes,No,Valid
C2117,R2117,General Cargo,Yes,Yes,Yes,No,No,Valid
C2118,R2118,General Cargo,No,Yes,Yes,No,No,Warning
C2119,R2119,General Cargo,No,Yes,Yes,Yes,No,Valid
C2120,R2120,General Cargo,No,Yes,Yes,Yes,No,Warning
C2121,R2121,Electronics,Yes,Yes,Yes,Yes,No,Warning
C2122,R2122,Electronics,No,Yes,Yes,Yes,No,Valid
C2123,R2123,Electronics,No,Yes,Yes,Yes,Yes,Restricted
C2124,R2124,Electronics,Yes,No,Yes,Yes,No,Valid
C2125,R2125,Electronics,No,Yes,Yes,No,No,Valid
C2126,R2126,Automotive,Yes,Yes,Yes,Yes,No,Valid
C2127,R2127,Automotive,Yes,Yes,Yes,Yes,No,Valid
C2128,R2128,Automotive,Yes,No,Yes,Yes,No,Warning
C2129,R2129,Automotive,No,No,Yes,Yes,Yes,Restricted
C2130,R2130,Automotive,Yes,Yes,Yes,Yes,No,Warning
C2131,R2131,Machinery and Equipment,Yes,Yes,Yes,Yes,No,Valid
C2132,R2132,Machinery and Equipment,Yes,Yes,Yes,Yes,No,Valid
C2133,R2133,Machinery and Equipment,Yes,No,Yes,Yes,Yes,Restricted
C2134,R2134,Machinery and Equipment,Yes,Yes,Yes,Yes,No,Valid
C2135,R2135,Machinery and Equipment,Yes,No,Yes,No,Yes,Restricted
C2136,R2136,General Cargo,Yes,No,Yes,Yes,Yes,Restricted
C2137,R2137,General Cargo,Yes,Yes,Yes,No,No,Warning
C2138,R2138,General Cargo,No,No,Yes,Yes,No,Warning
C2139,R2139,General Cargo,Yes,Yes,Yes,No,Yes,Restricted
C2140,R2140,General Cargo,No,Yes,Yes,No,No,Valid
C2141,R2141,Electronics,No,No,Yes,No,Yes,Restricted
C2142,R2142,Electronics,Yes,Yes,No,Yes,No,Warning
C2143,R2143,Electronics,Yes,Yes,Yes,Yes,No,Warning
C2144,R2144,Electronics,No,Yes,Yes,Yes,No,Valid
C2145,R2145,Electronics,Yes,Yes,Yes,Yes,Yes,Restricted
C2146,R2146,Automotive,Yes,No,Yes,Yes,No,Valid
C2147,R2147,Automotive,No,Yes,Yes,No,No,Valid
C2148,R2148,Automotive,No,Yes,Yes,Yes,No,Valid
C2149,R2149,Automotive,Yes,Yes,Yes,Yes,No,Warning
C2150,R2150,Automotive,No,Yes,Yes,Yes,No,Warning
C2151,R2151,Machinery and Equipment,Yes,Yes,Yes,Yes,Yes,Restricted
C2152,R2152,Machinery and Equipment,Yes,No,No,Yes,Yes,Restricted
C2153,R2153,Machinery and Equipment,Yes,Yes,Yes,Yes,Yes,Restricted
C2154,R2154,Machinery and Equipment,No,Yes,Yes,Yes,No,Warning
C2155,R2155,Machinery and Equipment,Yes,Yes,Yes,Yes,No,Valid
C2156,R2156,General Cargo,Yes,Yes,Yes,Yes,No,Valid
C2157,R2157,General Cargo,Yes,Yes,Yes,Yes,No,Warning
C2158,R2158,General Cargo,Yes,No,Yes,Yes,No,Valid
C2159,R2159,General Cargo,Yes,Yes,No,No,No,Valid
C2160,R2160,General Cargo,Yes,Yes,Yes,Yes,No,Valid
C2161,R2161,Electronics,Yes,Yes,No,Yes,Yes,Restricted
C2162,R2162,Electronics,No,Yes,Yes,No,No,Valid
C2163,R2163,Electronics,Yes,Yes,Yes,Yes,Yes,Restricted
C2164,R2164,Electronics,Yes,Yes,Yes,Yes,Yes,Restricted
C2165,R2165,Electronics,Yes,Yes,Yes,Yes,No,Warning
C2166,R2166,Automotive,Yes,Yes,Yes,Yes,Yes,Restricted
C2167,R2167,Automotive,Yes,Yes,Yes,No,No,Warning
C2168,R2168,Automotive,Yes,Yes,Yes,Yes,No,Warning
C2169,R2169,Automotive,Yes,No,Yes,Yes,No,Valid
C2170,R2170,Automotive,Yes,No,Yes,Yes,No,Valid
C2171,R2171,Machinery and Equipment,Yes,Yes,Yes,Yes,No,Valid
C2172,R2172,Machinery and Equipment,Yes,Yes,Yes,Yes,No,Warning
C2173,R2173,Machinery and Equipment,Yes,No,Yes,Yes,No,Valid
C2174,R2174,Machinery and Equipment,Yes,Yes,Yes,Yes,No,Warning
C2175,R2175,Machinery and Equipment,Yes,No,Yes,Yes,Yes,Restricted
C2176,R2176,General Cargo,No,Yes,Yes,No,No,Warning
C2177,R2177,General Cargo,Yes,Yes,Yes,Yes,No,Warning
C2178,R2178,General Cargo,Yes,Yes,Yes,Yes,No,Valid
C2179,R2179,General Cargo,No,Yes,Yes,No,No,Warning
C2180,R2180,General Cargo,Yes,Yes,No,Yes,No,Valid
C2181,R2181,Electronics,Yes,No,Yes,Yes,No,Valid
C2182,R2182,Electronics,Yes,Yes,Yes,Yes,No,Valid
C2183,R2183,Electronics,Yes,No,Yes,Yes,Yes,Restricted
C2184,R2184,Electronics,Yes,Yes,Yes,Yes,Yes,Restricted
C2185,R2185,Electronics,Yes,Yes,Yes,Yes,No,Warning
C2186,R2186,Automotive,Yes,No,Yes,No,Yes,Restricted
C2187,R2187,Automotive,Yes,Yes,Yes,Yes,No,Warning
C2188,R2188,Automotive,Yes,Yes,Yes,No,Yes,Restricted
C2189,R2189,Automotive,Yes,No,Yes,Yes,No,Warning
C2190,R2190,Automotive,Yes,Yes,Yes,Yes,No,Valid
C2191,R2191,Machinery and Equipment,Yes,Yes,Yes,Yes,Yes,Restricted
C2192,R2192,Machinery and Equipment,Yes,No,Yes,No,No,Valid
C2193,R2193,Machinery and Equipment,Yes,Yes,No,No,No,Warning
C2194,R2194,Machinery and Equipment,Yes,No,Yes,Yes,Yes,Restricted
C2195,R2195,Machinery and Equipment,Yes,Yes,Yes,Yes,Yes,Restricted
C2196,R2196,General Cargo,Yes,Yes,Yes,Yes,No,Warning
C2197,R2197,General Cargo,Yes,No,Yes,Yes,Yes,Restricted
C2198,R2198,General Cargo,Yes,Yes,No,No,No,Warning
C2199,R2199,General Cargo,Yes,No,Yes,Yes,No,Valid
C2200,R2200,General Cargo,No,Yes,Yes,Yes,Yes,Restricted
C2201,R2201,Electronics,Yes,Yes,Yes,No,No,Warning
C2202,R2202,Electronics,Yes,Yes,Yes,Yes,No,Valid
C2203,R2203,Electronics,No,Yes,Yes,Yes,No,Warning
C2204,R2204,Electronics,Yes,Yes,Yes,Yes,No,Valid
C2205,R2205,Electronics,No,Yes,Yes,Yes,Yes,Restricted
C2206,R2206,Automotive,No,Yes,Yes,Yes,Yes,Restricted
C2207,R2207,Automotive,Yes,Yes,Yes,Yes,No,Valid
C2208,R2208,Automotive,No,Yes,Yes,Yes,No,Warning
C2209,R2209,Automotive,No,Yes,Yes,Yes,No,Valid
C2210,R2210,Automotive,Yes,Yes,Yes,Yes,No,Valid
C2211,R2211,Machinery and Equipment,Yes,Yes,Yes,No,No,Warning
C2212,R2212,Machinery and Equipment,Yes,Yes,Yes,Yes,Yes,Restricted
C2213,R2213,Machinery and Equipment,Yes,Yes,Yes,Yes,Yes,Restricted
C2214,R2214,Machinery and Equipment,No,Yes,No,Yes,No,Warning
C2215,R2215,Machinery and Equipment,Yes,Yes,Yes,Yes,Yes,Restricted
C2216,R2216,General Cargo,No,No,No,No,Yes,Restricted
C2217,R2217,General Cargo,Yes,Yes,Yes,Yes,No,Valid
C2218,R2218,General Cargo,Yes,Yes,Yes,Yes,No,Valid
C2219,R2219,General Cargo,Yes,Yes,Yes,Yes,Yes,Restricted
C2220,R2220,General Cargo,No,Yes,Yes,Yes,No,Warning
C2221,R2221,Electronics,Yes,Yes,Yes,Yes,No,Valid
C2222,R2222,Electronics,Yes,Yes,Yes,Yes,No,Valid
C2223,R2223,Electronics,Yes,Yes,Yes,Yes,Yes,Restricted
C2224,R2224,Electronics,Yes,No,Yes,No,No,Warning
C2225,R2225,Electronics,Yes,No,Yes,Yes,No,Valid
C2226,R2226,Automotive,Yes,No,Yes,No,Yes,Restricted
C2227,R2227,Automotive,No,No,Yes,No,Yes,Restricted
C2228,R2228,Automotive,Yes,No,Yes,Yes,Yes,Restricted
C2229,R2229,Automotive,Yes,Yes,No,Yes,No,Valid
C2230,R2230,Automotive,Yes,Yes,Yes,Yes,No,Valid
C2231,R2231,Machinery and Equipment,Yes,Yes,Yes,No,No,Warning
C2232,R2232,Machinery and Equipment,No,Yes,Yes,Yes,No,Valid
C2233,R2233,Machinery and Equipment,Yes,No,Yes,Yes,No,Warning
C2234,R2234,Machinery and Equipment,No,No,Yes,No,No,Warning
C2235,R2235,Machinery and Equipment,No,Yes,Yes,Yes,No,Warning
C2236,R2236,General Cargo,Yes,No,Yes,No,Yes,Restricted
C2237,R2237,General Cargo,Yes,Yes,Yes,Yes,No,Valid
C2238,R2238,General Cargo,Yes,Yes,Yes,Yes,Yes,Restricted
C2239,R2239,General Cargo,No,Yes,Yes,Yes,Yes,Restricted
C2240,R2240,General Cargo,No,Yes,Yes,Yes,No,Valid
C2241,R2241,Electronics,Yes,Yes,Yes,Yes,Yes,Restricted
C2242,R2242,Electronics,Yes,No,Yes,No,No,Warning
C2243,R2243,Electronics,Yes,Yes,Yes,Yes,No,Warning
C2244,R2244,Electronics,Yes,Yes,Yes,Yes,No,Valid
C2245,R2245,Electronics,Yes,Yes,Yes,No,Yes,Restricted
C2246,R2246,Automotive,No,Yes,Yes,No,Yes,Restricted
C2247,R2247,Automotive,Yes,Yes,Yes,Yes,Yes,Restricted
C2248,R2248,Automotive,Yes,Yes,Yes,Yes,Yes,Restricted
C2249,R2249,Automotive,Yes,Yes,Yes,Yes,No,Valid
C2250,R2250,Automotive,Yes,Yes,Yes,Yes,No,Warning
C2251,R2251,Machinery and Equipment,Yes,Yes,Yes,Yes,Yes,Restricted
C2252,R2252,Machinery and Equipment,Yes,Yes,Yes,No,Yes,Restricted
C2253,R2253,Machinery and Equipment,Yes,Yes,Yes,Yes,Yes,Restricted
C2254,R2254,Machinery and Equipment,Yes,Yes,Yes,Yes,Yes,Restricted
C2255,R2255,Machinery and Equipment,Yes,Yes,Yes,Yes,Yes,Restricted
C2256,R2256,General Cargo,No,Yes,Yes,Yes,No,Warning
C2257,R2257,General Cargo,Yes,Yes,Yes,Yes,No,Valid
C2258,R2258,General Cargo,Yes,Yes,Yes,Yes,Yes,Restricted
C2259,R2259,General Cargo,Yes,Yes,Yes,Yes,No,Warning
C2260,R2260,General Cargo,Yes,Yes,Yes,No,Yes,Restricted
C2261,R2261,Electronics,Yes,Yes,Yes,Yes,No,Valid
C2262,R2262,Electronics,Yes,No,Yes,Yes,No,Warning
C2263,R2263,Electronics,Yes,No,Yes,No,No,Warning
C2264,R2264,Electronics,Yes,Yes,Yes,Yes,No,Valid
C2265,R2265,Electronics,Yes,Yes,Yes,Yes,No,Valid
C2266,R2266,Automotive,No,Yes,Yes,Yes,No,Valid
C2267,R2267,Automotive,Yes,Yes,Yes,No,No,Valid
C2268,R2268,Automotive,No,No,No,Yes,No,Valid
C2269,R2269,Automotive,Yes,No,Yes,Yes,No,Valid
C2270,R2270,Automotive,Yes,Yes,Yes,Yes,Yes,Restricted
C2271,R2271,Machinery and Equipment,Yes,Yes,Yes,Yes,No,Valid
C2272,R2272,Machinery and Equipment,No,Yes,Yes,Yes,Yes,Restricted
C2273,R2273,Machinery and Equipment,Yes,Yes,Yes,Yes,No,Warning
C2274,R2274,Machinery and Equipment,Yes,No,Yes,Yes,No,Valid
C2275,R2275,Machinery and Equipment,Yes,Yes,No,Yes,Yes,Restricted
C2276,R2276,General Cargo,Yes,Yes,Yes,Yes,Yes,Restricted
C2277,R2277,General Cargo,Yes,Yes,Yes,Yes,No,Valid
C2278,R2278,General Cargo,Yes,Yes,Yes,No,No,Warning
C2279,R2279,General Cargo,No,No,Yes,Yes,No,Warning
C2280,R2280,General Cargo,Yes,No,Yes,No,Yes,Restricted
C2281,R2281,Electronics,Yes,Yes,Yes,Yes,Yes,Restricted
C2282,R2282,Electronics,Yes,Yes,Yes,Yes,No,Valid
C2283,R2283,Electronics,No,Yes,Yes,No,No,Warning
C2284,R2284,Electronics,No,No,Yes,Yes,No,Valid
C2285,R2285,Electronics,No,Yes,Yes,Yes,No,Warning
C2286,R2286,Automotive,Yes,Yes,Yes,Yes,No,Valid
C2287,R2287,Automotive,Yes,Yes,Yes,Yes,No,Warning
C2288,R2288,Automotive,Yes,No,Yes,Yes,No,Valid
C2289,R2289,Automotive,No,Yes,Yes,Yes,No,Valid
C2290,R2290,Automotive,Yes,Yes,Yes,Yes,No,Warning
C2291,R2291,Machinery and Equipment,Yes,Yes,Yes,Yes,No,Warning
C2292,R2292,Machinery and Equipment,Yes,Yes,No,Yes,Yes,Restricted
C2293,R2293,Machinery and Equipment,Yes,Yes,Yes,Yes,No,Warning
C2294,R2294,Machinery and Equipment,Yes,Yes,Yes,Yes,No,Warning
C2295,R2295,Machinery and Equipment,Yes,Yes,Yes,Yes,Yes,Restricted
C2296,R2296,General Cargo,No,No,Yes,No,No,Warning
C2297,R2297,General Cargo,Yes,Yes,Yes,Yes,No,Warning
C2298,R2298,General Cargo,Yes,Yes,Yes,Yes,No,Warning
C2299,R2299,General Cargo,Yes,Yes,Yes,Yes,No,Warning
C2300,R2300,General Cargo,Yes,Yes,No,Yes,No,Warning
C2301,R2301,Electronics,Yes,Yes,Yes,Yes,No,Warning
C2302,R2302,Electronics,Yes,No,Yes,Yes,Yes,Restricted
C2303,R2303,Electronics,Yes,Yes,Yes,Yes,Yes,Restricted
C2304,R2304,Electronics,Yes,Yes,Yes,Yes,No,Valid
C2305,R2305,Electronics,Yes,No,Yes,Yes,Yes,Restricted
C2306,R2306,Automotive,Yes,Yes,Yes,Yes,No,Valid
C2307,R2307,Automotive,Yes,Yes,Yes,Yes,No,Valid
C2308,R2308,Automotive,Yes,Yes,Yes,No,Yes,Restricted
C2309,R2309,Automotive,No,Yes,Yes,Yes,No,Warning
C2310,R2310,Automotive,Yes,No,Yes,No,No,Warning
C2311,R2311,Machinery and Equipment,Yes,No,Yes,Yes,Yes,Restricted
C2312,R2312,Machinery and Equipment,Yes,No,Yes,Yes,No,Warning
C2313,R2313,Machinery and Equipment,Yes,Yes,Yes,Yes,Yes,Restricted
C2314,R2314,Machinery and Equipment,Yes,Yes,No,Yes,No,Warning
C2315,R2315,Machinery and Equipment,Yes,Yes,Yes,No,Yes,Restricted
C2316,R2316,General Cargo,No,Yes,Yes,Yes,No,Warning
C2317,R2317,General Cargo,Yes,Yes,Yes,No,No,Warning
C2318,R2318,General Cargo,Yes,Yes,Yes,Yes,No,Warning
C2319,R2319,General Cargo,Yes,Yes,Yes,Yes,No,Warning
C2320,R2320,General Cargo,Yes,Yes,Yes,Yes,No,Valid
C2321,R2321,Electronics,Yes,Yes,No,No,No,Warning
C2322,R2322,Electronics,No,Yes,Yes,Yes,No,Valid
C2323,R2323,Electronics,Yes,Yes,Yes,Yes,No,Warning
C2324,R2324,Electronics,Yes,No,Yes,No,Yes,Restricted
C2325,R2325,Electronics,Yes,Yes,Yes,Yes,Yes,Restricted
C2326,R2326,Automotive,No,Yes,Yes,Yes,No,Warning
C2327,R2327,Automotive,Yes,Yes,Yes,Yes,No,Valid
C2328,R2328,Automotive,Yes,Yes,Yes,Yes,No,Warning
C2329,R2329,Automotive,Yes,Yes,Yes,Yes,No,Warning
C2330,R2330,Automotive,Yes,No,Yes,Yes,Yes,Restricted
C2331,R2331,Machinery and Equipment,Yes,Yes,Yes,Yes,Yes,Restricted
C2332,R2332,Machinery and Equipment,No,No,Yes,Yes,No,Valid
C2333,R2333,Machinery and Equipment,Yes,Yes,Yes,Yes,Yes,Restricted
C2334,R2334,Machinery and Equipment,Yes,No,Yes,Yes,No,Valid
C2335,R2335,Machinery and Equipment,No,No,Yes,Yes,No,Valid
C2336,R2336,General Cargo,Yes,Yes,Yes,Yes,Yes,Restricted
C2337,R2337,General Cargo,No,No,Yes,Yes,Yes,Restricted
C2338,R2338,General Cargo,No,No,Yes,Yes,No,Warning
C2339,R2339,General Cargo,Yes,Yes,Yes,No,No,Warning
C2340,R2340,General Cargo,Yes,Yes,Yes,Yes,Yes,Restricted
C2341,R2341,Electronics,No,Yes,Yes,No,No,Valid
C2342,R2342,Electronics,Yes,Yes,Yes,No,No,Valid
C2343,R2343,Electronics,Yes,Yes,Yes,Yes,No,Valid
C2344,R2344,Electronics,Yes,No,Yes,Yes,No,Valid
C2345,R2345,Electronics,Yes,Yes,Yes,Yes,Yes,Restricted
C2346,R2346,Automotive,No,Yes,Yes,Yes,Yes,Restricted
C2347,R2347,Automotive,Yes,Yes,Yes,Yes,Yes,Restricted
C2348,R2348,Automotive,No,No,Yes,No,No,Valid
C2349,R2349,Automotive,Yes,Yes,Yes,Yes,No,Warning
C2350,R2350,Automotive,Yes,Yes,Yes,Yes,No,Warning
C2351,R2351,Machinery and Equipment,No,Yes,No,Yes,No,Valid
C2352,R2352,Machinery and Equipment,Yes,No,Yes,No,Yes,Restricted
C2353,R2353,Machinery and Equipment,Yes,No,Yes,Yes,No,Valid
C2354,R2354,Machinery and Equipment,Yes,Yes,Yes,No,No,Warning
C2355,R2355,Machinery and Equipment,Yes,No,Yes,Yes,No,Valid
C2356,R2356,General Cargo,Yes,Yes,Yes,Yes,No,Warning
C2357,R2357,General Cargo,No,Yes,No,Yes,No,Valid
C2358,R2358,General Cargo,No,Yes,Yes,Yes,Yes,Restricted
C2359,R2359,General Cargo,Yes,Yes,Yes,Yes,No,Valid
C2360,R2360,General Cargo,Yes,No,Yes,Yes,Yes,Restricted
C2361,R2361,Electronics,Yes,No,Yes,Yes,Yes,Restricted
C2362,R2362,Electronics,Yes,Yes,Yes,Yes,No,Warning
C2363,R2363,Electronics,Yes,Yes,No,Yes,No,Valid
C2364,R2364,Electronics,Yes,No,Yes,Yes,No,Valid
C2365,R2365,Electronics,Yes,Yes,Yes,No,No,Warning
C2366,R2366,Automotive,No,No,Yes,Yes,No,Valid
C2367,R2367,Automotive,Yes,Yes,Yes,No,No,Valid
C2368,R2368,Automotive,No,Yes,Yes,No,Yes,Restricted
C2369,R2369,Automotive,Yes,Yes,No,Yes,Yes,Restricted
C2370,R2370,Automotive,Yes,Yes,No,Yes,No,Warning
C2371,R2371,Machinery and Equipment,Yes,No,Yes,No,No,Warning
C2372,R2372,Machinery and Equipment,Yes,Yes,Yes,Yes,No,Warning
C2373,R2373,Machinery and Equipment,Yes,No,Yes,No,Yes,Restricted
C2374,R2374,Machinery and Equipment,Yes,No,Yes,Yes,No,Warning
C2375,R2375,Machinery and Equipment,No,No,No,Yes,No,Warning
C2376,R2376,General Cargo,Yes,Yes,Yes,Yes,Yes,Restricted
C2377,R2377,General Cargo,Yes,Yes,Yes,No,No,Valid
C2378,R2378,General Cargo,No,Yes,Yes,Yes,No,Valid
C2379,R2379,General Cargo,No,Yes,Yes,No,No,Warning
C2380,R2380,General Cargo,Yes,Yes,No,Yes,Yes,Restricted
C2381,R2381,Electronics,Yes,Yes,No,No,Yes,Restricted
C2382,R2382,Electronics,Yes,No,Yes,Yes,Yes,Restricted
C2383,R2383,Electronics,No,No,Yes,Yes,Yes,Restricted
C2384,R2384,Electronics,No,Yes,Yes,Yes,No,Warning
C2385,R2385,Electronics,No,Yes,Yes,No,No,Valid
C2386,R2386,Automotive,No,Yes,Yes,Yes,No,Valid
C2387,R2387,Automotive,Yes,Yes,Yes,Yes,No,Warning
C2388,R2388,Automotive,Yes,Yes,Yes,Yes,No,Valid
C2389,R2389,Automotive,Yes,Yes,Yes,Yes,Yes,Restricted
C2390,R2390,Automotive,No,No,Yes,Yes,No,Valid
C2391,R2391,Machinery and Equipment,Yes,Yes,Yes,Yes,No,Warning
C2392,R2392,Machinery and Equipment,Yes,Yes,Yes,Yes,No,Valid
C2393,R2393,Machinery and Equipment,Yes,Yes,Yes,Yes,No,Warning
C2394,R2394,Machinery and Equipment,Yes,Yes,Yes,No,Yes,Restricted
C2395,R2395,Machinery and Equipment,Yes,No,Yes,No,Yes,Restricted
C2396,R2396,General Cargo,Yes,Yes,Yes,Yes,No,Warning
C2397,R2397,General Cargo,No,Yes,Yes,Yes,Yes,Restricted
C2398,R2398,General Cargo,No,Yes,Yes,Yes,Yes,Restricted
C2399,R2399,General Cargo,Yes,Yes,No,Yes,Yes,Restricted
C2400,R2400,General Cargo,Yes,Yes,Yes,Yes,No,Valid
C2401,R2401,Electronics,No,Yes,Yes,Yes,No,Valid
C2402,R2402,Electronics,Yes,Yes,Yes,Yes,No,Valid
C2403,R2403,Electronics,No,No,Yes,Yes,No,Warning
C2404,R2404,Electronics,No,Yes,Yes,Yes,No,Warning
C2405,R2405,Electronics,Yes,No,Yes,Yes,No,Valid
C2406,R2406,Automotive,Yes,No,Yes,Yes,Yes,Restricted
C2407,R2407,Automotive,No,Yes,Yes,Yes,No,Valid
C2408,R2408,Automotive,Yes,Yes,No,Yes,Yes,Restricted
C2409,R2409,Automotive,Yes,Yes,Yes,No,No,Warning
C2410,R2410,Automotive,Yes,No,Yes,Yes,Yes,Restricted
C2411,R2411,Machinery and Equipment,Yes,Yes,Yes,No,No,Warning
C2412,R2412,Machinery and Equipment,No,Yes,Yes,Yes,No,Warning
C2413,R2413,Machinery and Equipment,Yes,Yes,Yes,Yes,No,Warning
C2414,R2414,Machinery and Equipment,Yes,Yes,Yes,No,No,Warning
C2415,R2415,Machinery and Equipment,No,Yes,Yes,Yes,No,Warning
C2416,R2416,General Cargo,Yes,Yes,Yes,Yes,No,Warning
C2417,R2417,General Cargo,Yes,Yes,Yes,No,No,Warning
C2418,R2418,General Cargo,No,Yes,Yes,Yes,No,Warning
C2419,R2419,General Cargo,Yes,No,Yes,Yes,Yes,Restricted
C2420,R2420,General Cargo,Yes,Yes,Yes,Yes,Yes,Restricted
C2421,R2421,Electronics,Yes,No,Yes,Yes,No,Warning
C2422,R2422,Electronics,No,Yes,Yes,Yes,Yes,Restricted
C2423,R2423,Electronics,No,Yes,Yes,No,No,Warning
C2424,R2424,Electronics,Yes,Yes,Yes,Yes,No,Valid
C2425,R2425,Electronics,Yes,Yes,Yes,Yes,No,Valid
C2426,R2426,Automotive,Yes,Yes,Yes,Yes,No,Valid
C2427,R2427,Automotive,Yes,Yes,Yes,Yes,No,Valid
C2428,R2428,Automotive,Yes,Yes,Yes,No,No,Valid
C2429,R2429,Automotive,No,No,Yes,Yes,No,Warning
C2430,R2430,Automotive,Yes,Yes,Yes,Yes,No,Warning
C2431,R2431,Machinery and Equipment,Yes,Yes,Yes,No,No,Warning
C2432,R2432,Machinery and Equipment,No,Yes,Yes,Yes,No,Valid
C2433,R2433,Machinery and Equipment,Yes,Yes,No,No,No,Warning
C2434,R2434,Machinery and Equipment,No,Yes,No,Yes,No,Valid
C2435,R2435,Machinery and Equipment,Yes,Yes,Yes,Yes,No,Valid
C2436,R2436,General Cargo,Yes,Yes,Yes,No,No,Valid
C2437,R2437,General Cargo,No,No,Yes,Yes,Yes,Restricted
C2438,R2438,General Cargo,Yes,No,Yes,Yes,No,Valid
C2439,R2439,General Cargo,Yes,Yes,Yes,No,No,Warning
C2440,R2440,General Cargo,Yes,No,Yes,No,No,Warning
C2441,R2441,Electronics,Yes,Yes,Yes,Yes,No,Warning
C2442,R2442,Electronics,Yes,Yes,Yes,Yes,No,Valid
C2443,R2443,Electronics,Yes,Yes,No,Yes,No,Warning
C2444,R2444,Electronics,Yes,Yes,Yes,Yes,Yes,Restricted
C2445,R2445,Electronics,Yes,No,Yes,Yes,Yes,Restricted
C2446,R2446,Automotive,Yes,No,Yes,Yes,No,Valid
C2447,R2447,Automotive,Yes,Yes,Yes,Yes,Yes,Restricted
C2448,R2448,Automotive,Yes,Yes,Yes,Yes,No,Valid
C2449,R2449,Automotive,Yes,Yes,Yes,Yes,No,Valid
C2450,R2450,Automotive,Yes,Yes,Yes,Yes,No,Warning
C2451,R2451,Machinery and Equipment,Yes,Yes,Yes,Yes,Yes,Restricted
C2452,R2452,Machinery and Equipment,No,Yes,Yes,No,No,Valid
C2453,R2453,Machinery and Equipment,Yes,Yes,Yes,Yes,Yes,Restricted
C2454,R2454,Machinery and Equipment,Yes,Yes,Yes,No,No,Valid
C2455,R2455,Machinery and Equipment,No,Yes,Yes,Yes,No,Valid
C2456,R2456,General Cargo,Yes,No,Yes,No,No,Valid
C2457,R2457,General Cargo,Yes,No,Yes,Yes,Yes,Restricted
C2458,R2458,General Cargo,Yes,Yes,Yes,No,No,Valid
C2459,R2459,General Cargo,Yes,Yes,Yes,Yes,Yes,Restricted
C2460,R2460,General Cargo,Yes,No,Yes,Yes,No,Warning
C2461,R2461,Electronics,Yes,Yes,Yes,No,No,Warning
C2462,R2462,Electronics,Yes,Yes,Yes,No,No,Warning
C2463,R2463,Electronics,Yes,Yes,Yes,No,Yes,Restricted
C2464,R2464,Electronics,Yes,Yes,Yes,No,Yes,Restricted
C2465,R2465,Electronics,Yes,No,Yes,Yes,Yes,Restricted
C2466,R2466,Automotive,Yes,Yes,Yes,Yes,Yes,Restricted
C2467,R2467,Automotive,No,Yes,Yes,Yes,No,Warning
C2468,R2468,Automotive,Yes,Yes,Yes,Yes,Yes,Restricted
C2469,R2469,Automotive,Yes,Yes,Yes,Yes,No,Warning
C2470,R2470,Automotive,Yes,Yes,Yes,Yes,Yes,Restricted
C2471,R2471,Machinery and Equipment,Yes,No,Yes,Yes,No,Valid
C2472,R2472,Machinery and Equipment,Yes,Yes,Yes,Yes,No,Valid
C2473,R2473,Machinery and Equipment,Yes,No,Yes,No,No,Warning
C2474,R2474,Machinery and Equipment,Yes,Yes,Yes,No,No,Valid
C2475,R2475,Machinery and Equipment,Yes,Yes,Yes,No,No,Warning
C2476,R2476,General Cargo,Yes,Yes,Yes,Yes,No,Warning
C2477,R2477,General Cargo,No,Yes,Yes,Yes,No,Warning
C2478,R2478,General Cargo,Yes,Yes,Yes,Yes,Yes,Restricted
C2479,R2479,General Cargo,No,Yes,Yes,Yes,Yes,Restricted
C2480,R2480,General Cargo,Yes,Yes,Yes,Yes,Yes,Restricted
C2481,R2481,Electronics,Yes,Yes,Yes,No,Yes,Restricted
C2482,R2482,Electronics,Yes,Yes,Yes,Yes,No,Valid
C2483,R2483,Electronics,Yes,Yes,Yes,Yes,No,Warning
C2484,R2484,Electronics,Yes,Yes,Yes,Yes,No,Valid
C2485,R2485,Electronics,No,Yes,Yes,No,No,Warning
C2486,R2486,Automotive,No,Yes,Yes,Yes,No,Warning
C2487,R2487,Automotive,No,Yes,Yes,Yes,No,Valid
C2488,R2488,Automotive,Yes,Yes,Yes,No,No,Valid
C2489,R2489,Automotive,Yes,Yes,Yes,Yes,No,Warning
C2490,R2490,Automotive,Yes,Yes,Yes,Yes,No,Warning
C2491,R2491,Machinery and Equipment,Yes,No,Yes,Yes,No,Warning
C2492,R2492,Machinery and Equipment,Yes,Yes,Yes,Yes,No,Warning
C2493,R2493,Machinery and Equipment,Yes,Yes,Yes,Yes,No,Warning
C2494,R2494,Machinery and Equipment,Yes,No,Yes,Yes,No,Valid
C2495,R2495,Machinery and Equipment,Yes,Yes,Yes,No,No,Warning
C2496,R2496,General Cargo,Yes,No,No,Yes,No,Valid
C2497,R2497,General Cargo,Yes,Yes,Yes,Yes,No,Valid
C2498,R2498,General Cargo,Yes,Yes,Yes,No,No,Valid
C2499,R2499,General Cargo,No,Yes,Yes,Yes,No,Warning
C2500,R2500,General Cargo,Yes,Yes,Yes,Yes,No,Warning
C2501,R2501,Electronics,No,Yes,Yes,Yes,Yes,Restricted
C2502,R2502,Electronics,No,Yes,No,Yes,No,Valid
C2503,R2503,Electronics,No,No,Yes,Yes,Yes,Restricted
C2504,R2504,Electronics,Yes,Yes,Yes,Yes,No,Warning
C2505,R2505,Electronics,Yes,Yes,Yes,Yes,No,Valid
C2506,R2506,Automotive,Yes,Yes,Yes,Yes,No,Valid
C2507,R2507,Automotive,No,Yes,No,Yes,No,Valid
C2508,R2508,Automotive,No,No,Yes,Yes,No,Warning
C2509,R2509,Automotive,No,Yes,Yes,Yes,No,Warning
C2510,R2510,Automotive,Yes,Yes,Yes,Yes,No,Warning
C2511,R2511,Machinery and Equipment,Yes,Yes,Yes,Yes,No,Valid
C2512,R2512,Machinery and Equipment,Yes,Yes,Yes,Yes,No,Valid
C2513,R2513,Machinery and Equipment,Yes,Yes,Yes,Yes,No,Warning
C2514,R2514,Machinery and Equipment,No,No,Yes,Yes,No,Valid
C2515,R2515,Machinery and Equipment,No,Yes,Yes,Yes,No,Warning
C2516,R2516,General Cargo,Yes,No,Yes,Yes,No,Warning
C2517,R2517,General Cargo,No,Yes,Yes,Yes,Yes,Restricted
C2518,R2518,General Cargo,Yes,Yes,Yes,Yes,No,Valid
C2519,R2519,General Cargo,Yes,Yes,Yes,Yes,Yes,Restricted
C2520,R2520,General Cargo,Yes,Yes,Yes,Yes,Yes,Restricted
C2521,R2521,Electronics,Yes,Yes,Yes,Yes,No,Valid
C2522,R2522,Electronics,Yes,No,Yes,Yes,No,Warning
C2523,R2523,Electronics,Yes,Yes,Yes,Yes,No,Warning
C2524,R2524,Electronics,Yes,Yes,Yes,No,No,Warning
C2525,R2525,Electronics,No,Yes,Yes,No,Yes,Restricted
C2526,R2526,Automotive,Yes,No,Yes,No,Yes,Restricted
C2527,R2527,Automotive,Yes,Yes,Yes,Yes,Yes,Restricted
C2528,R2528,Automotive,Yes,Yes,No,No,No,Warning
C2529,R2529,Automotive,Yes,Yes,Yes,Yes,No,Valid
C2530,R2530,Automotive,No,Yes,Yes,Yes,No,Warning
C2531,R2531,Machinery and Equipment,Yes,Yes,Yes,No,No,Warning
C2532,R2532,Machinery and Equipment,No,No,Yes,Yes,Yes,Restricted
C2533,R2533,Machinery and Equipment,No,Yes,Yes,No,Yes,Restricted
C2534,R2534,Machinery and Equipment,Yes,Yes,Yes,No,Yes,Restricted
C2535,R2535,Machinery and Equipment,Yes,Yes,Yes,No,No,Valid
C2536,R2536,General Cargo,Yes,Yes,Yes,No,No,Valid
C2537,R2537,General Cargo,Yes,Yes,Yes,Yes,No,Valid
C2538,R2538,General Cargo,Yes,Yes,No,No,Yes,Restricted
C2539,R2539,General Cargo,No,Yes,Yes,Yes,No,Warning
C2540,R2540,General Cargo,Yes,No,Yes,Yes,Yes,Restricted
C2541,R2541,Electronics,Yes,Yes,Yes,Yes,No,Valid
C2542,R2542,Electronics,Yes,No,Yes,Yes,No,Warning
C2543,R2543,Electronics,Yes,Yes,Yes,No,Yes,Restricted
C2544,R2544,Electronics,Yes,No,Yes,Yes,No,Warning
C2545,R2545,Electronics,Yes,Yes,Yes,Yes,Yes,Restricted
C2546,R2546,Automotive,No,Yes,Yes,Yes,Yes,Restricted
C2547,R2547,Automotive,No,Yes,Yes,Yes,No,Warning
C2548,R2548,Automotive,Yes,No,Yes,Yes,No,Valid
C2549,R2549,Automotive,No,Yes,No,Yes,Yes,Restricted
C2550,R2550,Automotive,Yes,Yes,Yes,No,No,Warning
C2551,R2551,Machinery and Equipment,Yes,Yes,Yes,Yes,Yes,Restricted
C2552,R2552,Machinery and Equipment,No,Yes,Yes,Yes,No,Valid
C2553,R2553,Machinery and Equipment,Yes,Yes,Yes,Yes,No,Valid
C2554,R2554,Machinery and Equipment,Yes,Yes,Yes,No,No,Valid
C2555,R2555,Machinery and Equipment,No,No,Yes,Yes,No,Warning
C2556,R2556,General Cargo,Yes,Yes,Yes,No,No,Warning
C2557,R2557,General Cargo,Yes,Yes,Yes,Yes,Yes,Restricted
C2558,R2558,General Cargo,Yes,Yes,Yes,Yes,No,Valid
C2559,R2559,General Cargo,Yes,No,Yes,No,No,Valid
C2560,R2560,General Cargo,Yes,Yes,Yes,Yes,Yes,Restricted
C2561,R2561,Electronics,No,Yes,Yes,Yes,No,Warning
C2562,R2562,Electronics,Yes,Yes,No,Yes,No,Valid
C2563,R2563,Electronics,Yes,Yes,Yes,No,No,Valid
C2564,R2564,Electronics,Yes,Yes,Yes,No,No,Warning
C2565,R2565,Electronics,Yes,No,Yes,Yes,No,Valid
C2566,R2566,Automotive,Yes,Yes,Yes,Yes,Yes,Restricted
C2567,R2567,Automotive,Yes,Yes,Yes,Yes,No,Warning
C2568,R2568,Automotive,No,Yes,Yes,Yes,Yes,Restricted
C2569,R2569,Automotive,No,Yes,Yes,No,No,Valid
C2570,R2570,Automotive,Yes,Yes,Yes,Yes,No,Warning
C2571,R2571,Machinery and Equipment,Yes,No,Yes,Yes,Yes,Restricted
C2572,R2572,Machinery and Equipment,Yes,Yes,Yes,Yes,No,Valid
C2573,R2573,Machinery and Equipment,No,No,Yes,Yes,No,Warning
C2574,R2574,Machinery and Equipment,Yes,No,No,Yes,Yes,Restricted
C2575,R2575,Machinery and Equipment,Yes,Yes,No,Yes,Yes,Restricted
C2576,R2576,General Cargo,No,Yes,No,Yes,No,Valid
C2577,R2577,General Cargo,Yes,Yes,Yes,Yes,No,Warning
C2578,R2578,General Cargo,No,Yes,Yes,Yes,Yes,Restricted
C2579,R2579,General Cargo,Yes,Yes,Yes,Yes,Yes,Restricted
C2580,R2580,General Cargo,Yes,Yes,Yes,Yes,Yes,Restricted
C2581,R2581,Electronics,Yes,Yes,Yes,No,No,Warning
C2582,R2582,Electronics,Yes,Yes,Yes,Yes,No,Warning
C2583,R2583,Electronics,No,No,Yes,Yes,No,Warning
C2584,R2584,Electronics,Yes,No,Yes,Yes,No,Valid
C2585,R2585,Electronics,Yes,Yes,Yes,No,No,Valid
C2586,R2586,Automotive,Yes,Yes,Yes,Yes,No,Valid
C2587,R2587,Automotive,Yes,No,Yes,Yes,No,Warning
C2588,R2588,Automotive,Yes,No,Yes,Yes,Yes,Restricted
C2589,R2589,Automotive,Yes,Yes,Yes,Yes,No,Valid
C2590,R2590,Automotive,Yes,Yes,No,Yes,No,Valid
C2591,R2591,Machinery and Equipment,Yes,Yes,Yes,Yes,No,Warning
C2592,R2592,Machinery and Equipment,Yes,No,Yes,Yes,Yes,Restricted
C2593,R2593,Machinery and Equipment,Yes,Yes,Yes,Yes,Yes,Restricted
C2594,R2594,Machinery and Equipment,Yes,Yes,No,No,No,Valid
C2595,R2595,Machinery and Equipment,No,Yes,Yes,Yes,Yes,Restricted
C2596,R2596,General Cargo,Yes,Yes,Yes,Yes,Yes,Restricted
C2597,R2597,General Cargo,No,No,No,Yes,Yes,Restricted
C2598,R2598,General Cargo,Yes,Yes,Yes,Yes,No,Warning
C2599,R2599,General Cargo,No,Yes,Yes,Yes,No,Warning
C2600,R2600,General Cargo,Yes,Yes,Yes,Yes,No,Warning
C2601,R2601,Electronics,No,Yes,Yes,Yes,Yes,Restricted
C2602,R2602,Electronics,Yes,No,Yes,Yes,No,Warning
C2603,R2603,Electronics,No,Yes,Yes,Yes,No,Valid
C2604,R2604,Electronics,Yes,Yes,Yes,Yes,No,Valid
C2605,R2605,Electronics,Yes,Yes,Yes,Yes,No,Valid
C2606,R2606,Automotive,No,No,Yes,Yes,No,Warning
C2607,R2607,Automotive,No,Yes,Yes,Yes,Yes,Restricted
C2608,R2608,Automotive,Yes,Yes,Yes,No,No,Valid
C2609,R2609,Automotive,Yes,Yes,Yes,Yes,No,Valid
C2610,R2610,Automotive,Yes,No,Yes,Yes,No,Valid
C2611,R2611,Machinery and Equipment,Yes,No,Yes,Yes,No,Warning
C2612,R2612,Machinery and Equipment,Yes,Yes,Yes,Yes,Yes,Restricted
C2613,R2613,Machinery and Equipment,Yes,Yes,Yes,No,No,Valid
C2614,R2614,Machinery and Equipment,No,No,Yes,No,No,Valid
C2615,R2615,Machinery and Equipment,Yes,Yes,No,Yes,Yes,Restricted
C2616,R2616,General Cargo,Yes,Yes,Yes,No,No,Warning
C2617,R2617,General Cargo,No,Yes,Yes,Yes,No,Warning
C2618,R2618,General Cargo,Yes,Yes,Yes,Yes,Yes,Restricted
C2619,R2619,General Cargo,Yes,Yes,Yes,Yes,No,Valid
C2620,R2620,General Cargo,Yes,Yes,Yes,Yes,No,Warning
C2621,R2621,Electronics,Yes,Yes,Yes,Yes,Yes,Restricted
C2622,R2622,Electronics,Yes,Yes,Yes,Yes,No,Warning
C2623,R2623,Electronics,No,Yes,Yes,Yes,Yes,Restricted
C2624,R2624,Electronics,Yes,Yes,Yes,Yes,No,Warning
C2625,R2625,Electronics,Yes,Yes,Yes,Yes,Yes,Restricted
C2626,R2626,Automotive,Yes,Yes,Yes,Yes,No,Valid
C2627,R2627,Automotive,Yes,Yes,Yes,Yes,No,Valid
C2628,R2628,Automotive,No,Yes,Yes,No,No,Valid
C2629,R2629,Automotive,Yes,Yes,Yes,Yes,Yes,Restricted
C2630,R2630,Automotive,No,No,Yes,Yes,No,Valid
C2631,R2631,Machinery and Equipment,Yes,Yes,Yes,Yes,Yes,Restricted
C2632,R2632,Machinery and Equipment,Yes,Yes,Yes,Yes,No,Warning
C2633,R2633,Machinery and Equipment,Yes,Yes,Yes,Yes,No,Valid
C2634,R2634,Machinery and Equipment,Yes,Yes,Yes,Yes,No,Valid
C2635,R2635,Machinery and Equipment,Yes,Yes,Yes,Yes,No,Warning
C2636,R2636,General Cargo,Yes,Yes,Yes,Yes,No,Warning
C2637,R2637,General Cargo,Yes,Yes,No,Yes,No,Valid
C2638,R2638,General Cargo,No,Yes,Yes,Yes,No,Warning
C2639,R2639,General Cargo,Yes,Yes,Yes,Yes,No,Warning
C2640,R2640,General Cargo,Yes,Yes,Yes,Yes,No,Warning
C2641,R2641,Electronics,No,Yes,Yes,Yes,No,Valid
C2642,R2642,Electronics,Yes,Yes,Yes,Yes,Yes,Restricted
C2643,R2643,Electronics,Yes,Yes,Yes,No,No,Warning
C2644,R2644,Electronics,Yes,Yes,Yes,Yes,No,Warning
C2645,R2645,Electronics,Yes,Yes,Yes,Yes,No,Warning
C2646,R2646,Automotive,Yes,Yes,Yes,No,Yes,Restricted
C2647,R2647,Automotive,No,No,Yes,No,No,Valid
C2648,R2648,Automotive,Yes,Yes,Yes,Yes,No,Warning
C2649,R2649,Automotive,Yes,Yes,No,No,No,Valid
C2650,R2650,Automotive,Yes,Yes,No,Yes,No,Valid
C2651,R2651,Machinery and Equipment,Yes,Yes,Yes,Yes,No,Warning
C2652,R2652,Machinery and Equipment,Yes,Yes,Yes,Yes,No,Valid
C2653,R2653,Machinery and Equipment,Yes,No,Yes,Yes,Yes,Restricted
C2654,R2654,Machinery and Equipment,Yes,No,Yes,Yes,No,Valid
C2655,R2655,Machinery and Equipment,Yes,Yes,Yes,No,No,Valid
C2656,R2656,General Cargo,Yes,Yes,Yes,Yes,No,Warning
C2657,R2657,General Cargo,Yes,Yes,Yes,Yes,No,Valid
C2658,R2658,General Cargo,Yes,Yes,No,Yes,No,Valid
C2659,R2659,General Cargo,Yes,Yes,Yes,No,Yes,Restricted
C2660,R2660,General Cargo,Yes,Yes,No,Yes,No,Valid
C2661,R2661,Electronics,Yes,Yes,No,Yes,Yes,Restricted
C2662,R2662,Electronics,No,Yes,Yes,Yes,Yes,Restricted
C2663,R2663,Electronics,Yes,No,Yes,No,No,Valid
C2664,R2664,Electronics,Yes,Yes,No,Yes,No,Warning
C2665,R2665,Electronics,Yes,No,Yes,Yes,No,Warning
C2666,R2666,Automotive,Yes,Yes,Yes,Yes,No,Valid
C2667,R2667,Automotive,Yes,No,Yes,Yes,No,Warning
C2668,R2668,Automotive,Yes,Yes,Yes,Yes,Yes,Restricted
C2669,R2669,Automotive,Yes,No,Yes,Yes,No,Valid
C2670,R2670,Automotive,No,Yes,Yes,No,No,Valid
C2671,R2671,Machinery and Equipment,Yes,Yes,Yes,Yes,No,Valid
C2672,R2672,Machinery and Equipment,Yes,Yes,Yes,Yes,Yes,Restricted
C2673,R2673,Machinery and Equipment,Yes,Yes,Yes,Yes,No,Warning
C2674,R2674,Machinery and Equipment,No,Yes,No,Yes,No,Valid
C2675,R2675,Machinery and Equipment,No,Yes,No,No,No,Valid
C2676,R2676,General Cargo,No,Yes,Yes,Yes,No,Warning
C2677,R2677,General Cargo,No,Yes,No,Yes,No,Warning
C2678,R2678,General Cargo,Yes,Yes,Yes,Yes,Yes,Restricted
C2679,R2679,General Cargo,Yes,Yes,Yes,Yes,No,Warning
C2680,R2680,General Cargo,Yes,No,No,No,No,Warning
C2681,R2681,Electronics,Yes,Yes,Yes,Yes,Yes,Restricted
C2682,R2682,Electronics,Yes,Yes,Yes,No,No,Valid
C2683,R2683,Electronics,Yes,Yes,Yes,No,No,Valid
C2684,R2684,Electronics,Yes,Yes,No,Yes,No,Valid
C2685,R2685,Electronics,Yes,No,Yes,No,No,Warning
C2686,R2686,Automotive,Yes,No,Yes,Yes,Yes,Restricted
C2687,R2687,Automotive,No,Yes,Yes,No,No,Valid
C2688,R2688,Automotive,Yes,Yes,Yes,Yes,No,Valid
C2689,R2689,Automotive,Yes,Yes,Yes,No,Yes,Restricted
C2690,R2690,Automotive,Yes,Yes,Yes,No,No,Warning
C2691,R2691,Machinery and Equipment,No,No,Yes,Yes,No,Warning
C2692,R2692,Machinery and Equipment,Yes,Yes,Yes,Yes,No,Warning
C2693,R2693,Machinery and Equipment,No,No,Yes,No,Yes,Restricted
C2694,R2694,Machinery and Equipment,Yes,Yes,Yes,Yes,No,Valid
C2695,R2695,Machinery and Equipment,No,Yes,Yes,Yes,No,Valid
C2696,R2696,General Cargo,Yes,Yes,Yes,Yes,No,Warning
C2697,R2697,General Cargo,Yes,Yes,Yes,No,No,Valid
C2698,R2698,General Cargo,Yes,Yes,Yes,Yes,No,Warning
C2699,R2699,General Cargo,Yes,Yes,Yes,Yes,No,Warning
C2700,R2700,General Cargo,Yes,Yes,Yes,Yes,No,Valid
C2701,R2701,Electronics,Yes,Yes,Yes,Yes,Yes,Restricted
C2702,R2702,Electronics,Yes,Yes,Yes,Yes,No,Warning
C2703,R2703,Electronics,Yes,Yes,Yes,Yes,No,Valid
C2704,R2704,Electronics,No,Yes,Yes,No,No,Valid
C2705,R2705,Electronics,No,Yes,Yes,Yes,No,Warning
C2706,R2706,Automotive,No,Yes,Yes,Yes,No,Warning
C2707,R2707,Automotive,Yes,No,Yes,Yes,No,Valid
C2708,R2708,Automotive,Yes,Yes,Yes,No,Yes,Restricted
C2709,R2709,Automotive,Yes,Yes,Yes,Yes,Yes,Restricted
C2710,R2710,Automotive,No,Yes,Yes,No,Yes,Restricted
C2711,R2711,Machinery and Equipment,No,Yes,Yes,Yes,Yes,Restricted
C2712,R2712,Machinery and Equipment,Yes,Yes,Yes,Yes,Yes,Restricted
C2713,R2713,Machinery and Equipment,Yes,No,Yes,Yes,Yes,Restricted
C2714,R2714,Machinery and Equipment,Yes,Yes,No,Yes,No,Valid
C2715,R2715,Machinery and Equipment,No,No,Yes,Yes,No,Warning
C2716,R2716,General Cargo,No,No,Yes,Yes,Yes,Restricted
C2717,R2717,General Cargo,Yes,Yes,Yes,Yes,No,Valid
C2718,R2718,General Cargo,Yes,No,Yes,No,Yes,Restricted
C2719,R2719,General Cargo,Yes,No,Yes,Yes,No,Valid
C2720,R2720,General Cargo,No,Yes,Yes,No,No,Warning
C2721,R2721,Electronics,No,Yes,Yes,Yes,Yes,Restricted
C2722,R2722,Electronics,Yes,Yes,Yes,No,Yes,Restricted
C2723,R2723,Electronics,No,No,Yes,Yes,No,Warning
C2724,R2724,Electronics,No,No,No,Yes,No,Warning
C2725,R2725,Electronics,Yes,Yes,Yes,Yes,Yes,Restricted
C2726,R2726,Automotive,Yes,Yes,Yes,Yes,No,Warning
C2727,R2727,Automotive,Yes,No,Yes,Yes,Yes,Restricted
C2728,R2728,Automotive,No,Yes,Yes,Yes,No,Warning
C2729,R2729,Automotive,Yes,Yes,Yes,Yes,No,Warning
C2730,R2730,Automotive,Yes,Yes,Yes,Yes,Yes,Restricted
C2731,R2731,Machinery and Equipment,Yes,Yes,Yes,No,No,Warning
C2732,R2732,Machinery and Equipment,Yes,Yes,Yes,Yes,No,Valid
C2733,R2733,Machinery and Equipment,No,No,Yes,Yes,Yes,Restricted
C2734,R2734,Machinery and Equipment,Yes,No,Yes,No,No,Warning
C2735,R2735,Machinery and Equipment,Yes,No,No,No,No,Warning
C2736,R2736,General Cargo,No,Yes,Yes,Yes,Yes,Restricted
C2737,R2737,General Cargo,Yes,No,Yes,Yes,No,Valid
C2738,R2738,General Cargo,No,Yes,Yes,Yes,No,Warning
C2739,R2739,General Cargo,Yes,Yes,Yes,Yes,Yes,Restricted
C2740,R2740,General Cargo,Yes,Yes,Yes,Yes,No,Valid
C2741,R2741,Electronics,Yes,Yes,Yes,Yes,No,Warning
C2742,R2742,Electronics,Yes,Yes,Yes,Yes,Yes,Restricted
C2743,R2743,Electronics,Yes,No,Yes,Yes,No,Valid
C2744,R2744,Electronics,No,Yes,Yes,Yes,No,Warning
C2745,R2745,Electronics,Yes,Yes,Yes,No,Yes,Restricted
C2746,R2746,Automotive,Yes,Yes,Yes,Yes,No,Valid
C2747,R2747,Automotive,Yes,Yes,Yes,Yes,No,Valid
C2748,R2748,Automotive,Yes,Yes,Yes,No,Yes,Restricted
C2749,R2749,Automotive,Yes,Yes,Yes,Yes,Yes,Restricted
C2750,R2750,Automotive,Yes,No,Yes,Yes,No,Valid
C2751,R2751,Machinery and Equipment,Yes,Yes,Yes,Yes,Yes,Restricted
C2752,R2752,Machinery and Equipment,Yes,Yes,Yes,Yes,No,Valid
C2753,R2753,Machinery and Equipment,No,Yes,Yes,Yes,No,Valid
C2754,R2754,Machinery and Equipment,Yes,Yes,Yes,Yes,No,Warning
C2755,R2755,Machinery and Equipment,Yes,Yes,Yes,No,No,Warning
C2756,R2756,General Cargo,Yes,Yes,No,Yes,No,Warning
C2757,R2757,General Cargo,Yes,Yes,No,Yes,Yes,Restricted
C2758,R2758,General Cargo,Yes,No,Yes,No,No,Warning
C2759,R2759,General Cargo,Yes,Yes,Yes,No,No,Warning
C2760,R2760,General Cargo,Yes,Yes,Yes,Yes,Yes,Restricted
C2761,R2761,Electronics,Yes,Yes,Yes,Yes,No,Warning
C2762,R2762,Electronics,Yes,Yes,No,Yes,No,Valid
C2763,R2763,Electronics,Yes,Yes,Yes,No,No,Valid
C2764,R2764,Electronics,Yes,Yes,Yes,No,No,Warning
C2765,R2765,Electronics,Yes,Yes,Yes,Yes,No,Valid
C2766,R2766,Automotive,No,Yes,Yes,No,No,Warning
C2767,R2767,Automotive,No,Yes,Yes,Yes,No,Warning
C2768,R2768,Automotive,No,Yes,Yes,Yes,Yes,Restricted
C2769,R2769,Automotive,No,Yes,Yes,Yes,No,Valid
C2770,R2770,Automotive,Yes,Yes,Yes,No,No,Valid
C2771,R2771,Machinery and Equipment,Yes,Yes,Yes,No,No,Valid
C2772,R2772,Machinery and Equipment,Yes,No,Yes,Yes,No,Warning
C2773,R2773,Machinery and Equipment,Yes,Yes,Yes,No,No,Warning
C2774,R2774,Machinery and Equipment,Yes,Yes,Yes,Yes,No,Valid
C2775,R2775,Machinery and Equipment,Yes,No,No,Yes,Yes,Restricted
C2776,R2776,General Cargo,Yes,Yes,Yes,Yes,No,Valid
C2777,R2777,General Cargo,Yes,Yes,Yes,Yes,No,Warning
C2778,R2778,General Cargo,Yes,Yes,Yes,Yes,Yes,Restricted
C2779,R2779,General Cargo,No,Yes,Yes,Yes,No,Warning
C2780,R2780,General Cargo,Yes,Yes,Yes,Yes,No,Warning
C2781,R2781,Electronics,No,Yes,Yes,No,No,Warning
C2782,R2782,Electronics,Yes,Yes,Yes,Yes,No,Valid
C2783,R2783,Electronics,Yes,Yes,Yes,Yes,Yes,Restricted
C2784,R2784,Electronics,Yes,Yes,Yes,Yes,Yes,Restricted
C2785,R2785,Electronics,No,Yes,Yes,Yes,No,Warning
C2786,R2786,Automotive,No,Yes,Yes,Yes,No,Warning
C2787,R2787,Automotive,No,Yes,Yes,No,No,Valid
C2788,R2788,Automotive,Yes,Yes,Yes,No,No,Warning
C2789,R2789,Automotive,Yes,Yes,Yes,Yes,No,Warning
C2790,R2790,Automotive,Yes,No,Yes,Yes,No,Valid
C2791,R2791,Machinery and Equipment,Yes,Yes,Yes,Yes,Yes,Restricted
C2792,R2792,Machinery and Equipment,Yes,No,Yes,Yes,No,Valid
C2793,R2793,Machinery and Equipment,Yes,Yes,Yes,Yes,No,Warning
C2794,R2794,Machinery and Equipment,Yes,No,No,No,No,Warning
C2795,R2795,Machinery and Equipment,No,No,Yes,Yes,No,Warning
C2796,R2796,General Cargo,Yes,Yes,Yes,Yes,Yes,Restricted
C2797,R2797,General Cargo,Yes,No,Yes,No,No,Valid
C2798,R2798,General Cargo,Yes,Yes,Yes,Yes,No,Valid
C2799,R2799,General Cargo,Yes,Yes,Yes,Yes,Yes,Restricted
C2800,R2800,General Cargo,No,Yes,Yes,Yes,No,Valid
C2801,R2801,Electronics,Yes,No,Yes,Yes,No,Valid
C2802,R2802,Electronics,Yes,Yes,Yes,Yes,Yes,Restricted
C2803,R2803,Electronics,No,Yes,Yes,Yes,Yes,Restricted
C2804,R2804,Electronics,Yes,Yes,Yes,No,Yes,Restricted
C2805,R2805,Electronics,No,Yes,Yes,Yes,Yes,Restricted
C2806,R2806,Automotive,Yes,Yes,Yes,Yes,No,Valid
C2807,R2807,Automotive,No,Yes,Yes,No,Yes,Restricted
C2808,R2808,Automotive,Yes,No,Yes,Yes,Yes,Restricted
C2809,R2809,Automotive,No,Yes,Yes,Yes,No,Warning
C2810,R2810,Automotive,No,No,Yes,Yes,No,Warning
C2811,R2811,Machinery and Equipment,Yes,Yes,Yes,Yes,No,Warning
C2812,R2812,Machinery and Equipment,Yes,Yes,Yes,Yes,Yes,Restricted
C2813,R2813,Machinery and Equipment,Yes,Yes,Yes,Yes,No,Valid
C2814,R2814,Machinery and Equipment,Yes,Yes,Yes,Yes,Yes,Restricted
C2815,R2815,Machinery and Equipment,No,Yes,Yes,Yes,No,Warning
C2816,R2816,General Cargo,No,Yes,Yes,Yes,Yes,Restricted
C2817,R2817,General Cargo,Yes,Yes,Yes,No,Yes,Restricted
C2818,R2818,General Cargo,Yes,Yes,Yes,No,No,Warning
C2819,R2819,General Cargo,Yes,No,Yes,Yes,Yes,Restricted
C2820,R2820,General Cargo,Yes,Yes,Yes,Yes,No,Valid
C2821,R2821,Electronics,Yes,Yes,Yes,Yes,Yes,Restricted
C2822,R2822,Electronics,Yes,Yes,Yes,Yes,Yes,Restricted
C2823,R2823,Electronics,Yes,Yes,Yes,Yes,Yes,Restricted
C2824,R2824,Electronics,Yes,Yes,Yes,Yes,Yes,Restricted
C2825,R2825,Electronics,Yes,Yes,Yes,Yes,Yes,Restricted
C2826,R2826,Automotive,Yes,Yes,Yes,Yes,No,Valid
C2827,R2827,Automotive,Yes,Yes,Yes,Yes,Yes,Restricted
C2828,R2828,Automotive,No,No,Yes,No,No,Valid
C2829,R2829,Automotive,No,Yes,Yes,Yes,Yes,Restricted
C2830,R2830,Automotive,No,Yes,Yes,Yes,Yes,Restricted
C2831,R2831,Machinery and Equipment,Yes,Yes,Yes,No,No,Valid
C2832,R2832,Machinery and Equipment,Yes,Yes,Yes,No,No,Warning
C2833,R2833,Machinery and Equipment,No,Yes,Yes,Yes,No,Warning
C2834,R2834,Machinery and Equipment,Yes,Yes,Yes,No,No,Valid
C2835,R2835,Machinery and Equipment,Yes,Yes,No,No,Yes,Restricted
C2836,R2836,General Cargo,Yes,No,Yes,Yes,No,Warning
C2837,R2837,General Cargo,No,Yes,Yes,Yes,Yes,Restricted
C2838,R2838,General Cargo,Yes,Yes,Yes,Yes,Yes,Restricted
C2839,R2839,General Cargo,Yes,Yes,Yes,No,No,Warning
C2840,R2840,General Cargo,No,Yes,Yes,Yes,Yes,Restricted
C2841,R2841,Electronics,Yes,Yes,Yes,Yes,Yes,Restricted
C2842,R2842,Electronics,Yes,Yes,No,Yes,Yes,Restricted
C2843,R2843,Electronics,Yes,Yes,Yes,Yes,No,Valid
C2844,R2844,Electronics,Yes,Yes,Yes,Yes,Yes,Restricted
C2845,R2845,Electronics,Yes,Yes,Yes,Yes,Yes,Restricted
C2846,R2846,Automotive,Yes,Yes,Yes,Yes,No,Warning
C2847,R2847,Automotive,Yes,No,Yes,Yes,No,Warning
C2848,R2848,Automotive,Yes,Yes,Yes,Yes,No,Warning
C2849,R2849,Automotive,Yes,Yes,Yes,Yes,No,Valid
C2850,R2850,Automotive,Yes,No,Yes,No,No,Valid
C2851,R2851,Machinery and Equipment,Yes,Yes,Yes,Yes,No,Warning
C2852,R2852,Machinery and Equipment,No,Yes,Yes,No,No,Warning
C2853,R2853,Machinery and Equipment,Yes,No,No,Yes,No,Valid
C2854,R2854,Machinery and Equipment,No,Yes,Yes,Yes,No,Warning
C2855,R2855,Machinery and Equipment,Yes,Yes,Yes,Yes,Yes,Restricted
C2856,R2856,General Cargo,Yes,Yes,Yes,Yes,No,Warning
C2857,R2857,General Cargo,Yes,Yes,Yes,Yes,Yes,Restricted
C2858,R2858,General Cargo,Yes,Yes,Yes,Yes,No,Warning
C2859,R2859,General Cargo,Yes,No,Yes,Yes,No,Valid
C2860,R2860,General Cargo,Yes,Yes,Yes,Yes,No,Valid
C2861,R2861,Electronics,Yes,Yes,Yes,Yes,No,Warning
C2862,R2862,Electronics,Yes,Yes,No,Yes,No,Valid
C2863,R2863,Electronics,Yes,Yes,Yes,Yes,No,Warning
C2864,R2864,Electronics,Yes,Yes,Yes,Yes,Yes,Restricted
C2865,R2865,Electronics,Yes,No,Yes,Yes,Yes,Restricted
C2866,R2866,Automotive,Yes,Yes,Yes,No,No,Warning
C2867,R2867,Automotive,Yes,No,Yes,No,No,Valid
C2868,R2868,Automotive,Yes,No,Yes,Yes,Yes,Restricted
C2869,R2869,Automotive,Yes,Yes,Yes,Yes,No,Warning
C2870,R2870,Automotive,Yes,Yes,Yes,Yes,No,Valid
C2871,R2871,Machinery and Equipment,Yes,Yes,Yes,No,Yes,Restricted
C2872,R2872,Machinery and Equipment,Yes,Yes,Yes,Yes,No,Warning
C2873,R2873,Machinery and Equipment,Yes,Yes,Yes,No,No,Warning
C2874,R2874,Machinery and Equipment,Yes,Yes,Yes,Yes,No,Valid
C2875,R2875,Machinery and Equipment,No,Yes,No,Yes,Yes,Restricted
C2876,R2876,General Cargo,No,No,Yes,No,No,Warning
C2877,R2877,General Cargo,No,No,No,Yes,No,Warning
C2878,R2878,General Cargo,No,Yes,Yes,Yes,No,Valid
C2879,R2879,General Cargo,No,Yes,Yes,Yes,No,Valid
C2880,R2880,General Cargo,No,No,Yes,Yes,No,Warning
C2881,R2881,Electronics,Yes,No,Yes,Yes,No,Warning
C2882,R2882,Electronics,No,Yes,Yes,No,No,Warning
C2883,R2883,Electronics,No,Yes,Yes,No,No,Valid
C2884,R2884,Electronics,Yes,No,Yes,No,No,Warning
C2885,R2885,Electronics,Yes,Yes,No,No,Yes,Restricted
C2886,R2886,Automotive,Yes,Yes,Yes,Yes,No,Warning
C2887,R2887,Automotive,Yes,No,Yes,Yes,Yes,Restricted
C2888,R2888,Automotive,Yes,Yes,Yes,Yes,No,Warning
C2889,R2889,Automotive,Yes,Yes,Yes,Yes,Yes,Restricted
C2890,R2890,Automotive,Yes,Yes,Yes,Yes,Yes,Restricted
C2891,R2891,Machinery and Equipment,No,Yes,Yes,Yes,Yes,Restricted
C2892,R2892,Machinery and Equipment,Yes,Yes,No,Yes,No,Valid
C2893,R2893,Machinery and Equipment,Yes,Yes,Yes,No,No,Warning
C2894,R2894,Machinery and Equipment,Yes,Yes,Yes,No,No,Warning
C2895,R2895,Machinery and Equipment,Yes,Yes,Yes,Yes,No,Valid
C2896,R2896,General Cargo,Yes,No,Yes,Yes,No,Warning
C2897,R2897,General Cargo,No,Yes,Yes,Yes,Yes,Restricted
C2898,R2898,General Cargo,Yes,Yes,Yes,Yes,No,Valid
C2899,R2899,General Cargo,Yes,Yes,No,Yes,No,Valid
C2900,R2900,General Cargo,No,Yes,Yes,Yes,No,Valid
C2901,R2901,Electronics,Yes,Yes,Yes,Yes,Yes,Restricted
C2902,R2902,Electronics,No,No,Yes,Yes,Yes,Restricted
C2903,R2903,Electronics,Yes,Yes,Yes,Yes,Yes,Restricted
C2904,R2904,Electronics,No,Yes,No,Yes,No,Valid
C2905,R2905,Electronics,Yes,Yes,Yes,No,No,Valid
C2906,R2906,Automotive,Yes,Yes,Yes,No,Yes,Restricted
C2907,R2907,Automotive,No,No,Yes,Yes,No,Valid
C2908,R2908,Automotive,Yes,Yes,Yes,Yes,Yes,Restricted
C2909,R2909,Automotive,Yes,Yes,Yes,Yes,No,Valid
C2910,R2910,Automotive,No,Yes,Yes,Yes,Yes,Restricted
C2911,R2911,Machinery and Equipment,No,Yes,Yes,Yes,Yes,Restricted
C2912,R2912,Machinery and Equipment,Yes,Yes,Yes,Yes,Yes,Restricted
C2913,R2913,Machinery and Equipment,Yes,Yes,Yes,Yes,Yes,Restricted
C2914,R2914,Machinery and Equipment,Yes,No,Yes,No,No,Warning
C2915,R2915,Machinery and Equipment,Yes,Yes,No,Yes,No,Warning
C2916,R2916,General Cargo,Yes,No,Yes,Yes,No,Warning
C2917,R2917,General Cargo,Yes,Yes,Yes,Yes,No,Valid
C2918,R2918,General Cargo,Yes,Yes,Yes,Yes,No,Valid
C2919,R2919,General Cargo,Yes,Yes,Yes,No,No,Warning
C2920,R2920,General Cargo,No,No,Yes,Yes,No,Warning
C2921,R2921,Electronics,Yes,Yes,Yes,Yes,No,Valid
C2922,R2922,Electronics,Yes,Yes,Yes,Yes,Yes,Restricted
C2923,R2923,Electronics,Yes,Yes,Yes,Yes,No,Warning
C2924,R2924,Electronics,No,Yes,Yes,Yes,No,Warning
C2925,R2925,Electronics,Yes,Yes,Yes,Yes,No,Valid
C2926,R2926,Automotive,Yes,Yes,Yes,Yes,No,Valid
C2927,R2927,Automotive,Yes,Yes,Yes,No,No,Warning
C2928,R2928,Automotive,Yes,Yes,Yes,No,No,Warning
C2929,R2929,Automotive,Yes,Yes,Yes,Yes,No,Warning
C2930,R2930,Automotive,Yes,Yes,Yes,Yes,No,Valid
C2931,R2931,Machinery and Equipment,Yes,Yes,Yes,Yes,No,Warning
C2932,R2932,Machinery and Equipment,Yes,Yes,Yes,Yes,No,Valid
C2933,R2933,Machinery and Equipment,Yes,Yes,Yes,Yes,No,Warning
C2934,R2934,Machinery and Equipment,Yes,No,Yes,Yes,No,Valid
C2935,R2935,Machinery and Equipment,Yes,Yes,Yes,Yes,No,Valid
C2936,R2936,General Cargo,Yes,Yes,Yes,Yes,Yes,Restricted
C2937,R2937,General Cargo,Yes,Yes,No,Yes,No,Valid
C2938,R2938,General Cargo,Yes,Yes,No,Yes,Yes,Restricted
C2939,R2939,General Cargo,Yes,No,Yes,Yes,No,Valid
C2940,R2940,General Cargo,Yes,Yes,Yes,Yes,No,Valid
C2941,R2941,Electronics,Yes,Yes,Yes,Yes,Yes,Restricted
C2942,R2942,Electronics,No,Yes,No,No,No,Warning
C2943,R2943,Electronics,Yes,Yes,Yes,Yes,Yes,Restricted
C2944,R2944,Electronics,No,Yes,Yes,Yes,Yes,Restricted
C2945,R2945,Electronics,Yes,Yes,Yes,Yes,No,Warning
C2946,R2946,Automotive,Yes,Yes,Yes,Yes,No,Warning
C2947,R2947,Automotive,No,Yes,Yes,Yes,No,Warning
C2948,R2948,Automotive,Yes,Yes,Yes,Yes,No,Warning
C2949,R2949,Automotive,No,No,Yes,No,No,Warning
C2950,R2950,Automotive,No,Yes,Yes,Yes,No,Warning
C2951,R2951,Machinery and Equipment,Yes,Yes,Yes,Yes,Yes,Restricted
C2952,R2952,Machinery and Equipment,Yes,No,Yes,No,Yes,Restricted
C2953,R2953,Machinery and Equipment,Yes,No,Yes,No,No,Valid
C2954,R2954,Machinery and Equipment,Yes,Yes,Yes,Yes,No,Valid
C2955,R2955,Machinery and Equipment,Yes,No,Yes,Yes,Yes,Restricted
C2956,R2956,General Cargo,Yes,Yes,Yes,Yes,Yes,Restricted
C2957,R2957,General Cargo,Yes,Yes,Yes,Yes,No,Valid
C2958,R2958,General Cargo,Yes,No,Yes,Yes,No,Valid
C2959,R2959,General Cargo,Yes,Yes,Yes,Yes,No,Valid
C2960,R2960,General Cargo,Yes,No,Yes,Yes,Yes,Restricted
C2961,R2961,Electronics,Yes,No,Yes,No,No,Warning
C2962,R2962,Electronics,No,Yes,Yes,Yes,Yes,Restricted
C2963,R2963,Electronics,No,No,Yes,Yes,No,Warning
C2964,R2964,Electronics,Yes,Yes,Yes,Yes,No,Warning
C2965,R2965,Electronics,Yes,No,Yes,Yes,Yes,Restricted
C2966,R2966,Automotive,Yes,No,Yes,Yes,No,Warning
C2967,R2967,Automotive,Yes,No,Yes,Yes,No,Warning
C2968,R2968,Automotive,No,Yes,Yes,Yes,No,Valid
C2969,R2969,Automotive,No,Yes,Yes,Yes,Yes,Restricted
C2970,R2970,Automotive,Yes,No,Yes,No,No,Valid
C2971,R2971,Machinery and Equipment,Yes,Yes,Yes,Yes,No,Warning
C2972,R2972,Machinery and Equipment,Yes,Yes,Yes,Yes,Yes,Restricted
C2973,R2973,Machinery and Equipment,No,Yes,Yes,Yes,No,Valid
C2974,R2974,Machinery and Equipment,Yes,Yes,Yes,No,No,Valid
C2975,R2975,Machinery and Equipment,No,Yes,Yes,Yes,No,Warning
C2976,R2976,General Cargo,Yes,Yes,Yes,Yes,No,Valid
C2977,R2977,General Cargo,Yes,No,Yes,Yes,No,Warning
C2978,R2978,General Cargo,Yes,Yes,Yes,Yes,No,Warning
C2979,R2979,General Cargo,No,Yes,Yes,Yes,No,Warning
C2980,R2980,General Cargo,Yes,No,Yes,No,Yes,Restricted
C2981,R2981,Electronics,Yes,Yes,Yes,No,No,Warning
C2982,R2982,Electronics,Yes,Yes,Yes,Yes,Yes,Restricted
C2983,R2983,Electronics,Yes,Yes,Yes,Yes,Yes,Restricted
C2984,R2984,Electronics,Yes,Yes,Yes,No,No,Warning
C2985,R2985,Electronics,No,No,Yes,No,No,Warning
C2986,R2986,Automotive,No,Yes,Yes,Yes,No,Warning
C2987,R2987,Automotive,No,No,No,Yes,No,Warning
C2988,R2988,Automotive,No,Yes,Yes,Yes,No,Valid
C2989,R2989,Automotive,Yes,No,Yes,Yes,No,Valid
C2990,R2990,Automotive,Yes,Yes,Yes,Yes,No,Valid
C2991,R2991,Machinery and Equipment,Yes,Yes,Yes,Yes,No,Warning
C2992,R2992,Machinery and Equipment,No,Yes,Yes,No,Yes,Restricted
C2993,R2993,Machinery and Equipment,No,Yes,Yes,No,No,Warning
C2994,R2994,Machinery and Equipment,Yes,Yes,Yes,Yes,No,Valid
C2995,R2995,Machinery and Equipment,Yes,Yes,Yes,No,No,Warning
C2996,R2996,General Cargo,Yes,Yes,Yes,No,No,Valid
C2997,R2997,General Cargo,No,Yes,No,Yes,Yes,Restricted
C2998,R2998,General Cargo,Yes,Yes,No,Yes,Yes,Restricted
C2999,R2999,General Cargo,Yes,Yes,Yes,Yes,Yes,Restricted
C3000,R3000,General Cargo,No,Yes,Yes,Yes,No,Warning
C3001,R3001,Electronics,No,Yes,Yes,No,No,Valid
C3002,R3002,Electronics,No,Yes,Yes,Yes,No,Warning
C3003,R3003,Electronics,No,Yes,Yes,Yes,Yes,Restricted
C3004,R3004,Electronics,Yes,Yes,Yes,No,No,Valid
C3005,R3005,Electronics,Yes,Yes,Yes,Yes,Yes,Restricted
C3006,R3006,Automotive,Yes,Yes,Yes,Yes,No,Valid
C3007,R3007,Automotive,Yes,Yes,Yes,Yes,No,Warning
C3008,R3008,Automotive,Yes,Yes,Yes,Yes,No,Warning
C3009,R3009,Automotive,Yes,No,Yes,Yes,Yes,Restricted
C3010,R3010,Automotive,Yes,No,Yes,No,Yes,Restricted
C3011,R3011,Machinery and Equipment,No,Yes,Yes,Yes,No,Valid
C3012,R3012,Machinery and Equipment,Yes,Yes,No,Yes,Yes,Restricted
C3013,R3013,Machinery and Equipment,Yes,Yes,Yes,No,No,Valid
C3014,R3014,Machinery and Equipment,Yes,Yes,Yes,No,Yes,Restricted
C3015,R3015,Machinery and Equipment,Yes,Yes,Yes,Yes,No,Valid
C3016,R3016,General Cargo,No,Yes,Yes,Yes,Yes,Restricted
C3017,R3017,General Cargo,Yes,Yes,Yes,Yes,Yes,Restricted
C3018,R3018,General Cargo,No,Yes,Yes,Yes,No,Valid
C3019,R3019,General Cargo,No,No,Yes,Yes,No,Valid
C3020,R3020,General Cargo,Yes,Yes,Yes,Yes,No,Warning
C3021,R3021,Electronics,Yes,Yes,Yes,No,No,Warning
C3022,R3022,Electronics,Yes,Yes,Yes,Yes,No,Valid
C3023,R3023,Electronics,Yes,Yes,Yes,No,Yes,Restricted
C3024,R3024,Electronics,Yes,Yes,Yes,Yes,Yes,Restricted
C3025,R3025,Electronics,Yes,Yes,No,Yes,No,Warning
C3026,R3026,Automotive,Yes,Yes,Yes,Yes,No,Warning
C3027,R3027,Automotive,Yes,Yes,Yes,No,No,Valid
C3028,R3028,Automotive,Yes,Yes,Yes,No,No,Valid
C3029,R3029,Automotive,Yes,Yes,Yes,Yes,Yes,Restricted
C3030,R3030,Automotive,Yes,Yes,Yes,Yes,No,Valid
C3031,R3031,Machinery and Equipment,Yes,Yes,Yes,Yes,No,Valid
C3032,R3032,Machinery and Equipment,Yes,Yes,Yes,No,Yes,Restricted
C3033,R3033,Machinery and Equipment,Yes,Yes,Yes,No,Yes,Restricted
C3034,R3034,Machinery and Equipment,Yes,Yes,Yes,Yes,No,Warning
C3035,R3035,Machinery and Equipment,Yes,Yes,Yes,Yes,Yes,Restricted
C3036,R3036,General Cargo,No,Yes,Yes,No,Yes,Restricted
C3037,R3037,General Cargo,Yes,No,Yes,No,Yes,Restricted
C3038,R3038,General Cargo,Yes,No,Yes,No,Yes,Restricted
C3039,R3039,General Cargo,Yes,Yes,Yes,Yes,Yes,Restricted
C3040,R3040,General Cargo,Yes,Yes,Yes,Yes,Yes,Restricted
C3041,R3041,Electronics,Yes,Yes,Yes,Yes,No,Valid
C3042,R3042,Electronics,Yes,Yes,Yes,No,Yes,Restricted
C3043,R3043,Electronics,Yes,No,Yes,Yes,Yes,Restricted
C3044,R3044,Electronics,No,Yes,Yes,Yes,No,Warning
C3045,R3045,Electronics,No,Yes,Yes,Yes,No,Valid
C3046,R3046,Automotive,No,Yes,Yes,Yes,No,Warning
C3047,R3047,Automotive,Yes,Yes,Yes,Yes,No,Valid
C3048,R3048,Automotive,No,No,Yes,Yes,No,Warning
C3049,R3049,Automotive,Yes,Yes,Yes,Yes,Yes,Restricted
C3050,R3050,Automotive,Yes,Yes,Yes,Yes,Yes,Restricted
C3051,R3051,Machinery and Equipment,Yes,Yes,Yes,Yes,No,Warning
C3052,R3052,Machinery and Equipment,No,Yes,Yes,Yes,Yes,Restricted
C3053,R3053,Machinery and Equipment,Yes,Yes,Yes,Yes,No,Warning
C3054,R3054,Machinery and Equipment,Yes,Yes,Yes,No,No,Warning
C3055,R3055,Machinery and Equipment,Yes,Yes,Yes,Yes,No,Warning
C3056,R3056,General Cargo,No,No,Yes,Yes,Yes,Restricted
C3057,R3057,General Cargo,No,No,No,Yes,No,Valid
C3058,R3058,General Cargo,Yes,Yes,Yes,Yes,No,Warning
C3059,R3059,General Cargo,Yes,Yes,Yes,Yes,Yes,Restricted
C3060,R3060,General Cargo,No,Yes,No,Yes,No,Valid
C3061,R3061,Electronics,Yes,Yes,Yes,Yes,No,Warning
C3062,R3062,Electronics,Yes,Yes,Yes,Yes,Yes,Restricted
C3063,R3063,Electronics,No,Yes,No,Yes,No,Valid
C3064,R3064,Electronics,No,Yes,Yes,No,No,Warning
C3065,R3065,Electronics,No,No,Yes,No,Yes,Restricted
C3066,R3066,Automotive,Yes,Yes,Yes,Yes,Yes,Restricted
C3067,R3067,Automotive,Yes,Yes,Yes,Yes,No,Valid
C3068,R3068,Automotive,No,Yes,Yes,Yes,No,Warning
C3069,R3069,Automotive,Yes,No,Yes,Yes,No,Valid
C3070,R3070,Automotive,Yes,Yes,Yes,No,No,Warning
C3071,R3071,Machinery and Equipment,Yes,Yes,Yes,Yes,No,Warning
C3072,R3072,Machinery and Equipment,Yes,No,Yes,Yes,No,Valid
C3073,R3073,Machinery and Equipment,Yes,Yes,Yes,Yes,No,Valid
C3074,R3074,Machinery and Equipment,No,Yes,Yes,Yes,No,Valid
C3075,R3075,Machinery and Equipment,Yes,No,Yes,Yes,No,Valid
C3076,R3076,General Cargo,No,No,Yes,No,Yes,Restricted
C3077,R3077,General Cargo,Yes,Yes,Yes,Yes,No,Valid
C3078,R3078,General Cargo,Yes,Yes,Yes,Yes,No,Valid
C3079,R3079,General Cargo,Yes,Yes,Yes,No,No,Warning
C3080,R3080,General Cargo,No,No,Yes,Yes,Yes,Restricted
C3081,R3081,Electronics,Yes,Yes,Yes,Yes,No,Valid
C3082,R3082,Electronics,Yes,No,Yes,Yes,No,Valid
C3083,R3083,Electronics,No,Yes,Yes,Yes,No,Valid
C3084,R3084,Electronics,Yes,Yes,Yes,Yes,No,Warning
C3085,R3085,Electronics,Yes,Yes,No,No,No,Valid
C3086,R3086,Automotive,Yes,Yes,Yes,No,No,Valid
C3087,R3087,Automotive,Yes,No,Yes,Yes,No,Valid
C3088,R3088,Automotive,Yes,Yes,Yes,No,Yes,Restricted
C3089,R3089,Automotive,Yes,Yes,No,Yes,No,Warning
C3090,R3090,Automotive,Yes,Yes,Yes,Yes,No,Warning
C3091,R3091,Machinery and Equipment,Yes,Yes,Yes,Yes,No,Valid
C3092,R3092,Machinery and Equipment,Yes,No,Yes,Yes,No,Valid
C3093,R3093,Machinery and Equipment,Yes,Yes,Yes,Yes,Yes,Restricted
C3094,R3094,Machinery and Equipment,No,Yes,Yes,No,Yes,Restricted
C3095,R3095,Machinery and Equipment,Yes,Yes,Yes,No,No,Valid
C3096,R3096,General Cargo,Yes,Yes,Yes,Yes,No,Warning
C3097,R3097,General Cargo,Yes,Yes,Yes,Yes,No,Valid
C3098,R3098,General Cargo,Yes,Yes,Yes,Yes,No,Warning
C3099,R3099,General Cargo,Yes,Yes,Yes,Yes,No,Valid
C3100,R3100,General Cargo,Yes,Yes,Yes,Yes,No,Valid
C3101,R3101,Electronics,Yes,Yes,Yes,Yes,Yes,Restricted
C3102,R3102,Electronics,No,No,Yes,Yes,Yes,Restricted
C3103,R3103,Electronics,Yes,Yes,Yes,Yes,No,Valid
C3104,R3104,Electronics,Yes,No,Yes,Yes,No,Warning
C3105,R3105,Electronics,Yes,Yes,Yes,Yes,No,Warning
C3106,R3106,Automotive,Yes,Yes,Yes,Yes,No,Warning
C3107,R3107,Automotive,Yes,Yes,Yes,Yes,No,Warning
C3108,R3108,Automotive,Yes,No,Yes,Yes,No,Warning
C3109,R3109,Automotive,No,Yes,Yes,No,Yes,Restricted
C3110,R3110,Automotive,Yes,Yes,Yes,No,Yes,Restricted
C3111,R3111,Machinery and Equipment,No,Yes,Yes,Yes,No,Valid
C3112,R3112,Machinery and Equipment,Yes,No,Yes,Yes,No,Warning
C3113,R3113,Machinery and Equipment,No,No,Yes,Yes,Yes,Restricted
C3114,R3114,Machinery and Equipment,No,Yes,Yes,Yes,No,Warning
C3115,R3115,Machinery and Equipment,No,No,Yes,No,Yes,Restricted
C3116,R3116,General Cargo,Yes,Yes,Yes,No,No,Valid
C3117,R3117,General Cargo,Yes,Yes,Yes,Yes,No,Valid
C3118,R3118,General Cargo,Yes,No,Yes,Yes,No,Valid
C3119,R3119,General Cargo,Yes,Yes,Yes,Yes,No,Warning
C3120,R3120,General Cargo,No,Yes,Yes,Yes,No,Valid
C3121,R3121,Electronics,Yes,Yes,Yes,Yes,Yes,Restricted
C3122,R3122,Electronics,No,Yes,Yes,No,No,Valid
C3123,R3123,Electronics,Yes,Yes,Yes,Yes,No,Valid
C3124,R3124,Electronics,Yes,Yes,Yes,Yes,Yes,Restricted
C3125,R3125,Electronics,No,No,Yes,Yes,No,Valid
C3126,R3126,Automotive,Yes,Yes,Yes,Yes,No,Warning
C3127,R3127,Automotive,No,Yes,Yes,Yes,Yes,Restricted
C3128,R3128,Automotive,Yes,Yes,Yes,Yes,No,Valid
C3129,R3129,Automotive,No,Yes,Yes,Yes,Yes,Restricted
C3130,R3130,Automotive,No,Yes,Yes,Yes,Yes,Restricted
C3131,R3131,Machinery and Equipment,Yes,Yes,Yes,Yes,Yes,Restricted
C3132,R3132,Machinery and Equipment,Yes,Yes,Yes,Yes,Yes,Restricted
C3133,R3133,Machinery and Equipment,Yes,Yes,Yes,No,Yes,Restricted
C3134,R3134,Machinery and Equipment,Yes,Yes,Yes,Yes,No,Valid
C3135,R3135,Machinery and Equipment,Yes,Yes,Yes,Yes,No,Valid
C3136,R3136,General Cargo,No,Yes,Yes,Yes,Yes,Restricted
C3137,R3137,General Cargo,Yes,Yes,Yes,Yes,Yes,Restricted
C3138,R3138,General Cargo,Yes,Yes,Yes,Yes,No,Valid
C3139,R3139,General Cargo,Yes,Yes,Yes,Yes,No,Valid
C3140,R3140,General Cargo,Yes,Yes,Yes,No,Yes,Restricted
C3141,R3141,Electronics,Yes,No,Yes,No,No,Warning
C3142,R3142,Electronics,Yes,No,No,Yes,No,Warning
C3143,R3143,Electronics,No,No,Yes,Yes,No,Valid
C3144,R3144,Electronics,Yes,Yes,Yes,Yes,No,Warning
C3145,R3145,Electronics,Yes,Yes,Yes,Yes,No,Valid
C3146,R3146,Automotive,Yes,No,Yes,Yes,No,Warning
C3147,R3147,Automotive,Yes,Yes,Yes,No,No,Warning
C3148,R3148,Automotive,No,Yes,Yes,Yes,Yes,Restricted
C3149,R3149,Automotive,Yes,Yes,Yes,Yes,No,Warning
C3150,R3150,Automotive,Yes,No,Yes,Yes,No,Warning
C3151,R3151,Machinery and Equipment,Yes,No,No,Yes,Yes,Restricted
C3152,R3152,Machinery and Equipment,No,Yes,Yes,Yes,Yes,Restricted
C3153,R3153,Machinery and Equipment,Yes,Yes,Yes,No,No,Valid
C3154,R3154,Machinery and Equipment,Yes,Yes,Yes,Yes,Yes,Restricted
C3155,R3155,Machinery and Equipment,Yes,Yes,Yes,Yes,Yes,Restricted
C3156,R3156,General Cargo,Yes,No,No,Yes,Yes,Restricted
C3157,R3157,General Cargo,No,No,Yes,No,No,Warning
C3158,R3158,General Cargo,No,Yes,Yes,No,No,Warning
C3159,R3159,General Cargo,Yes,Yes,Yes,Yes,Yes,Restricted
C3160,R3160,General Cargo,Yes,Yes,Yes,Yes,No,Warning
C3161,R3161,Electronics,Yes,Yes,Yes,No,No,Warning
C3162,R3162,Electronics,Yes,Yes,Yes,Yes,Yes,Restricted
C3163,R3163,Electronics,Yes,Yes,Yes,Yes,Yes,Restricted
C3164,R3164,Electronics,Yes,No,Yes,No,Yes,Restricted
C3165,R3165,Electronics,No,Yes,Yes,Yes,No,Warning
C3166,R3166,Automotive,Yes,Yes,Yes,Yes,No,Warning
C3167,R3167,Automotive,Yes,Yes,Yes,Yes,Yes,Restricted
C3168,R3168,Automotive,No,No,Yes,No,No,Valid
C3169,R3169,Automotive,Yes,No,Yes,Yes,No,Warning
C3170,R3170,Automotive,Yes,Yes,Yes,Yes,No,Warning
C3171,R3171,Machinery and Equipment,Yes,Yes,No,Yes,No,Valid
C3172,R3172,Machinery and Equipment,Yes,No,Yes,Yes,No,Valid
C3173,R3173,Machinery and Equipment,Yes,Yes,Yes,No,No,Valid
C3174,R3174,Machinery and Equipment,Yes,Yes,Yes,Yes,No,Warning
C3175,R3175,Machinery and Equipment,Yes,No,Yes,No,No,Warning
C3176,R3176,General Cargo,Yes,Yes,Yes,Yes,Yes,Restricted
C3177,R3177,General Cargo,Yes,Yes,Yes,Yes,No,Valid
C3178,R3178,General Cargo,No,Yes,Yes,Yes,Yes,Restricted
C3179,R3179,General Cargo,No,No,Yes,No,No,Warning
C3180,R3180,General Cargo,Yes,Yes,Yes,Yes,No,Warning
C3181,R3181,Electronics,Yes,No,Yes,No,Yes,Restricted
C3182,R3182,Electronics,Yes,Yes,Yes,Yes,No,Warning
C3183,R3183,Electronics,Yes,Yes,Yes,No,Yes,Restricted
C3184,R3184,Electronics,Yes,Yes,Yes,Yes,No,Valid
C3185,R3185,Electronics,Yes,Yes,No,Yes,No,Warning
C3186,R3186,Automotive,Yes,Yes,Yes,Yes,Yes,Restricted
C3187,R3187,Automotive,Yes,Yes,Yes,Yes,No,Valid
C3188,R3188,Automotive,Yes,No,Yes,Yes,Yes,Restricted
C3189,R3189,Automotive,No,Yes,Yes,Yes,No,Valid
C3190,R3190,Automotive,Yes,Yes,No,No,Yes,Restricted
C3191,R3191,Machinery and Equipment,Yes,Yes,Yes,Yes,No,Warning
C3192,R3192,Machinery and Equipment,Yes,No,Yes,Yes,Yes,Restricted
C3193,R3193,Machinery and Equipment,No,Yes,Yes,No,No,Valid
C3194,R3194,Machinery and Equipment,Yes,No,Yes,No,Yes,Restricted
C3195,R3195,Machinery and Equipment,Yes,No,No,Yes,No,Warning
C3196,R3196,General Cargo,Yes,No,Yes,No,No,Warning
C3197,R3197,General Cargo,Yes,No,Yes,Yes,Yes,Restricted
C3198,R3198,General Cargo,No,Yes,Yes,Yes,No,Warning
C3199,R3199,General Cargo,No,Yes,Yes,Yes,No,Warning
C3200,R3200,General Cargo,Yes,Yes,Yes,Yes,No,Valid
C3201,R3201,Electronics,Yes,Yes,Yes,Yes,No,Warning
C3202,R3202,Electronics,Yes,No,No,Yes,Yes,Restricted
C3203,R3203,Electronics,Yes,Yes,Yes,No,No,Warning
C3204,R3204,Electronics,No,Yes,Yes,Yes,No,Warning
C3205,R3205,Electronics,Yes,Yes,Yes,Yes,No,Warning
C3206,R3206,Automotive,No,Yes,Yes,Yes,Yes,Restricted
C3207,R3207,Automotive,Yes,Yes,No,No,No,Warning
C3208,R3208,Automotive,Yes,Yes,Yes,Yes,No,Warning
C3209,R3209,Automotive,Yes,Yes,Yes,No,Yes,Restricted
C3210,R3210,Automotive,Yes,Yes,Yes,Yes,No,Warning
C3211,R3211,Machinery and Equipment,Yes,No,Yes,Yes,No,Valid
C3212,R3212,Machinery and Equipment,Yes,Yes,Yes,Yes,No,Warning
C3213,R3213,Machinery and Equipment,Yes,Yes,Yes,Yes,No,Warning
C3214,R3214,Machinery and Equipment,Yes,Yes,Yes,Yes,No,Valid
C3215,R3215,Machinery and Equipment,Yes,Yes,Yes,Yes,No,Valid
C3216,R3216,General Cargo,Yes,Yes,Yes,Yes,No,Valid
C3217,R3217,General Cargo,No,Yes,Yes,Yes,No,Valid
C3218,R3218,General Cargo,No,Yes,Yes,No,Yes,Restricted
C3219,R3219,General Cargo,Yes,No,Yes,No,No,Warning
C3220,R3220,General Cargo,Yes,Yes,Yes,Yes,No,Valid
C3221,R3221,Electronics,Yes,Yes,Yes,Yes,No,Valid
C3222,R3222,Electronics,Yes,Yes,Yes,Yes,No,Warning
C3223,R3223,Electronics,No,Yes,Yes,Yes,No,Valid
C3224,R3224,Electronics,No,Yes,No,No,No,Valid
C3225,R3225,Electronics,Yes,Yes,No,Yes,No,Valid
C3226,R3226,Automotive,Yes,Yes,Yes,No,No,Warning
C3227,R3227,Automotive,Yes,No,Yes,No,No,Warning
C3228,R3228,Automotive,Yes,No,Yes,No,Yes,Restricted
C3229,R3229,Automotive,Yes,Yes,Yes,Yes,Yes,Restricted
C3230,R3230,Automotive,No,Yes,Yes,Yes,No,Valid
C3231,R3231,Machinery and Equipment,Yes,Yes,Yes,Yes,Yes,Restricted
C3232,R3232,Machinery and Equipment,Yes,Yes,Yes,Yes,Yes,Restricted
C3233,R3233,Machinery and Equipment,Yes,Yes,Yes,No,Yes,Restricted
C3234,R3234,Machinery and Equipment,Yes,Yes,Yes,Yes,Yes,Restricted
C3235,R3235,Machinery and Equipment,No,Yes,Yes,Yes,No,Warning
C3236,R3236,General Cargo,Yes,Yes,Yes,Yes,No,Warning
C3237,R3237,General Cargo,No,No,Yes,Yes,Yes,Restricted
C3238,R3238,General Cargo,No,Yes,Yes,Yes,Yes,Restricted
C3239,R3239,General Cargo,No,Yes,Yes,Yes,Yes,Restricted
C3240,R3240,General Cargo,Yes,Yes,Yes,No,No,Valid
C3241,R3241,Electronics,No,Yes,Yes,No,No,Valid
C3242,R3242,Electronics,Yes,No,Yes,No,No,Valid
C3243,R3243,Electronics,Yes,Yes,Yes,Yes,No,Valid
C3244,R3244,Electronics,Yes,Yes,Yes,Yes,No,Valid
C3245,R3245,Electronics,Yes,Yes,Yes,Yes,No,Warning
C3246,R3246,Automotive,Yes,Yes,Yes,No,Yes,Restricted
C3247,R3247,Automotive,No,No,Yes,Yes,Yes,Restricted
C3248,R3248,Automotive,Yes,Yes,No,No,No,Warning
C3249,R3249,Automotive,No,Yes,Yes,Yes,No,Valid
C3250,R3250,Automotive,Yes,Yes,Yes,Yes,No,Warning
C3251,R3251,Machinery and Equipment,Yes,Yes,Yes,Yes,No,Warning
C3252,R3252,Machinery and Equipment,Yes,No,Yes,Yes,No,Valid
C3253,R3253,Machinery and Equipment,Yes,Yes,Yes,No,No,Warning
C3254,R3254,Machinery and Equipment,Yes,Yes,Yes,Yes,Yes,Restricted
C3255,R3255,Machinery and Equipment,Yes,Yes,Yes,Yes,No,Warning
C3256,R3256,General Cargo,No,No,Yes,Yes,No,Valid
C3257,R3257,General Cargo,Yes,No,Yes,Yes,Yes,Restricted
C3258,R3258,General Cargo,Yes,No,Yes,Yes,No,Valid
C3259,R3259,General Cargo,Yes,Yes,Yes,No,Yes,Restricted
C3260,R3260,General Cargo,No,No,Yes,Yes,No,Valid
C3261,R3261,Electronics,Yes,Yes,Yes,Yes,Yes,Restricted
C3262,R3262,Electronics,Yes,Yes,Yes,Yes,No,Valid
C3263,R3263,Electronics,Yes,Yes,Yes,No,Yes,Restricted
C3264,R3264,Electronics,Yes,Yes,No,Yes,No,Valid
C3265,R3265,Electronics,Yes,Yes,No,Yes,Yes,Restricted
C3266,R3266,Automotive,Yes,Yes,Yes,Yes,Yes,Restricted
C3267,R3267,Automotive,Yes,No,Yes,Yes,No,Warning
C3268,R3268,Automotive,Yes,Yes,Yes,Yes,Yes,Restricted
C3269,R3269,Automotive,No,Yes,Yes,No,No,Warning
C3270,R3270,Automotive,Yes,Yes,Yes,Yes,No,Valid
C3271,R3271,Machinery and Equipment,No,No,Yes,Yes,Yes,Restricted
C3272,R3272,Machinery and Equipment,Yes,Yes,Yes,No,Yes,Restricted
C3273,R3273,Machinery and Equipment,Yes,Yes,Yes,No,No,Valid
C3274,R3274,Machinery and Equipment,Yes,Yes,Yes,Yes,No,Valid
C3275,R3275,Machinery and Equipment,No,Yes,Yes,Yes,Yes,Restricted
C3276,R3276,General Cargo,Yes,Yes,Yes,Yes,No,Warning
C3277,R3277,General Cargo,Yes,Yes,Yes,No,No,Warning
C3278,R3278,General Cargo,No,Yes,Yes,Yes,Yes,Restricted
C3279,R3279,General Cargo,Yes,Yes,Yes,Yes,Yes,Restricted
C3280,R3280,General Cargo,Yes,Yes,No,Yes,No,Warning
C3281,R3281,Electronics,Yes,Yes,Yes,Yes,Yes,Restricted
C3282,R3282,Electronics,Yes,Yes,Yes,Yes,Yes,Restricted
C3283,R3283,Electronics,Yes,Yes,Yes,No,No,Valid
C3284,R3284,Electronics,Yes,Yes,Yes,Yes,No,Warning
C3285,R3285,Electronics,No,No,No,Yes,No,Warning
C3286,R3286,Automotive,Yes,Yes,Yes,No,No,Valid
C3287,R3287,Automotive,No,Yes,Yes,No,Yes,Restricted
C3288,R3288,Automotive,Yes,Yes,Yes,Yes,No,Valid
C3289,R3289,Automotive,Yes,Yes,Yes,Yes,No,Valid
C3290,R3290,Automotive,Yes,Yes,Yes,Yes,Yes,Restricted
C3291,R3291,Machinery and Equipment,Yes,Yes,Yes,Yes,No,Valid
C3292,R3292,Machinery and Equipment,Yes,Yes,No,Yes,Yes,Restricted
C3293,R3293,Machinery and Equipment,Yes,Yes,Yes,Yes,No,Valid
C3294,R3294,Machinery and Equipment,Yes,Yes,Yes,Yes,No,Warning
C3295,R3295,Machinery and Equipment,Yes,Yes,No,Yes,No,Valid
C3296,R3296,General Cargo,Yes,Yes,Yes,Yes,Yes,Restricted
C3297,R3297,General Cargo,No,Yes,Yes,No,No,Valid
C3298,R3298,General Cargo,No,Yes,Yes,Yes,Yes,Restricted
C3299,R3299,General Cargo,No,Yes,Yes,Yes,Yes,Restricted
C3300,R3300,General Cargo,No,Yes,No,Yes,No,Warning
C3301,R3301,Electronics,Yes,Yes,Yes,No,Yes,Restricted
C3302,R3302,Electronics,Yes,No,Yes,No,No,Warning
C3303,R3303,Electronics,Yes,No,Yes,Yes,No,Warning
C3304,R3304,Electronics,Yes,Yes,Yes,No,No,Valid
C3305,R3305,Electronics,Yes,Yes,Yes,Yes,No,Warning
C3306,R3306,Automotive,Yes,Yes,Yes,Yes,No,Warning
C3307,R3307,Automotive,Yes,Yes,Yes,Yes,No,Warning
C3308,R3308,Automotive,Yes,Yes,Yes,No,No,Valid
C3309,R3309,Automotive,Yes,Yes,Yes,No,No,Warning
C3310,R3310,Automotive,Yes,Yes,Yes,Yes,No,Valid
C3311,R3311,Machinery and Equipment,Yes,Yes,Yes,Yes,No,Warning
C3312,R3312,Machinery and Equipment,No,No,Yes,Yes,Yes,Restricted
C3313,R3313,Machinery and Equipment,Yes,Yes,Yes,Yes,No,Warning
C3314,R3314,Machinery and Equipment,Yes,Yes,Yes,Yes,No,Valid
C3315,R3315,Machinery and Equipment,Yes,Yes,Yes,No,No,Warning
C3316,R3316,General Cargo,Yes,No,Yes,Yes,Yes,Restricted
C3317,R3317,General Cargo,Yes,Yes,Yes,Yes,No,Warning
C3318,R3318,General Cargo,Yes,No,Yes,Yes,No,Valid
C3319,R3319,General Cargo,No,No,Yes,Yes,No,Warning
C3320,R3320,General Cargo,Yes,No,Yes,Yes,No,Warning
C3321,R3321,Electronics,Yes,No,Yes,Yes,Yes,Restricted
C3322,R3322,Electronics,Yes,Yes,Yes,Yes,No,Valid
C3323,R3323,Electronics,No,No,Yes,No,Yes,Restricted
C3324,R3324,Electronics,Yes,Yes,Yes,Yes,No,Warning
C3325,R3325,Electronics,No,Yes,Yes,Yes,No,Warning
C3326,R3326,Automotive,No,Yes,Yes,Yes,No,Warning
C3327,R3327,Automotive,No,Yes,Yes,Yes,No,Valid
C3328,R3328,Automotive,Yes,Yes,Yes,No,Yes,Restricted
C3329,R3329,Automotive,Yes,No,Yes,No,Yes,Restricted
C3330,R3330,Automotive,No,Yes,Yes,Yes,Yes,Restricted
C3331,R3331,Machinery and Equipment,Yes,Yes,Yes,Yes,No,Valid
C3332,R3332,Machinery and Equipment,Yes,Yes,Yes,Yes,No,Valid
C3333,R3333,Machinery and Equipment,Yes,Yes,Yes,Yes,Yes,Restricted
C3334,R3334,Machinery and Equipment,No,Yes,Yes,Yes,Yes,Restricted
C3335,R3335,Machinery and Equipment,Yes,No,Yes,Yes,No,Valid
C3336,R3336,General Cargo,Yes,Yes,Yes,Yes,No,Valid
C3337,R3337,General Cargo,Yes,Yes,Yes,Yes,No,Warning
C3338,R3338,General Cargo,Yes,Yes,Yes,Yes,Yes,Restricted
C3339,R3339,General Cargo,No,Yes,Yes,Yes,No,Valid
C3340,R3340,General Cargo,Yes,No,Yes,No,No,Valid
C3341,R3341,Electronics,Yes,Yes,Yes,Yes,Yes,Restricted
C3342,R3342,Electronics,Yes,Yes,Yes,Yes,Yes,Restricted
C3343,R3343,Electronics,Yes,Yes,Yes,Yes,No,Warning
C3344,R3344,Electronics,Yes,Yes,No,Yes,No,Warning
C3345,R3345,Electronics,Yes,Yes,Yes,Yes,No,Warning
C3346,R3346,Automotive,No,Yes,Yes,Yes,Yes,Restricted
C3347,R3347,Automotive,Yes,Yes,Yes,Yes,No,Warning
C3348,R3348,Automotive,Yes,Yes,Yes,Yes,Yes,Restricted
C3349,R3349,Automotive,No,Yes,Yes,No,No,Warning
C3350,R3350,Automotive,Yes,Yes,Yes,Yes,No,Valid
C3351,R3351,Machinery and Equipment,Yes,No,Yes,Yes,No,Warning
C3352,R3352,Machinery and Equipment,No,Yes,Yes,Yes,Yes,Restricted
C3353,R3353,Machinery and Equipment,No,Yes,Yes,Yes,No,Warning
C3354,R3354,Machinery and Equipment,No,Yes,Yes,Yes,No,Valid
C3355,R3355,Machinery and Equipment,Yes,Yes,Yes,Yes,No,Valid
C3356,R3356,General Cargo,Yes,Yes,Yes,No,No,Valid
C3357,R3357,General Cargo,Yes,Yes,Yes,Yes,Yes,Restricted
C3358,R3358,General Cargo,No,Yes,No,Yes,Yes,Restricted
C3359,R3359,General Cargo,Yes,Yes,Yes,No,No,Valid
C3360,R3360,General Cargo,Yes,Yes,Yes,Yes,No,Warning
C3361,R3361,Electronics,Yes,No,Yes,No,No,Warning
C3362,R3362,Electronics,Yes,No,Yes,Yes,Yes,Restricted
C3363,R3363,Electronics,Yes,Yes,Yes,Yes,No,Warning
C3364,R3364,Electronics,No,Yes,Yes,Yes,No,Valid
C3365,R3365,Electronics,No,No,Yes,Yes,Yes,Restricted
C3366,R3366,Automotive,Yes,Yes,Yes,No,No,Valid
C3367,R3367,Automotive,Yes,Yes,Yes,Yes,No,Warning
C3368,R3368,Automotive,No,Yes,Yes,Yes,No,Valid
C3369,R3369,Automotive,Yes,Yes,Yes,No,Yes,Restricted
C3370,R3370,Automotive,No,No,Yes,Yes,No,Warning
C3371,R3371,Machinery and Equipment,Yes,No,Yes,No,Yes,Restricted
C3372,R3372,Machinery and Equipment,Yes,Yes,Yes,Yes,No,Valid
C3373,R3373,Machinery and Equipment,Yes,Yes,Yes,Yes,Yes,Restricted
C3374,R3374,Machinery and Equipment,Yes,Yes,Yes,Yes,No,Valid
C3375,R3375,Machinery and Equipment,Yes,No,Yes,Yes,Yes,Restricted
C3376,R3376,General Cargo,Yes,Yes,No,No,No,Valid
C3377,R3377,General Cargo,Yes,No,Yes,Yes,Yes,Restricted
C3378,R3378,General Cargo,No,No,Yes,Yes,No,Valid
C3379,R3379,General Cargo,Yes,No,Yes,Yes,Yes,Restricted
C3380,R3380,General Cargo,No,No,Yes,Yes,Yes,Restricted
C3381,R3381,Electronics,Yes,No,Yes,Yes,No,Valid
C3382,R3382,Electronics,Yes,Yes,Yes,No,Yes,Restricted
C3383,R3383,Electronics,Yes,No,No,Yes,No,Warning
C3384,R3384,Electronics,Yes,No,Yes,No,Yes,Restricted
C3385,R3385,Electronics,Yes,Yes,Yes,No,No,Warning
C3386,R3386,Automotive,No,Yes,Yes,Yes,No,Valid
C3387,R3387,Automotive,No,Yes,No,Yes,No,Warning
C3388,R3388,Automotive,Yes,Yes,Yes,Yes,No,Warning
C3389,R3389,Automotive,Yes,Yes,No,Yes,Yes,Restricted
C3390,R3390,Automotive,Yes,Yes,Yes,No,No,Valid
C3391,R3391,Machinery and Equipment,Yes,Yes,Yes,Yes,No,Valid
C3392,R3392,Machinery and Equipment,Yes,Yes,Yes,No,No,Warning
C3393,R3393,Machinery and Equipment,Yes,No,Yes,Yes,Yes,Restricted
C3394,R3394,Machinery and Equipment,Yes,No,Yes,Yes,Yes,Restricted
C3395,R3395,Machinery and Equipment,Yes,No,Yes,No,No,Warning
C3396,R3396,General Cargo,Yes,Yes,Yes,Yes,No,Warning
C3397,R3397,General Cargo,Yes,Yes,Yes,Yes,No,Valid
C3398,R3398,General Cargo,Yes,Yes,Yes,Yes,No,Valid
C3399,R3399,General Cargo,Yes,Yes,Yes,Yes,No,Valid
C3400,R3400,General Cargo,No,Yes,Yes,Yes,Yes,Restricted
C3401,R3401,Electronics,Yes,No,Yes,Yes,No,Warning
C3402,R3402,Electronics,No,Yes,Yes,No,Yes,Restricted
C3403,R3403,Electronics,Yes,Yes,Yes,Yes,Yes,Restricted
C3404,R3404,Electronics,Yes,Yes,Yes,Yes,No,Valid
C3405,R3405,Electronics,Yes,Yes,Yes,Yes,No,Valid
C3406,R3406,Automotive,Yes,Yes,Yes,Yes,No,Valid
C3407,R3407,Automotive,Yes,Yes,Yes,No,No,Valid
C3408,R3408,Automotive,Yes,Yes,No,Yes,No,Warning
C3409,R3409,Automotive,No,Yes,Yes,Yes,Yes,Restricted
C3410,R3410,Automotive,No,No,Yes,No,Yes,Restricted
C3411,R3411,Machinery and Equipment,Yes,Yes,Yes,Yes,Yes,Restricted
C3412,R3412,Machinery and Equipment,Yes,Yes,Yes,Yes,No,Warning
C3413,R3413,Machinery and Equipment,Yes,No,Yes,Yes,Yes,Restricted
C3414,R3414,Machinery and Equipment,Yes,No,No,Yes,No,Valid
C3415,R3415,Machinery and Equipment,Yes,Yes,Yes,Yes,Yes,Restricted
C3416,R3416,General Cargo,Yes,Yes,Yes,Yes,Yes,Restricted
C3417,R3417,General Cargo,Yes,Yes,Yes,No,No,Warning
C3418,R3418,General Cargo,Yes,Yes,Yes,Yes,No,Warning
C3419,R3419,General Cargo,Yes,Yes,Yes,Yes,No,Warning
C3420,R3420,General Cargo,Yes,No,Yes,Yes,No,Valid
C3421,R3421,Electronics,Yes,Yes,No,Yes,No,Valid
C3422,R3422,Electronics,No,Yes,Yes,Yes,No,Warning
C3423,R3423,Electronics,Yes,Yes,Yes,Yes,No,Valid
C3424,R3424,Electronics,Yes,Yes,Yes,Yes,No,Valid
C3425,R3425,Electronics,Yes,Yes,No,Yes,No,Warning
C3426,R3426,Automotive,Yes,Yes,Yes,No,No,Valid
C3427,R3427,Automotive,No,Yes,Yes,Yes,No,Valid
C3428,R3428,Automotive,No,Yes,Yes,Yes,Yes,Restricted
C3429,R3429,Automotive,Yes,No,Yes,Yes,Yes,Restricted
C3430,R3430,Automotive,Yes,Yes,Yes,Yes,No,Valid
C3431,R3431,Machinery and Equipment,Yes,Yes,Yes,Yes,Yes,Restricted
C3432,R3432,Machinery and Equipment,Yes,Yes,Yes,Yes,Yes,Restricted
C3433,R3433,Machinery and Equipment,Yes,Yes,Yes,Yes,No,Valid
C3434,R3434,Machinery and Equipment,Yes,No,Yes,Yes,Yes,Restricted
C3435,R3435,Machinery and Equipment,Yes,Yes,Yes,No,No,Valid
C3436,R3436,General Cargo,No,No,Yes,Yes,No,Warning
C3437,R3437,General Cargo,No,Yes,Yes,Yes,No,Valid
C3438,R3438,General Cargo,No,Yes,Yes,Yes,No,Valid
C3439,R3439,General Cargo,No,Yes,Yes,Yes,Yes,Restricted
C3440,R3440,General Cargo,Yes,Yes,Yes,Yes,Yes,Restricted
C3441,R3441,Electronics,Yes,Yes,Yes,Yes,No,Valid
C3442,R3442,Electronics,Yes,Yes,Yes,Yes,Yes,Restricted
C3443,R3443,Electronics,Yes,Yes,Yes,Yes,Yes,Restricted
C3444,R3444,Electronics,Yes,No,Yes,No,Yes,Restricted
C3445,R3445,Electronics,Yes,Yes,Yes,No,No,Warning
C3446,R3446,Automotive,No,Yes,Yes,Yes,No,Warning
C3447,R3447,Automotive,Yes,Yes,Yes,Yes,No,Warning
C3448,R3448,Automotive,Yes,Yes,Yes,Yes,Yes,Restricted
C3449,R3449,Automotive,Yes,Yes,Yes,Yes,No,Warning
C3450,R3450,Automotive,No,No,Yes,Yes,No,Valid
C3451,R3451,Machinery and Equipment,Yes,Yes,Yes,Yes,No,Valid
C3452,R3452,Machinery and Equipment,Yes,No,Yes,No,Yes,Restricted
C3453,R3453,Machinery and Equipment,No,No,Yes,Yes,No,Warning
C3454,R3454,Machinery and Equipment,Yes,Yes,Yes,Yes,No,Valid
C3455,R3455,Machinery and Equipment,Yes,Yes,Yes,Yes,No,Warning
C3456,R3456,General Cargo,Yes,Yes,Yes,Yes,No,Valid
C3457,R3457,General Cargo,Yes,Yes,Yes,Yes,Yes,Restricted
C3458,R3458,General Cargo,Yes,No,Yes,Yes,No,Valid
C3459,R3459,General Cargo,Yes,Yes,Yes,Yes,No,Warning
C3460,R3460,General Cargo,No,Yes,Yes,Yes,Yes,Restricted
C3461,R3461,Electronics,Yes,Yes,Yes,Yes,No,Warning
C3462,R3462,Electronics,Yes,Yes,Yes,Yes,No,Valid
C3463,R3463,Electronics,Yes,Yes,No,Yes,No,Warning
C3464,R3464,Electronics,Yes,Yes,Yes,Yes,No,Valid
C3465,R3465,Electronics,Yes,Yes,Yes,Yes,Yes,Restricted
C3466,R3466,Automotive,Yes,Yes,Yes,Yes,Yes,Restricted
C3467,R3467,Automotive,Yes,Yes,Yes,Yes,Yes,Restricted
C3468,R3468,Automotive,Yes,Yes,Yes,Yes,No,Warning
C3469,R3469,Automotive,Yes,No,Yes,No,No,Valid
C3470,R3470,Automotive,No,Yes,Yes,Yes,No,Warning
C3471,R3471,Machinery and Equipment,Yes,Yes,Yes,Yes,No,Valid
C3472,R3472,Machinery and Equipment,Yes,Yes,Yes,Yes,Yes,Restricted
C3473,R3473,Machinery and Equipment,No,Yes,Yes,Yes,No,Warning
C3474,R3474,Machinery and Equipment,Yes,Yes,Yes,Yes,No,Warning
C3475,R3475,Machinery and Equipment,Yes,Yes,Yes,Yes,No,Valid
C3476,R3476,General Cargo,No,Yes,Yes,Yes,Yes,Restricted
C3477,R3477,General Cargo,Yes,Yes,Yes,Yes,No,Valid
C3478,R3478,General Cargo,No,No,Yes,No,No,Warning
C3479,R3479,General Cargo,Yes,Yes,Yes,No,No,Warning
C3480,R3480,General Cargo,Yes,No,Yes,Yes,No,Valid
C3481,R3481,Electronics,No,Yes,Yes,Yes,No,Warning
C3482,R3482,Electronics,Yes,Yes,Yes,Yes,No,Warning
C3483,R3483,Electronics,Yes,No,Yes,Yes,No,Warning
C3484,R3484,Electronics,No,No,Yes,No,No,Valid
C3485,R3485,Electronics,Yes,Yes,Yes,Yes,No,Valid
C3486,R3486,Automotive,No,No,Yes,Yes,Yes,Restricted
C3487,R3487,Automotive,No,Yes,Yes,Yes,Yes,Restricted
C3488,R3488,Automotive,Yes,Yes,Yes,Yes,No,Warning
C3489,R3489,Automotive,Yes,Yes,Yes,Yes,No,Valid
C3490,R3490,Automotive,Yes,Yes,Yes,Yes,Yes,Restricted
C3491,R3491,Machinery and Equipment,Yes,Yes,Yes,Yes,Yes,Restricted
C3492,R3492,Machinery and Equipment,Yes,Yes,Yes,Yes,Yes,Restricted
C3493,R3493,Machinery and Equipment,Yes,Yes,Yes,No,No,Warning
C3494,R3494,Machinery and Equipment,Yes,Yes,Yes,Yes,No,Valid
C3495,R3495,Machinery and Equipment,Yes,Yes,Yes,Yes,No,Warning
C3496,R3496,General Cargo,Yes,Yes,Yes,Yes,Yes,Restricted
C3497,R3497,General Cargo,Yes,No,No,Yes,Yes,Restricted
C3498,R3498,General Cargo,Yes,Yes,Yes,Yes,No,Valid
C3499,R3499,General Cargo,No,Yes,Yes,Yes,No,Valid
C3500,R3500,General Cargo,No,Yes,Yes,No,No,Warning
C3501,R3501,Electronics,Yes,Yes,Yes,Yes,No,Warning
C3502,R3502,Electronics,Yes,No,Yes,Yes,Yes,Restricted
C3503,R3503,Electronics,No,Yes,Yes,Yes,Yes,Restricted
C3504,R3504,Electronics,Yes,Yes,Yes,Yes,Yes,Restricted
C3505,R3505,Electronics,No,Yes,Yes,Yes,Yes,Restricted
C3506,R3506,Automotive,Yes,Yes,Yes,No,No,Warning
C3507,R3507,Automotive,Yes,Yes,Yes,Yes,Yes,Restricted
C3508,R3508,Automotive,No,Yes,Yes,Yes,Yes,Restricted
C3509,R3509,Automotive,Yes,Yes,Yes,Yes,Yes,Restricted
C3510,R3510,Automotive,Yes,No,Yes,Yes,No,Valid
C3511,R3511,Machinery and Equipment,Yes,Yes,Yes,No,Yes,Restricted
C3512,R3512,Machinery and Equipment,Yes,Yes,Yes,Yes,No,Valid
C3513,R3513,Machinery and Equipment,No,Yes,Yes,Yes,No,Valid
C3514,R3514,Machinery and Equipment,Yes,Yes,Yes,Yes,No,Warning
C3515,R3515,Machinery and Equipment,No,Yes,Yes,Yes,Yes,Restricted
C3516,R3516,General Cargo,Yes,Yes,Yes,Yes,No,Warning
C3517,R3517,General Cargo,Yes,No,Yes,Yes,No,Warning
C3518,R3518,General Cargo,Yes,Yes,Yes,Yes,Yes,Restricted
C3519,R3519,General Cargo,Yes,Yes,Yes,Yes,No,Valid
C3520,R3520,General Cargo,No,Yes,Yes,Yes,No,Warning
C3521,R3521,Electronics,Yes,Yes,Yes,Yes,No,Valid
C3522,R3522,Electronics,Yes,Yes,No,Yes,No,Valid
C3523,R3523,Electronics,Yes,Yes,Yes,Yes,No,Warning
C3524,R3524,Electronics,Yes,Yes,Yes,Yes,No,Warning
C3525,R3525,Electronics,Yes,No,Yes,Yes,No,Warning
C3526,R3526,Automotive,Yes,Yes,Yes,Yes,No,Valid
C3527,R3527,Automotive,No,No,Yes,Yes,No,Warning
C3528,R3528,Automotive,Yes,Yes,Yes,Yes,Yes,Restricted
C3529,R3529,Automotive,No,Yes,Yes,Yes,No,Valid
C3530,R3530,Automotive,Yes,Yes,Yes,Yes,Yes,Restricted
C3531,R3531,Machinery and Equipment,Yes,No,Yes,Yes,Yes,Restricted
C3532,R3532,Machinery and Equipment,Yes,Yes,Yes,Yes,Yes,Restricted
C3533,R3533,Machinery and Equipment,Yes,Yes,Yes,No,No,Warning
C3534,R3534,Machinery and Equipment,No,Yes,Yes,Yes,Yes,Restricted
C3535,R3535,Machinery and Equipment,Yes,Yes,Yes,Yes,No,Warning
C3536,R3536,General Cargo,No,Yes,Yes,Yes,No,Valid
C3537,R3537,General Cargo,Yes,Yes,Yes,Yes,No,Valid
C3538,R3538,General Cargo,Yes,Yes,Yes,Yes,No,Valid
C3539,R3539,General Cargo,Yes,No,Yes,Yes,No,Warning
C3540,R3540,General Cargo,Yes,Yes,Yes,Yes,Yes,Restricted
C3541,R3541,Electronics,Yes,Yes,Yes,Yes,No,Valid
C3542,R3542,Electronics,Yes,Yes,No,Yes,No,Valid
C3543,R3543,Electronics,No,Yes,No,No,Yes,Restricted
C3544,R3544,Electronics,Yes,Yes,Yes,Yes,No,Valid
C3545,R3545,Electronics,Yes,Yes,Yes,Yes,Yes,Restricted
C3546,R3546,Automotive,Yes,Yes,Yes,Yes,No,Valid
C3547,R3547,Automotive,Yes,Yes,No,No,No,Warning
C3548,R3548,Automotive,Yes,Yes,Yes,Yes,Yes,Restricted
C3549,R3549,Automotive,Yes,Yes,Yes,Yes,Yes,Restricted
C3550,R3550,Automotive,Yes,Yes,Yes,Yes,Yes,Restricted
C3551,R3551,Machinery and Equipment,No,No,Yes,Yes,Yes,Restricted
C3552,R3552,Machinery and Equipment,Yes,No,Yes,Yes,No,Warning
C3553,R3553,Machinery and Equipment,Yes,No,Yes,Yes,No,Valid
C3554,R3554,Machinery and Equipment,Yes,No,Yes,Yes,Yes,Restricted
C3555,R3555,Machinery and Equipment,No,Yes,Yes,Yes,Yes,Restricted
C3556,R3556,General Cargo,Yes,Yes,Yes,No,Yes,Restricted
C3557,R3557,General Cargo,No,Yes,Yes,Yes,Yes,Restricted
C3558,R3558,General Cargo,Yes,No,Yes,No,No,Warning
C3559,R3559,General Cargo,Yes,Yes,Yes,Yes,No,Valid
C3560,R3560,General Cargo,Yes,Yes,No,No,Yes,Restricted
C3561,R3561,Electronics,Yes,Yes,Yes,Yes,No,Warning
C3562,R3562,Electronics,Yes,No,Yes,No,No,Warning
C3563,R3563,Electronics,Yes,Yes,Yes,No,No,Valid
C3564,R3564,Electronics,Yes,Yes,Yes,Yes,No,Valid
C3565,R3565,Electronics,No,Yes,Yes,No,No,Warning
C3566,R3566,Automotive,Yes,Yes,Yes,Yes,No,Valid
C3567,R3567,Automotive,Yes,Yes,Yes,Yes,No,Warning
C3568,R3568,Automotive,No,Yes,Yes,No,No,Valid
C3569,R3569,Automotive,Yes,Yes,Yes,Yes,Yes,Restricted
C3570,R3570,Automotive,No,Yes,Yes,Yes,No,Warning
C3571,R3571,Machinery and Equipment,Yes,Yes,Yes,Yes,No,Valid
C3572,R3572,Machinery and Equipment,No,Yes,Yes,Yes,Yes,Restricted
C3573,R3573,Machinery and Equipment,Yes,No,Yes,Yes,Yes,Restricted
C3574,R3574,Machinery and Equipment,Yes,Yes,Yes,Yes,Yes,Restricted
C3575,R3575,Machinery and Equipment,Yes,No,Yes,Yes,Yes,Restricted
C3576,R3576,General Cargo,Yes,No,Yes,Yes,No,Valid
C3577,R3577,General Cargo,Yes,Yes,Yes,Yes,Yes,Restricted
C3578,R3578,General Cargo,Yes,Yes,Yes,Yes,No,Valid
C3579,R3579,General Cargo,Yes,Yes,Yes,Yes,Yes,Restricted
C3580,R3580,General Cargo,Yes,Yes,Yes,Yes,No,Valid
C3581,R3581,Electronics,Yes,Yes,Yes,Yes,No,Valid
C3582,R3582,Electronics,No,No,No,Yes,No,Valid
C3583,R3583,Electronics,Yes,No,Yes,Yes,No,Valid
C3584,R3584,Electronics,Yes,No,Yes,Yes,Yes,Restricted
C3585,R3585,Electronics,Yes,Yes,Yes,Yes,No,Warning
C3586,R3586,Automotive,Yes,No,Yes,Yes,No,Valid
C3587,R3587,Automotive,Yes,Yes,Yes,Yes,Yes,Restricted
C3588,R3588,Automotive,No,No,Yes,Yes,No,Valid
C3589,R3589,Automotive,Yes,Yes,Yes,Yes,No,Warning
C3590,R3590,Automotive,Yes,Yes,Yes,No,No,Warning
C3591,R3591,Machinery and Equipment,Yes,Yes,Yes,No,Yes,Restricted
C3592,R3592,Machinery and Equipment,Yes,No,Yes,No,No,Valid
C3593,R3593,Machinery and Equipment,No,Yes,Yes,Yes,No,Warning
C3594,R3594,Machinery and Equipment,Yes,Yes,Yes,No,Yes,Restricted
C3595,R3595,Machinery and Equipment,Yes,Yes,Yes,No,No,Warning
C3596,R3596,General Cargo,No,Yes,Yes,Yes,No,Valid
C3597,R3597,General Cargo,Yes,No,Yes,Yes,Yes,Restricted
C3598,R3598,General Cargo,Yes,Yes,Yes,No,Yes,Restricted
C3599,R3599,General Cargo,Yes,Yes,Yes,Yes,No,Warning
C3600,R3600,General Cargo,Yes,Yes,Yes,Yes,No,Warning
C3601,R3601,Electronics,Yes,No,Yes,Yes,No,Valid
C3602,R3602,Electronics,Yes,Yes,Yes,No,No,Warning
C3603,R3603,Electronics,Yes,No,Yes,Yes,No,Valid
C3604,R3604,Electronics,Yes,No,No,No,No,Warning
C3605,R3605,Electronics,Yes,Yes,Yes,Yes,Yes,Restricted
C3606,R3606,Automotive,Yes,Yes,Yes,No,No,Valid
C3607,R3607,Automotive,Yes,No,Yes,Yes,No,Valid
C3608,R3608,Automotive,Yes,No,Yes,Yes,No,Warning
C3609,R3609,Automotive,Yes,Yes,Yes,Yes,No,Warning
C3610,R3610,Automotive,Yes,Yes,Yes,Yes,No,Warning
C3611,R3611,Machinery and Equipment,No,Yes,Yes,Yes,No,Warning
C3612,R3612,Machinery and Equipment,Yes,Yes,Yes,Yes,Yes,Restricted
C3613,R3613,Machinery and Equipment,Yes,Yes,Yes,Yes,Yes,Restricted
C3614,R3614,Machinery and Equipment,Yes,Yes,Yes,No,No,Valid
C3615,R3615,Machinery and Equipment,Yes,Yes,Yes,Yes,Yes,Restricted
C3616,R3616,General Cargo,Yes,No,Yes,Yes,No,Valid
C3617,R3617,General Cargo,Yes,Yes,Yes,Yes,No,Warning
C3618,R3618,General Cargo,No,Yes,Yes,No,No,Valid
C3619,R3619,General Cargo,Yes,Yes,Yes,Yes,No,Valid
C3620,R3620,General Cargo,Yes,Yes,Yes,No,No,Warning
C3621,R3621,Electronics,Yes,No,Yes,Yes,No,Warning
C3622,R3622,Electronics,No,No,Yes,No,No,Warning
C3623,R3623,Electronics,Yes,No,Yes,Yes,Yes,Restricted
C3624,R3624,Electronics,No,Yes,Yes,Yes,Yes,Restricted
C3625,R3625,Electronics,Yes,No,Yes,Yes,No,Valid
C3626,R3626,Automotive,Yes,Yes,Yes,Yes,Yes,Restricted
C3627,R3627,Automotive,Yes,No,Yes,Yes,Yes,Restricted
C3628,R3628,Automotive,Yes,No,Yes,No,Yes,Restricted
C3629,R3629,Automotive,Yes,Yes,Yes,No,No,Valid
C3630,R3630,Automotive,Yes,No,Yes,Yes,No,Valid
C3631,R3631,Machinery and Equipment,Yes,Yes,Yes,Yes,No,Warning
C3632,R3632,Machinery and Equipment,Yes,Yes,Yes,Yes,Yes,Restricted
C3633,R3633,Machinery and Equipment,No,Yes,Yes,Yes,No,Warning
C3634,R3634,Machinery and Equipment,No,No,Yes,Yes,No,Warning
C3635,R3635,Machinery and Equipment,Yes,No,Yes,Yes,Yes,Restricted
C3636,R3636,General Cargo,Yes,No,Yes,No,No,Valid
C3637,R3637,General Cargo,No,No,Yes,No,No,Valid
C3638,R3638,General Cargo,No,Yes,Yes,Yes,Yes,Restricted
C3639,R3639,General Cargo,Yes,No,Yes,Yes,Yes,Restricted
C3640,R3640,General Cargo,Yes,No,Yes,Yes,Yes,Restricted
C3641,R3641,Electronics,No,No,Yes,Yes,No,Warning
C3642,R3642,Electronics,No,Yes,Yes,Yes,Yes,Restricted
C3643,R3643,Electronics,Yes,Yes,Yes,Yes,No,Valid
C3644,R3644,Electronics,Yes,Yes,Yes,No,No,Warning
C3645,R3645,Electronics,Yes,Yes,Yes,Yes,Yes,Restricted
C3646,R3646,Automotive,Yes,Yes,Yes,Yes,No,Warning
C3647,R3647,Automotive,Yes,Yes,Yes,Yes,No,Warning
C3648,R3648,Automotive,Yes,Yes,Yes,Yes,No,Valid
C3649,R3649,Automotive,Yes,Yes,No,Yes,Yes,Restricted
C3650,R3650,Automotive,Yes,Yes,Yes,No,No,Warning
C3651,R3651,Machinery and Equipment,Yes,Yes,Yes,Yes,Yes,Restricted
C3652,R3652,Machinery and Equipment,Yes,No,Yes,Yes,Yes,Restricted
C3653,R3653,Machinery and Equipment,Yes,Yes,Yes,Yes,No,Valid
C3654,R3654,Machinery and Equipment,Yes,Yes,Yes,Yes,Yes,Restricted
C3655,R3655,Machinery and Equipment,Yes,Yes,Yes,No,No,Warning
C3656,R3656,General Cargo,Yes,Yes,Yes,Yes,Yes,Restricted
C3657,R3657,General Cargo,No,Yes,Yes,No,No,Warning
C3658,R3658,General Cargo,No,Yes,Yes,Yes,No,Valid
C3659,R3659,General Cargo,Yes,Yes,Yes,Yes,No,Valid
C3660,R3660,General Cargo,Yes,Yes,Yes,Yes,No,Valid
C3661,R3661,Electronics,Yes,Yes,Yes,No,No,Warning
C3662,R3662,Electronics,No,No,Yes,Yes,Yes,Restricted
C3663,R3663,Electronics,Yes,Yes,Yes,Yes,No,Valid
C3664,R3664,Electronics,No,Yes,Yes,Yes,No,Valid
C3665,R3665,Electronics,Yes,No,Yes,Yes,Yes,Restricted
C3666,R3666,Automotive,Yes,Yes,Yes,Yes,No,Valid
C3667,R3667,Automotive,No,Yes,Yes,Yes,No,Valid
C3668,R3668,Automotive,Yes,Yes,Yes,No,No,Warning
C3669,R3669,Automotive,Yes,Yes,Yes,No,No,Valid
C3670,R3670,Automotive,Yes,Yes,Yes,No,No,Valid
C3671,R3671,Machinery and Equipment,Yes,Yes,No,Yes,No,Warning
C3672,R3672,Machinery and Equipment,Yes,Yes,Yes,Yes,No,Warning
C3673,R3673,Machinery and Equipment,Yes,Yes,Yes,Yes,Yes,Restricted
C3674,R3674,Machinery and Equipment,Yes,No,Yes,No,No,Warning
C3675,R3675,Machinery and Equipment,Yes,No,Yes,Yes,No,Valid
C3676,R3676,General Cargo,Yes,Yes,No,No,No,Warning
C3677,R3677,General Cargo,Yes,No,Yes,No,Yes,Restricted
C3678,R3678,General Cargo,No,No,Yes,Yes,Yes,Restricted
C3679,R3679,General Cargo,Yes,Yes,No,Yes,Yes,Restricted
C3680,R3680,General Cargo,Yes,Yes,Yes,No,No,Warning
C3681,R3681,Electronics,Yes,Yes,Yes,No,No,Valid
C3682,R3682,Electronics,No,Yes,Yes,Yes,No,Valid
C3683,R3683,Electronics,Yes,Yes,Yes,No,Yes,Restricted
C3684,R3684,Electronics,Yes,No,Yes,Yes,No,Valid
C3685,R3685,Electronics,Yes,Yes,No,Yes,Yes,Restricted
C3686,R3686,Automotive,No,Yes,Yes,Yes,No,Warning
C3687,R3687,Automotive,Yes,Yes,Yes,No,No,Warning
C3688,R3688,Automotive,Yes,No,Yes,Yes,No,Valid
C3689,R3689,Automotive,Yes,Yes,Yes,Yes,Yes,Restricted
C3690,R3690,Automotive,Yes,Yes,Yes,No,No,Warning
C3691,R3691,Machinery and Equipment,Yes,Yes,Yes,Yes,Yes,Restricted
C3692,R3692,Machinery and Equipment,Yes,No,No,Yes,No,Warning
C3693,R3693,Machinery and Equipment,No,No,Yes,Yes,Yes,Restricted
C3694,R3694,Machinery and Equipment,Yes,No,No,No,Yes,Restricted
C3695,R3695,Machinery and Equipment,Yes,Yes,Yes,Yes,No,Warning
C3696,R3696,General Cargo,Yes,No,Yes,Yes,No,Valid
C3697,R3697,General Cargo,No,Yes,Yes,Yes,No,Warning
C3698,R3698,General Cargo,Yes,Yes,Yes,Yes,No,Warning
C3699,R3699,General Cargo,Yes,No,Yes,Yes,Yes,Restricted
C3700,R3700,General Cargo,No,Yes,Yes,Yes,No,Valid
C3701,R3701,Electronics,Yes,Yes,No,Yes,No,Valid
C3702,R3702,Electronics,Yes,Yes,No,Yes,No,Valid
C3703,R3703,Electronics,Yes,Yes,Yes,Yes,No,Valid
C3704,R3704,Electronics,Yes,Yes,Yes,No,No,Warning
C3705,R3705,Electronics,Yes,Yes,Yes,Yes,Yes,Restricted
C3706,R3706,Automotive,No,No,Yes,No,Yes,Restricted
C3707,R3707,Automotive,No,No,Yes,Yes,No,Warning
C3708,R3708,Automotive,No,Yes,Yes,Yes,Yes,Restricted
C3709,R3709,Automotive,No,Yes,Yes,Yes,No,Warning
C3710,R3710,Automotive,Yes,No,Yes,No,Yes,Restricted
C3711,R3711,Machinery and Equipment,Yes,Yes,Yes,Yes,No,Valid
C3712,R3712,Machinery and Equipment,Yes,No,Yes,No,No,Valid
C3713,R3713,Machinery and Equipment,Yes,Yes,Yes,Yes,No,Warning
C3714,R3714,Machinery and Equipment,Yes,Yes,Yes,Yes,No,Warning
C3715,R3715,Machinery and Equipment,Yes,No,Yes,Yes,Yes,Restricted
C3716,R3716,General Cargo,Yes,Yes,Yes,Yes,No,Warning
C3717,R3717,General Cargo,Yes,Yes,Yes,Yes,No,Valid
C3718,R3718,General Cargo,Yes,Yes,Yes,No,No,Warning
C3719,R3719,General Cargo,Yes,Yes,Yes,Yes,No,Valid
C3720,R3720,General Cargo,No,Yes,Yes,Yes,No,Warning
C3721,R3721,Electronics,Yes,No,Yes,Yes,No,Warning
C3722,R3722,Electronics,Yes,Yes,Yes,No,No,Warning
C3723,R3723,Electronics,Yes,Yes,Yes,Yes,No,Valid
C3724,R3724,Electronics,Yes,Yes,Yes,No,No,Warning
C3725,R3725,Electronics,Yes,No,Yes,Yes,No,Valid
C3726,R3726,Automotive,No,Yes,Yes,Yes,Yes,Restricted
C3727,R3727,Automotive,Yes,Yes,Yes,Yes,No,Valid
C3728,R3728,Automotive,Yes,Yes,Yes,Yes,No,Valid
C3729,R3729,Automotive,No,No,Yes,Yes,No,Valid
C3730,R3730,Automotive,Yes,Yes,Yes,No,No,Warning
C3731,R3731,Machinery and Equipment,Yes,Yes,Yes,Yes,No,Valid
C3732,R3732,Machinery and Equipment,No,No,Yes,No,No,Valid
C3733,R3733,Machinery and Equipment,Yes,No,Yes,Yes,No,Warning
C3734,R3734,Machinery and Equipment,Yes,Yes,Yes,No,Yes,Restricted
C3735,R3735,Machinery and Equipment,No,Yes,Yes,Yes,Yes,Restricted
C3736,R3736,General Cargo,Yes,Yes,Yes,Yes,Yes,Restricted
C3737,R3737,General Cargo,Yes,No,Yes,Yes,Yes,Restricted
C3738,R3738,General Cargo,Yes,Yes,Yes,Yes,Yes,Restricted
C3739,R3739,General Cargo,Yes,Yes,Yes,No,Yes,Restricted
C3740,R3740,General Cargo,Yes,Yes,Yes,Yes,Yes,Restricted
C3741,R3741,Electronics,Yes,No,Yes,Yes,No,Warning
C3742,R3742,Electronics,No,Yes,Yes,Yes,No,Valid
C3743,R3743,Electronics,Yes,Yes,Yes,No,No,Warning
C3744,R3744,Electronics,No,Yes,Yes,Yes,No,Warning
C3745,R3745,Electronics,Yes,No,Yes,Yes,No,Valid
C3746,R3746,Automotive,No,Yes,Yes,Yes,Yes,Restricted
C3747,R3747,Automotive,Yes,Yes,Yes,Yes,No,Valid
C3748,R3748,Automotive,Yes,Yes,Yes,Yes,No,Valid
C3749,R3749,Automotive,Yes,Yes,Yes,No,Yes,Restricted
C3750,R3750,Automotive,Yes,Yes,Yes,Yes,No,Warning
C3751,R3751,Electronics,No,Yes,Yes,Yes,No,Valid
C3752,R3752,Electronics,Yes,No,Yes,Yes,No,Valid
C3753,R3753,Electronics,Yes,Yes,Yes,Yes,No,Warning
C3754,R3754,Electronics,No,No,Yes,No,No,Valid
C3755,R3755,Electronics,Yes,No,Yes,No,No,Warning
C3756,R3756,Automotive,Yes,Yes,Yes,No,No,Warning
C3757,R3757,Automotive,Yes,Yes,No,Yes,Yes,Restricted
C3758,R3758,Automotive,Yes,Yes,No,Yes,Yes,Restricted
C3759,R3759,Automotive,Yes,Yes,No,Yes,No,Warning
C3760,R3760,Automotive,Yes,Yes,Yes,Yes,No,Valid
C3761,R3761,Machinery and Equipment,Yes,No,Yes,Yes,No,Warning
C3762,R3762,Machinery and Equipment,No,No,Yes,No,No,Valid
C3763,R3763,Machinery and Equipment,Yes,Yes,Yes,No,Yes,Restricted
C3764,R3764,Machinery and Equipment,No,Yes,Yes,Yes,No,Valid
C3765,R3765,Machinery and Equipment,Yes,No,Yes,Yes,Yes,Restricted
C3766,R3766,General Cargo,Yes,Yes,Yes,Yes,No,Valid
C3767,R3767,General Cargo,Yes,Yes,No,No,Yes,Restricted
C3768,R3768,General Cargo,Yes,Yes,Yes,Yes,No,Warning
C3769,R3769,General Cargo,Yes,No,Yes,Yes,No,Valid
C3770,R3770,General Cargo,Yes,Yes,Yes,Yes,No,Valid
C3771,R3771,Electronics,No,Yes,Yes,Yes,Yes,Restricted
C3772,R3772,Electronics,Yes,No,Yes,Yes,No,Valid
C3773,R3773,Electronics,Yes,Yes,Yes,No,No,Valid
C3774,R3774,Electronics,Yes,Yes,No,Yes,Yes,Restricted
C3775,R3775,Electronics,Yes,No,Yes,Yes,No,Valid
C3776,R3776,Automotive,No,Yes,Yes,Yes,No,Warning
C3777,R3777,Automotive,No,Yes,No,No,No,Warning
C3778,R3778,Automotive,Yes,No,Yes,No,No,Warning
C3779,R3779,Automotive,Yes,Yes,Yes,Yes,Yes,Restricted
C3780,R3780,Automotive,Yes,Yes,No,No,Yes,Restricted
C3781,R3781,Machinery and Equipment,Yes,Yes,Yes,Yes,No,Valid
C3782,R3782,Machinery and Equipment,No,Yes,Yes,Yes,No,Warning
C3783,R3783,Machinery and Equipment,No,No,Yes,Yes,No,Valid
C3784,R3784,Machinery and Equipment,Yes,Yes,Yes,Yes,No,Warning
C3785,R3785,Machinery and Equipment,Yes,Yes,Yes,Yes,No,Valid
C3786,R3786,General Cargo,No,Yes,No,Yes,No,Valid
C3787,R3787,General Cargo,Yes,No,Yes,Yes,Yes,Restricted
C3788,R3788,General Cargo,No,Yes,Yes,No,No,Warning
C3789,R3789,General Cargo,Yes,Yes,No,Yes,No,Valid
C3790,R3790,General Cargo,Yes,Yes,Yes,Yes,No,Warning
C3791,R3791,Electronics,Yes,Yes,Yes,Yes,No,Valid
C3792,R3792,Electronics,No,No,Yes,No,No,Warning
C3793,R3793,Electronics,Yes,Yes,Yes,Yes,No,Valid
C3794,R3794,Electronics,Yes,Yes,Yes,Yes,No,Warning
C3795,R3795,Electronics,Yes,Yes,Yes,Yes,No,Warning
C3796,R3796,Automotive,Yes,No,Yes,Yes,No,Warning
C3797,R3797,Automotive,No,Yes,Yes,Yes,No,Valid
C3798,R3798,Automotive,Yes,Yes,Yes,Yes,Yes,Restricted
C3799,R3799,Automotive,Yes,Yes,Yes,Yes,No,Warning
C3800,R3800,Automotive,No,No,Yes,No,No,Valid
C3801,R3801,Machinery and Equipment,No,Yes,No,Yes,No,Valid
C3802,R3802,Machinery and Equipment,Yes,No,Yes,Yes,No,Warning
C3803,R3803,Machinery and Equipment,Yes,No,Yes,Yes,No,Warning
C3804,R3804,Machinery and Equipment,Yes,Yes,Yes,Yes,No,Warning
C3805,R3805,Machinery and Equipment,No,Yes,Yes,Yes,No,Valid
C3806,R3806,General Cargo,No,Yes,Yes,Yes,Yes,Restricted
C3807,R3807,General Cargo,Yes,Yes,Yes,Yes,No,Valid
C3808,R3808,General Cargo,No,Yes,Yes,Yes,No,Valid
C3809,R3809,General Cargo,Yes,Yes,No,Yes,No,Warning
C3810,R3810,General Cargo,Yes,Yes,Yes,Yes,Yes,Restricted
C3811,R3811,Electronics,Yes,Yes,Yes,Yes,Yes,Restricted
C3812,R3812,Electronics,Yes,No,Yes,Yes,No,Warning
C3813,R3813,Electronics,Yes,Yes,Yes,Yes,Yes,Restricted
C3814,R3814,Electronics,Yes,No,Yes,Yes,No,Valid
C3815,R3815,Electronics,Yes,No,No,No,Yes,Restricted
C3816,R3816,Automotive,No,No,Yes,Yes,Yes,Restricted
C3817,R3817,Automotive,Yes,Yes,Yes,Yes,Yes,Restricted
C3818,R3818,Automotive,Yes,Yes,Yes,Yes,No,Warning
C3819,R3819,Automotive,No,Yes,No,Yes,Yes,Restricted
C3820,R3820,Automotive,No,Yes,Yes,Yes,Yes,Restricted
C3821,R3821,Machinery and Equipment,Yes,Yes,Yes,Yes,No,Warning
C3822,R3822,Machinery and Equipment,No,Yes,Yes,Yes,No,Warning
C3823,R3823,Machinery and Equipment,Yes,Yes,Yes,Yes,No,Warning
C3824,R3824,Machinery and Equipment,Yes,No,Yes,No,No,Warning
C3825,R3825,Machinery and Equipment,Yes,Yes,Yes,Yes,No,Warning
C3826,R3826,General Cargo,Yes,Yes,Yes,Yes,No,Warning
C3827,R3827,General Cargo,Yes,Yes,No,No,No,Valid
C3828,R3828,General Cargo,Yes,Yes,Yes,Yes,No,Warning
C3829,R3829,General Cargo,Yes,Yes,Yes,No,No,Valid
C3830,R3830,General Cargo,No,Yes,No,Yes,No,Valid
C3831,R3831,Electronics,No,Yes,Yes,Yes,No,Warning
C3832,R3832,Electronics,Yes,Yes,Yes,No,No,Warning
C3833,R3833,Electronics,Yes,Yes,Yes,Yes,Yes,Restricted
C3834,R3834,Electronics,Yes,Yes,Yes,Yes,Yes,Restricted
C3835,R3835,Electronics,Yes,Yes,Yes,Yes,No,Valid
C3836,R3836,Automotive,Yes,Yes,Yes,Yes,Yes,Restricted
C3837,R3837,Automotive,No,Yes,Yes,Yes,Yes,Restricted
C3838,R3838,Automotive,No,Yes,Yes,No,Yes,Restricted
C3839,R3839,Automotive,Yes,Yes,Yes,Yes,No,Valid
C3840,R3840,Automotive,Yes,Yes,Yes,Yes,No,Valid
C3841,R3841,Machinery and Equipment,Yes,Yes,Yes,Yes,No,Warning
C3842,R3842,Machinery and Equipment,Yes,No,Yes,Yes,Yes,Restricted
C3843,R3843,Machinery and Equipment,No,Yes,Yes,Yes,No,Warning
C3844,R3844,Machinery and Equipment,Yes,Yes,Yes,Yes,No,Warning
C3845,R3845,Machinery and Equipment,No,Yes,Yes,No,No,Warning
C3846,R3846,General Cargo,No,Yes,Yes,Yes,No,Warning
C3847,R3847,General Cargo,Yes,Yes,Yes,No,No,Warning
C3848,R3848,General Cargo,Yes,Yes,Yes,No,Yes,Restricted
C3849,R3849,General Cargo,Yes,Yes,Yes,Yes,Yes,Restricted
C3850,R3850,General Cargo,Yes,Yes,Yes,Yes,No,Warning
C3851,R3851,Electronics,Yes,Yes,Yes,No,Yes,Restricted
C3852,R3852,Electronics,Yes,Yes,Yes,Yes,Yes,Restricted
C3853,R3853,Electronics,Yes,Yes,Yes,Yes,No,Warning
C3854,R3854,Electronics,Yes,Yes,Yes,Yes,No,Valid
C3855,R3855,Electronics,Yes,Yes,Yes,Yes,Yes,Restricted
C3856,R3856,Automotive,No,Yes,Yes,Yes,Yes,Restricted
C3857,R3857,Automotive,No,Yes,Yes,Yes,Yes,Restricted
C3858,R3858,Automotive,Yes,Yes,Yes,Yes,No,Warning
C3859,R3859,Automotive,Yes,Yes,Yes,Yes,No,Warning
C3860,R3860,Automotive,Yes,Yes,Yes,Yes,No,Valid
C3861,R3861,Machinery and Equipment,Yes,Yes,Yes,Yes,Yes,Restricted
C3862,R3862,Machinery and Equipment,Yes,Yes,Yes,Yes,No,Warning
C3863,R3863,Machinery and Equipment,No,No,Yes,Yes,Yes,Restricted
C3864,R3864,Machinery and Equipment,Yes,No,Yes,Yes,No,Warning
C3865,R3865,Machinery and Equipment,Yes,No,Yes,Yes,No,Valid
C3866,R3866,General Cargo,Yes,Yes,Yes,Yes,No,Warning
C3867,R3867,General Cargo,No,Yes,Yes,No,No,Valid
C3868,R3868,General Cargo,Yes,Yes,Yes,Yes,Yes,Restricted
C3869,R3869,General Cargo,Yes,Yes,Yes,No,No,Warning
C3870,R3870,General Cargo,No,Yes,Yes,Yes,No,Warning
C3871,R3871,Electronics,No,No,No,Yes,No,Valid
C3872,R3872,Electronics,Yes,Yes,Yes,Yes,No,Valid
C3873,R3873,Electronics,Yes,No,Yes,Yes,No,Warning
C3874,R3874,Electronics,No,Yes,No,No,No,Valid
C3875,R3875,Electronics,Yes,No,Yes,Yes,No,Warning
C3876,R3876,Automotive,Yes,Yes,Yes,Yes,No,Warning
C3877,R3877,Automotive,Yes,Yes,Yes,No,Yes,Restricted
C3878,R3878,Automotive,Yes,Yes,Yes,Yes,No,Valid
C3879,R3879,Automotive,Yes,Yes,Yes,Yes,No,Valid
C3880,R3880,Automotive,Yes,Yes,Yes,Yes,No,Valid
C3881,R3881,Machinery and Equipment,Yes,Yes,Yes,No,No,Valid
C3882,R3882,Machinery and Equipment,Yes,Yes,Yes,Yes,Yes,Restricted
C3883,R3883,Machinery and Equipment,Yes,Yes,Yes,Yes,Yes,Restricted
C3884,R3884,Machinery and Equipment,No,Yes,No,Yes,No,Warning
C3885,R3885,Machinery and Equipment,Yes,Yes,Yes,Yes,No,Valid
C3886,R3886,General Cargo,Yes,Yes,Yes,Yes,Yes,Restricted
C3887,R3887,General Cargo,Yes,Yes,Yes,Yes,Yes,Restricted
C3888,R3888,General Cargo,Yes,Yes,No,Yes,No,Valid
C3889,R3889,General Cargo,Yes,Yes,Yes,Yes,Yes,Restricted
C3890,R3890,General Cargo,Yes,Yes,Yes,Yes,No,Valid
C3891,R3891,Electronics,Yes,Yes,Yes,Yes,No,Valid
C3892,R3892,Electronics,Yes,Yes,Yes,Yes,No,Warning
C3893,R3893,Electronics,No,No,Yes,Yes,No,Valid
C3894,R3894,Electronics,Yes,Yes,No,Yes,No,Warning
C3895,R3895,Electronics,Yes,Yes,Yes,Yes,No,Warning
C3896,R3896,Automotive,No,Yes,Yes,Yes,No,Valid
C3897,R3897,Automotive,Yes,Yes,Yes,Yes,No,Valid
C3898,R3898,Automotive,Yes,Yes,No,Yes,Yes,Restricted
C3899,R3899,Automotive,Yes,Yes,Yes,Yes,No,Valid
C3900,R3900,Automotive,Yes,Yes,Yes,No,Yes,Restricted
C3901,R3901,Machinery and Equipment,Yes,Yes,No,Yes,No,Valid
C3902,R3902,Machinery and Equipment,Yes,Yes,Yes,Yes,Yes,Restricted
C3903,R3903,Machinery and Equipment,Yes,Yes,Yes,Yes,Yes,Restricted
C3904,R3904,Machinery and Equipment,No,Yes,Yes,Yes,No,Warning
C3905,R3905,Machinery and Equipment,Yes,Yes,Yes,Yes,Yes,Restricted
C3906,R3906,General Cargo,No,No,Yes,Yes,No,Warning
C3907,R3907,General Cargo,Yes,Yes,Yes,No,No,Valid
C3908,R3908,General Cargo,No,No,Yes,Yes,Yes,Restricted
C3909,R3909,General Cargo,No,No,Yes,Yes,Yes,Restricted
C3910,R3910,General Cargo,Yes,Yes,Yes,Yes,No,Warning
C3911,R3911,Electronics,Yes,Yes,Yes,Yes,No,Warning
C3912,R3912,Electronics,Yes,No,Yes,Yes,No,Valid
C3913,R3913,Electronics,Yes,Yes,Yes,Yes,No,Warning
C3914,R3914,Electronics,No,No,Yes,Yes,No,Valid
C3915,R3915,Electronics,No,Yes,Yes,No,Yes,Restricted
C3916,R3916,Automotive,No,Yes,Yes,Yes,Yes,Restricted
C3917,R3917,Automotive,Yes,Yes,Yes,Yes,No,Valid
C3918,R3918,Automotive,Yes,Yes,Yes,No,No,Valid
C3919,R3919,Automotive,Yes,Yes,No,Yes,No,Valid
C3920,R3920,Automotive,Yes,Yes,Yes,Yes,Yes,Restricted
C3921,R3921,Machinery and Equipment,Yes,No,Yes,Yes,No,Valid
C3922,R3922,Machinery and Equipment,Yes,No,Yes,No,No,Warning
C3923,R3923,Machinery and Equipment,Yes,Yes,Yes,No,No,Valid
C3924,R3924,Machinery and Equipment,Yes,Yes,Yes,No,Yes,Restricted
C3925,R3925,Machinery and Equipment,No,No,Yes,Yes,No,Warning
C3926,R3926,General Cargo,Yes,Yes,Yes,Yes,No,Valid
C3927,R3927,General Cargo,Yes,Yes,Yes,Yes,No,Warning
C3928,R3928,General Cargo,Yes,No,No,Yes,No,Warning
C3929,R3929,General Cargo,Yes,Yes,Yes,Yes,No,Warning
C3930,R3930,General Cargo,Yes,No,Yes,Yes,Yes,Restricted
C3931,R3931,Electronics,Yes,Yes,Yes,Yes,No,Warning
C3932,R3932,Electronics,Yes,Yes,Yes,Yes,Yes,Restricted
C3933,R3933,Electronics,Yes,Yes,Yes,Yes,No,Valid
C3934,R3934,Electronics,Yes,Yes,Yes,No,Yes,Restricted
C3935,R3935,Electronics,Yes,Yes,No,Yes,No,Valid
C3936,R3936,Automotive,Yes,Yes,Yes,Yes,Yes,Restricted
C3937,R3937,Automotive,Yes,Yes,Yes,No,No,Valid
C3938,R3938,Automotive,Yes,Yes,Yes,Yes,Yes,Restricted
C3939,R3939,Automotive,Yes,Yes,Yes,Yes,No,Warning
C3940,R3940,Automotive,Yes,Yes,Yes,Yes,No,Valid
C3941,R3941,Machinery and Equipment,Yes,No,No,Yes,No,Warning
C3942,R3942,Machinery and Equipment,No,Yes,Yes,Yes,No,Valid
C3943,R3943,Machinery and Equipment,Yes,Yes,Yes,No,Yes,Restricted
C3944,R3944,Machinery and Equipment,No,Yes,Yes,Yes,No,Valid
C3945,R3945,Machinery and Equipment,Yes,No,Yes,Yes,No,Warning
C3946,R3946,General Cargo,Yes,Yes,Yes,Yes,No,Valid
C3947,R3947,General Cargo,No,Yes,Yes,No,Yes,Restricted
C3948,R3948,General Cargo,Yes,Yes,Yes,Yes,No,Valid
C3949,R3949,General Cargo,Yes,Yes,No,Yes,No,Valid
C3950,R3950,General Cargo,Yes,Yes,Yes,Yes,No,Warning
C3951,R3951,Electronics,No,No,Yes,No,No,Valid
C3952,R3952,Electronics,Yes,Yes,Yes,Yes,Yes,Restricted
C3953,R3953,Electronics,Yes,No,Yes,Yes,No,Valid
C3954,R3954,Electronics,Yes,Yes,Yes,No,No,Warning
C3955,R3955,Electronics,No,No,Yes,Yes,No,Warning
C3956,R3956,Automotive,Yes,Yes,No,Yes,No,Valid
C3957,R3957,Automotive,Yes,Yes,Yes,Yes,No,Valid
C3958,R3958,Automotive,No,No,Yes,Yes,No,Valid
C3959,R3959,Automotive,Yes,Yes,Yes,Yes,Yes,Restricted
C3960,R3960,Automotive,Yes,No,Yes,Yes,No,Valid
C3961,R3961,Machinery and Equipment,Yes,Yes,Yes,Yes,Yes,Restricted
C3962,R3962,Machinery and Equipment,No,Yes,Yes,Yes,No,Valid
C3963,R3963,Machinery and Equipment,No,Yes,Yes,Yes,No,Warning
C3964,R3964,Machinery and Equipment,Yes,No,Yes,Yes,No,Warning
C3965,R3965,Machinery and Equipment,Yes,No,Yes,No,Yes,Restricted
C3966,R3966,General Cargo,Yes,Yes,Yes,Yes,Yes,Restricted
C3967,R3967,General Cargo,Yes,No,Yes,Yes,No,Valid
C3968,R3968,General Cargo,Yes,Yes,No,Yes,Yes,Restricted
C3969,R3969,General Cargo,Yes,Yes,Yes,Yes,Yes,Restricted
C3970,R3970,General Cargo,Yes,Yes,Yes,Yes,No,Valid
C3971,R3971,Electronics,Yes,No,Yes,No,No,Valid
C3972,R3972,Electronics,Yes,Yes,Yes,No,No,Warning
C3973,R3973,Electronics,Yes,Yes,Yes,Yes,No,Valid
C3974,R3974,Electronics,Yes,No,Yes,Yes,No,Valid
C3975,R3975,Electronics,No,Yes,No,Yes,No,Warning
C3976,R3976,Automotive,Yes,Yes,Yes,Yes,Yes,Restricted
C3977,R3977,Automotive,Yes,Yes,Yes,No,No,Warning
C3978,R3978,Automotive,Yes,Yes,Yes,Yes,Yes,Restricted
C3979,R3979,Automotive,Yes,Yes,Yes,No,No,Valid
C3980,R3980,Automotive,No,No,Yes,Yes,Yes,Restricted
C3981,R3981,Machinery and Equipment,Yes,Yes,Yes,Yes,No,Warning
C3982,R3982,Machinery and Equipment,Yes,Yes,Yes,Yes,No,Valid
C3983,R3983,Machinery and Equipment,Yes,Yes,Yes,No,No,Warning
C3984,R3984,Machinery and Equipment,No,No,Yes,No,Yes,Restricted
C3985,R3985,Machinery and Equipment,Yes,Yes,Yes,Yes,Yes,Restricted
C3986,R3986,General Cargo,Yes,Yes,Yes,No,No,Valid
C3987,R3987,General Cargo,Yes,Yes,Yes,Yes,Yes,Restricted
C3988,R3988,General Cargo,Yes,Yes,Yes,Yes,No,Warning
C3989,R3989,General Cargo,Yes,Yes,Yes,Yes,No,Warning
C3990,R3990,General Cargo,Yes,Yes,Yes,Yes,Yes,Restricted
C3991,R3991,Electronics,Yes,Yes,Yes,Yes,No,Valid
C3992,R3992,Electronics,Yes,Yes,Yes,No,Yes,Restricted
C3993,R3993,Electronics,Yes,Yes,Yes,Yes,No,Warning
C3994,R3994,Electronics,No,No,Yes,Yes,No,Valid
C3995,R3995,Electronics,No,Yes,Yes,Yes,No,Valid
C3996,R3996,Automotive,Yes,Yes,Yes,Yes,No,Valid
C3997,R3997,Automotive,Yes,Yes,Yes,Yes,No,Valid
C3998,R3998,Automotive,No,No,Yes,No,No,Warning
C3999,R3999,Automotive,Yes,Yes,No,Yes,Yes,Restricted
C4000,R4000,Automotive,Yes,No,Yes,Yes,No,Valid
C4001,R4001,Machinery and Equipment,Yes,No,Yes,Yes,No,Warning
C4002,R4002,Machinery and Equipment,No,Yes,Yes,Yes,Yes,Restricted
C4003,R4003,Machinery and Equipment,No,Yes,Yes,Yes,No,Valid
C4004,R4004,Machinery and Equipment,Yes,Yes,Yes,Yes,No,Valid
C4005,R4005,Machinery and Equipment,Yes,Yes,No,Yes,No,Warning
C4006,R4006,General Cargo,Yes,Yes,Yes,No,No,Warning
C4007,R4007,General Cargo,Yes,No,Yes,No,No,Warning
C4008,R4008,General Cargo,No,Yes,Yes,Yes,No,Warning
C4009,R4009,General Cargo,Yes,Yes,Yes,Yes,No,Warning
C4010,R4010,General Cargo,No,No,Yes,No,No,Valid
C4011,R4011,Electronics,Yes,Yes,Yes,Yes,Yes,Restricted
C4012,R4012,Electronics,Yes,Yes,Yes,Yes,No,Warning
C4013,R4013,Electronics,Yes,No,Yes,No,Yes,Restricted
C4014,R4014,Electronics,No,Yes,Yes,Yes,Yes,Restricted
C4015,R4015,Electronics,Yes,Yes,Yes,No,No,Valid
C4016,R4016,Automotive,Yes,Yes,No,Yes,Yes,Restricted
C4017,R4017,Automotive,Yes,Yes,Yes,Yes,No,Warning
C4018,R4018,Automotive,No,No,Yes,Yes,No,Valid
C4019,R4019,Automotive,No,Yes,Yes,Yes,Yes,Restricted
C4020,R4020,Automotive,Yes,Yes,Yes,Yes,No,Warning
C4021,R4021,Machinery and Equipment,Yes,Yes,Yes,Yes,No,Valid
C4022,R4022,Machinery and Equipment,Yes,Yes,Yes,No,Yes,Restricted
C4023,R4023,Machinery and Equipment,Yes,Yes,No,No,Yes,Restricted
C4024,R4024,Machinery and Equipment,No,Yes,Yes,No,No,Valid
C4025,R4025,Machinery and Equipment,Yes,No,Yes,Yes,No,Valid
C4026,R4026,General Cargo,Yes,Yes,No,Yes,No,Valid
C4027,R4027,General Cargo,Yes,No,Yes,Yes,No,Warning
C4028,R4028,General Cargo,Yes,Yes,Yes,Yes,Yes,Restricted
C4029,R4029,General Cargo,No,Yes,Yes,No,No,Warning
C4030,R4030,General Cargo,No,Yes,Yes,Yes,No,Warning
C4031,R4031,Electronics,Yes,Yes,Yes,Yes,No,Warning
C4032,R4032,Electronics,Yes,Yes,Yes,No,Yes,Restricted
C4033,R4033,Electronics,Yes,No,Yes,No,No,Valid
C4034,R4034,Electronics,Yes,Yes,Yes,Yes,Yes,Restricted
C4035,R4035,Electronics,Yes,Yes,Yes,No,No,Valid
C4036,R4036,Automotive,Yes,Yes,Yes,Yes,No,Warning
C4037,R4037,Automotive,Yes,Yes,Yes,Yes,No,Valid
C4038,R4038,Automotive,Yes,Yes,Yes,Yes,Yes,Restricted
C4039,R4039,Automotive,Yes,Yes,Yes,No,Yes,Restricted
C4040,R4040,Automotive,Yes,Yes,Yes,No,Yes,Restricted
C4041,R4041,Machinery and Equipment,Yes,Yes,No,Yes,Yes,Restricted
C4042,R4042,Machinery and Equipment,Yes,Yes,Yes,No,Yes,Restricted
C4043,R4043,Machinery and Equipment,Yes,Yes,Yes,Yes,No,Valid
C4044,R4044,Machinery and Equipment,Yes,Yes,Yes,Yes,Yes,Restricted
C4045,R4045,Machinery and Equipment,Yes,Yes,Yes,Yes,Yes,Restricted
C4046,R4046,General Cargo,Yes,Yes,Yes,No,No,Warning
C4047,R4047,General Cargo,Yes,No,No,Yes,Yes,Restricted
C4048,R4048,General Cargo,No,No,Yes,Yes,Yes,Restricted
C4049,R4049,General Cargo,Yes,Yes,Yes,Yes,Yes,Restricted
C4050,R4050,General Cargo,Yes,No,Yes,Yes,Yes,Restricted
C4051,R4051,Electronics,Yes,Yes,Yes,Yes,Yes,Restricted
C4052,R4052,Electronics,Yes,Yes,Yes,Yes,No,Warning
C4053,R4053,Electronics,Yes,Yes,Yes,Yes,No,Valid
C4054,R4054,Electronics,Yes,Yes,Yes,Yes,Yes,Restricted
C4055,R4055,Electronics,No,Yes,Yes,Yes,Yes,Restricted
C4056,R4056,Automotive,Yes,Yes,Yes,No,Yes,Restricted
C4057,R4057,Automotive,Yes,No,No,Yes,Yes,Restricted
C4058,R4058,Automotive,Yes,Yes,Yes,Yes,Yes,Restricted
C4059,R4059,Automotive,No,Yes,Yes,Yes,Yes,Restricted
C4060,R4060,Automotive,No,Yes,Yes,Yes,No,Warning
C4061,R4061,Machinery and Equipment,No,No,Yes,Yes,No,Warning
C4062,R4062,Machinery and Equipment,No,Yes,Yes,Yes,Yes,Restricted
C4063,R4063,Machinery and Equipment,Yes,Yes,Yes,No,No,Warning
C4064,R4064,Machinery and Equipment,No,No,Yes,Yes,No,Valid
C4065,R4065,Machinery and Equipment,No,No,Yes,Yes,Yes,Restricted
C4066,R4066,General Cargo,Yes,Yes,Yes,Yes,No,Warning
C4067,R4067,General Cargo,No,Yes,Yes,Yes,Yes,Restricted
C4068,R4068,General Cargo,Yes,Yes,Yes,Yes,No,Valid
C4069,R4069,General Cargo,Yes,Yes,Yes,Yes,No,Valid
C4070,R4070,General Cargo,Yes,Yes,Yes,Yes,Yes,Restricted
C4071,R4071,Electronics,No,Yes,Yes,Yes,No,Valid
C4072,R4072,Electronics,Yes,Yes,Yes,Yes,Yes,Restricted
C4073,R4073,Electronics,Yes,Yes,Yes,No,Yes,Restricted
C4074,R4074,Electronics,Yes,Yes,No,Yes,No,Valid
C4075,R4075,Electronics,Yes,Yes,Yes,Yes,Yes,Restricted
C4076,R4076,Automotive,Yes,Yes,Yes,No,No,Valid
C4077,R4077,Automotive,Yes,Yes,Yes,No,No,Valid
C4078,R4078,Automotive,Yes,Yes,Yes,Yes,Yes,Restricted
C4079,R4079,Automotive,Yes,Yes,Yes,Yes,No,Valid
C4080,R4080,Automotive,Yes,No,Yes,Yes,No,Warning
C4081,R4081,Machinery and Equipment,Yes,Yes,No,Yes,No,Warning
C4082,R4082,Machinery and Equipment,No,Yes,Yes,No,No,Warning
C4083,R4083,Machinery and Equipment,Yes,Yes,Yes,No,Yes,Restricted
C4084,R4084,Machinery and Equipment,Yes,Yes,Yes,Yes,Yes,Restricted
C4085,R4085,Machinery and Equipment,No,Yes,Yes,No,No,Valid
C4086,R4086,General Cargo,Yes,Yes,Yes,No,Yes,Restricted
C4087,R4087,General Cargo,No,Yes,No,Yes,Yes,Restricted
C4088,R4088,General Cargo,Yes,Yes,Yes,Yes,No,Valid
C4089,R4089,General Cargo,Yes,Yes,Yes,No,Yes,Restricted
C4090,R4090,General Cargo,Yes,Yes,Yes,No,Yes,Restricted
C4091,R4091,Electronics,No,No,Yes,Yes,No,Valid
C4092,R4092,Electronics,No,No,Yes,Yes,No,Warning
C4093,R4093,Electronics,Yes,Yes,Yes,Yes,No,Valid
C4094,R4094,Electronics,Yes,No,No,Yes,Yes,Restricted
C4095,R4095,Electronics,No,Yes,Yes,Yes,No,Warning
C4096,R4096,Automotive,Yes,Yes,Yes,Yes,No,Warning
C4097,R4097,Automotive,Yes,Yes,Yes,No,Yes,Restricted
C4098,R4098,Automotive,No,Yes,Yes,No,Yes,Restricted
C4099,R4099,Automotive,No,Yes,Yes,Yes,Yes,Restricted
C4100,R4100,Automotive,No,Yes,Yes,Yes,Yes,Restricted
C4101,R4101,Machinery and Equipment,Yes,Yes,Yes,Yes,No,Valid
C4102,R4102,Machinery and Equipment,Yes,Yes,Yes,Yes,No,Warning
C4103,R4103,Machinery and Equipment,Yes,Yes,Yes,Yes,Yes,Restricted
C4104,R4104,Machinery and Equipment,Yes,Yes,Yes,Yes,No,Warning
C4105,R4105,Machinery and Equipment,Yes,Yes,Yes,No,No,Valid
C4106,R4106,General Cargo,Yes,No,Yes,Yes,Yes,Restricted
C4107,R4107,General Cargo,Yes,No,No,No,Yes,Restricted
C4108,R4108,General Cargo,No,Yes,Yes,No,No,Warning
C4109,R4109,General Cargo,Yes,Yes,Yes,Yes,Yes,Restricted
C4110,R4110,General Cargo,No,No,Yes,Yes,No,Warning
C4111,R4111,Electronics,Yes,Yes,No,Yes,No,Valid
C4112,R4112,Electronics,Yes,Yes,Yes,Yes,No,Valid
C4113,R4113,Electronics,No,Yes,Yes,Yes,No,Valid
C4114,R4114,Electronics,Yes,Yes,No,No,Yes,Restricted
C4115,R4115,Electronics,Yes,No,Yes,No,Yes,Restricted
C4116,R4116,Automotive,Yes,Yes,Yes,Yes,No,Warning
C4117,R4117,Automotive,Yes,Yes,Yes,No,Yes,Restricted
C4118,R4118,Automotive,Yes,Yes,No,Yes,Yes,Restricted
C4119,R4119,Automotive,Yes,Yes,Yes,Yes,No,Warning
C4120,R4120,Automotive,Yes,Yes,No,No,Yes,Restricted
C4121,R4121,Machinery and Equipment,Yes,Yes,Yes,No,No,Valid
C4122,R4122,Machinery and Equipment,Yes,No,Yes,Yes,No,Valid
C4123,R4123,Machinery and Equipment,Yes,No,Yes,Yes,No,Warning
C4124,R4124,Machinery and Equipment,Yes,Yes,Yes,Yes,Yes,Restricted
C4125,R4125,Machinery and Equipment,Yes,Yes,Yes,Yes,No,Warning
C4126,R4126,General Cargo,Yes,No,Yes,Yes,No,Valid
C4127,R4127,General Cargo,Yes,Yes,Yes,No,Yes,Restricted
C4128,R4128,General Cargo,Yes,Yes,Yes,Yes,No,Warning
C4129,R4129,General Cargo,Yes,Yes,Yes,Yes,Yes,Restricted
C4130,R4130,General Cargo,Yes,Yes,Yes,Yes,Yes,Restricted
C4131,R4131,Electronics,Yes,Yes,Yes,Yes,No,Valid
C4132,R4132,Electronics,No,Yes,Yes,Yes,No,Warning
C4133,R4133,Electronics,Yes,No,Yes,Yes,No,Warning
C4134,R4134,Electronics,Yes,Yes,Yes,No,Yes,Restricted
C4135,R4135,Electronics,No,Yes,Yes,Yes,No,Valid
C4136,R4136,Automotive,Yes,Yes,Yes,No,No,Valid
C4137,R4137,Automotive,Yes,Yes,Yes,No,No,Valid
C4138,R4138,Automotive,Yes,Yes,Yes,Yes,No,Valid
C4139,R4139,Automotive,No,Yes,Yes,No,No,Warning
C4140,R4140,Automotive,Yes,Yes,Yes,Yes,No,Warning
C4141,R4141,Machinery and Equipment,Yes,Yes,Yes,Yes,Yes,Restricted
C4142,R4142,Machinery and Equipment,Yes,Yes,Yes,Yes,Yes,Restricted
C4143,R4143,Machinery and Equipment,Yes,Yes,No,Yes,Yes,Restricted
C4144,R4144,Machinery and Equipment,Yes,Yes,Yes,Yes,No,Warning
C4145,R4145,Machinery and Equipment,Yes,Yes,Yes,Yes,No,Valid
C4146,R4146,General Cargo,No,Yes,Yes,Yes,No,Valid
C4147,R4147,General Cargo,Yes,Yes,Yes,Yes,No,Valid
C4148,R4148,General Cargo,No,Yes,Yes,No,No,Valid
C4149,R4149,General Cargo,Yes,Yes,Yes,Yes,Yes,Restricted
C4150,R4150,General Cargo,Yes,No,Yes,No,No,Valid
C4151,R4151,Electronics,No,Yes,Yes,No,No,Valid
C4152,R4152,Electronics,Yes,Yes,Yes,Yes,No,Valid
C4153,R4153,Electronics,Yes,Yes,Yes,Yes,No,Warning
C4154,R4154,Electronics,No,Yes,Yes,No,Yes,Restricted
C4155,R4155,Electronics,Yes,Yes,Yes,Yes,No,Valid
C4156,R4156,Automotive,Yes,No,Yes,Yes,No,Warning
C4157,R4157,Automotive,Yes,Yes,Yes,Yes,Yes,Restricted
C4158,R4158,Automotive,Yes,Yes,Yes,No,No,Valid
C4159,R4159,Automotive,No,Yes,Yes,No,Yes,Restricted
C4160,R4160,Automotive,No,Yes,Yes,No,No,Warning
C4161,R4161,Machinery and Equipment,Yes,Yes,Yes,Yes,No,Warning
C4162,R4162,Machinery and Equipment,Yes,No,No,Yes,Yes,Restricted
C4163,R4163,Machinery and Equipment,Yes,No,Yes,Yes,Yes,Restricted
C4164,R4164,Machinery and Equipment,Yes,Yes,Yes,Yes,No,Valid
C4165,R4165,Machinery and Equipment,Yes,No,Yes,Yes,No,Warning
C4166,R4166,General Cargo,Yes,Yes,Yes,Yes,No,Valid
C4167,R4167,General Cargo,Yes,Yes,Yes,Yes,Yes,Restricted
C4168,R4168,General Cargo,No,Yes,Yes,Yes,Yes,Restricted
C4169,R4169,General Cargo,Yes,Yes,Yes,Yes,Yes,Restricted
C4170,R4170,General Cargo,No,Yes,Yes,No,No,Valid
C4171,R4171,Electronics,Yes,Yes,Yes,Yes,No,Valid
C4172,R4172,Electronics,No,Yes,Yes,Yes,Yes,Restricted
C4173,R4173,Electronics,Yes,No,Yes,Yes,No,Valid
C4174,R4174,Electronics,No,Yes,Yes,Yes,No,Warning
C4175,R4175,Electronics,No,Yes,Yes,Yes,No,Valid
C4176,R4176,Automotive,Yes,Yes,Yes,Yes,No,Warning
C4177,R4177,Automotive,Yes,Yes,Yes,Yes,No,Valid
C4178,R4178,Automotive,Yes,Yes,Yes,Yes,No,Valid
C4179,R4179,Automotive,No,Yes,Yes,No,No,Warning
C4180,R4180,Automotive,Yes,Yes,Yes,Yes,Yes,Restricted
C4181,R4181,Machinery and Equipment,Yes,Yes,Yes,No,Yes,Restricted
C4182,R4182,Machinery and Equipment,Yes,No,Yes,Yes,No,Valid
C4183,R4183,Machinery and Equipment,Yes,Yes,Yes,No,Yes,Restricted
C4184,R4184,Machinery and Equipment,Yes,Yes,Yes,No,No,Valid
C4185,R4185,Machinery and Equipment,Yes,Yes,Yes,Yes,Yes,Restricted
C4186,R4186,General Cargo,Yes,Yes,Yes,No,Yes,Restricted
C4187,R4187,General Cargo,Yes,Yes,Yes,Yes,No,Valid
C4188,R4188,General Cargo,Yes,Yes,Yes,Yes,Yes,Restricted
C4189,R4189,General Cargo,Yes,Yes,Yes,Yes,No,Warning
C4190,R4190,General Cargo,No,Yes,Yes,Yes,No,Valid
C4191,R4191,Electronics,Yes,No,Yes,Yes,No,Valid
C4192,R4192,Electronics,Yes,Yes,Yes,Yes,Yes,Restricted
C4193,R4193,Electronics,Yes,Yes,Yes,Yes,No,Valid
C4194,R4194,Electronics,Yes,Yes,No,Yes,No,Warning
C4195,R4195,Electronics,No,No,Yes,Yes,No,Warning
C4196,R4196,Automotive,Yes,Yes,Yes,Yes,Yes,Restricted
C4197,R4197,Automotive,Yes,Yes,Yes,No,No,Valid
C4198,R4198,Automotive,No,Yes,No,Yes,Yes,Restricted
C4199,R4199,Automotive,No,Yes,Yes,Yes,No,Valid
C4200,R4200,Automotive,Yes,Yes,Yes,Yes,Yes,Restricted
C4201,R4201,Machinery and Equipment,No,No,Yes,Yes,No,Valid
C4202,R4202,Machinery and Equipment,Yes,Yes,No,Yes,No,Valid
C4203,R4203,Machinery and Equipment,Yes,Yes,No,Yes,Yes,Restricted
C4204,R4204,Machinery and Equipment,Yes,Yes,Yes,Yes,No,Valid
C4205,R4205,Machinery and Equipment,Yes,Yes,Yes,Yes,No,Valid
C4206,R4206,General Cargo,No,Yes,Yes,Yes,No,Warning
C4207,R4207,General Cargo,No,Yes,Yes,Yes,No,Valid
C4208,R4208,General Cargo,Yes,No,Yes,Yes,Yes,Restricted
C4209,R4209,General Cargo,Yes,Yes,Yes,Yes,No,Warning
C4210,R4210,General Cargo,Yes,Yes,Yes,Yes,Yes,Restricted
C4211,R4211,Electronics,Yes,Yes,Yes,Yes,No,Valid
C4212,R4212,Electronics,No,Yes,Yes,Yes,Yes,Restricted
C4213,R4213,Electronics,Yes,Yes,Yes,No,No,Warning
C4214,R4214,Electronics,Yes,No,Yes,Yes,No,Valid
C4215,R4215,Electronics,Yes,Yes,Yes,No,No,Valid
C4216,R4216,Automotive,No,Yes,Yes,Yes,No,Valid
C4217,R4217,Automotive,Yes,Yes,Yes,Yes,No,Valid
C4218,R4218,Automotive,Yes,No,Yes,No,No,Warning
C4219,R4219,Automotive,Yes,No,Yes,Yes,Yes,Restricted
C4220,R4220,Automotive,No,No,Yes,Yes,Yes,Restricted
C4221,R4221,Machinery and Equipment,Yes,Yes,Yes,No,Yes,Restricted
C4222,R4222,Machinery and Equipment,No,Yes,Yes,Yes,Yes,Restricted
C4223,R4223,Machinery and Equipment,No,No,Yes,Yes,No,Valid
C4224,R4224,Machinery and Equipment,Yes,Yes,Yes,Yes,No,Valid
C4225,R4225,Machinery and Equipment,No,Yes,Yes,Yes,No,Warning
C4226,R4226,General Cargo,Yes,Yes,Yes,Yes,Yes,Restricted
C4227,R4227,General Cargo,Yes,No,Yes,Yes,Yes,Restricted
C4228,R4228,General Cargo,Yes,No,Yes,No,No,Valid
C4229,R4229,General Cargo,Yes,Yes,No,Yes,No,Warning
C4230,R4230,General Cargo,Yes,Yes,No,No,Yes,Restricted
C4231,R4231,Electronics,No,Yes,Yes,Yes,No,Warning
C4232,R4232,Electronics,Yes,Yes,Yes,No,No,Valid
C4233,R4233,Electronics,Yes,Yes,Yes,Yes,No,Valid
C4234,R4234,Electronics,No,Yes,Yes,Yes,No,Valid
C4235,R4235,Electronics,Yes,Yes,Yes,Yes,No,Valid
C4236,R4236,Automotive,No,No,No,Yes,No,Warning
C4237,R4237,Automotive,Yes,Yes,Yes,Yes,No,Valid
C4238,R4238,Automotive,Yes,Yes,Yes,Yes,No,Valid
C4239,R4239,Automotive,Yes,No,Yes,Yes,No,Warning
C4240,R4240,Automotive,Yes,Yes,Yes,Yes,No,Warning
C4241,R4241,Machinery and Equipment,Yes,Yes,No,Yes,No,Valid
C4242,R4242,Machinery and Equipment,Yes,Yes,Yes,Yes,No,Warning
C4243,R4243,Machinery and Equipment,Yes,Yes,Yes,Yes,Yes,Restricted
C4244,R4244,Machinery and Equipment,Yes,Yes,Yes,Yes,No,Warning
C4245,R4245,Machinery and Equipment,Yes,Yes,Yes,Yes,No,Valid
C4246,R4246,General Cargo,No,No,Yes,Yes,No,Warning
C4247,R4247,General Cargo,No,Yes,Yes,No,Yes,Restricted
C4248,R4248,General Cargo,No,Yes,Yes,Yes,Yes,Restricted
C4249,R4249,General Cargo,Yes,Yes,Yes,Yes,Yes,Restricted
C4250,R4250,General Cargo,No,Yes,Yes,Yes,No,Warning
C4251,R4251,Electronics,Yes,Yes,Yes,No,No,Warning
C4252,R4252,Electronics,Yes,Yes,Yes,No,Yes,Restricted
C4253,R4253,Electronics,Yes,Yes,Yes,Yes,No,Warning
C4254,R4254,Electronics,Yes,Yes,Yes,Yes,No,Warning
C4255,R4255,Electronics,Yes,Yes,Yes,Yes,No,Valid
C4256,R4256,Automotive,Yes,Yes,No,No,No,Warning
C4257,R4257,Automotive,Yes,No,No,Yes,Yes,Restricted
C4258,R4258,Automotive,Yes,Yes,Yes,Yes,No,Valid
C4259,R4259,Automotive,Yes,Yes,Yes,Yes,No,Valid
C4260,R4260,Automotive,Yes,No,Yes,Yes,No,Valid
C4261,R4261,Machinery and Equipment,Yes,No,No,Yes,Yes,Restricted
C4262,R4262,Machinery and Equipment,No,Yes,Yes,Yes,No,Warning
C4263,R4263,Machinery and Equipment,Yes,Yes,Yes,Yes,Yes,Restricted
C4264,R4264,Machinery and Equipment,Yes,Yes,Yes,Yes,No,Valid
C4265,R4265,Machinery and Equipment,Yes,Yes,Yes,No,No,Valid
C4266,R4266,General Cargo,Yes,No,Yes,No,No,Valid
C4267,R4267,General Cargo,Yes,Yes,Yes,Yes,No,Valid
C4268,R4268,General Cargo,Yes,Yes,Yes,Yes,Yes,Restricted
C4269,R4269,General Cargo,No,No,Yes,Yes,No,Warning
C4270,R4270,General Cargo,Yes,No,Yes,Yes,No,Valid
C4271,R4271,Electronics,No,Yes,Yes,No,No,Valid
C4272,R4272,Electronics,Yes,Yes,Yes,No,Yes,Restricted
C4273,R4273,Electronics,No,Yes,Yes,No,No,Valid
C4274,R4274,Electronics,Yes,Yes,Yes,Yes,No,Valid
C4275,R4275,Electronics,Yes,Yes,Yes,Yes,No,Valid
C4276,R4276,Automotive,Yes,Yes,Yes,Yes,Yes,Restricted
C4277,R4277,Automotive,Yes,Yes,Yes,Yes,No,Valid
C4278,R4278,Automotive,Yes,Yes,Yes,Yes,Yes,Restricted
C4279,R4279,Automotive,Yes,No,Yes,Yes,Yes,Restricted
C4280,R4280,Automotive,No,Yes,Yes,Yes,No,Warning
C4281,R4281,Machinery and Equipment,No,No,Yes,Yes,No,Valid
C4282,R4282,Machinery and Equipment,Yes,Yes,Yes,No,Yes,Restricted
C4283,R4283,Machinery and Equipment,Yes,No,No,Yes,No,Warning
C4284,R4284,Machinery and Equipment,No,No,Yes,No,No,Warning
C4285,R4285,Machinery and Equipment,Yes,Yes,Yes,Yes,Yes,Restricted
C4286,R4286,General Cargo,No,Yes,Yes,Yes,No,Valid
C4287,R4287,General Cargo,Yes,No,Yes,Yes,No,Valid
C4288,R4288,General Cargo,Yes,Yes,Yes,No,No,Warning
C4289,R4289,General Cargo,Yes,No,Yes,Yes,No,Warning
C4290,R4290,General Cargo,Yes,No,Yes,Yes,No,Warning
C4291,R4291,Electronics,Yes,Yes,Yes,Yes,Yes,Restricted
C4292,R4292,Electronics,Yes,Yes,Yes,Yes,No,Warning
C4293,R4293,Electronics,Yes,Yes,Yes,Yes,Yes,Restricted
C4294,R4294,Electronics,No,Yes,Yes,No,Yes,Restricted
C4295,R4295,Electronics,No,Yes,No,Yes,No,Valid
C4296,R4296,Automotive,Yes,No,Yes,Yes,Yes,Restricted
C4297,R4297,Automotive,Yes,Yes,Yes,Yes,No,Warning
C4298,R4298,Automotive,Yes,Yes,Yes,No,Yes,Restricted
C4299,R4299,Automotive,Yes,Yes,Yes,Yes,No,Valid
C4300,R4300,Automotive,No,Yes,Yes,Yes,Yes,Restricted
C4301,R4301,Machinery and Equipment,Yes,Yes,Yes,No,Yes,Restricted
C4302,R4302,Machinery and Equipment,Yes,No,Yes,Yes,No,Valid
C4303,R4303,Machinery and Equipment,Yes,Yes,No,No,Yes,Restricted
C4304,R4304,Machinery and Equipment,Yes,Yes,Yes,Yes,Yes,Restricted
C4305,R4305,Machinery and Equipment,Yes,Yes,Yes,Yes,No,Warning
C4306,R4306,General Cargo,Yes,Yes,Yes,No,No,Valid
C4307,R4307,General Cargo,No,Yes,Yes,Yes,No,Warning
C4308,R4308,General Cargo,No,Yes,Yes,Yes,No,Warning
C4309,R4309,General Cargo,No,Yes,Yes,Yes,No,Warning
C4310,R4310,General Cargo,Yes,No,Yes,Yes,No,Warning
C4311,R4311,Electronics,No,Yes,Yes,Yes,No,Warning
C4312,R4312,Electronics,Yes,Yes,Yes,No,No,Valid
C4313,R4313,Electronics,Yes,Yes,Yes,Yes,Yes,Restricted
C4314,R4314,Electronics,No,No,No,Yes,No,Valid
C4315,R4315,Electronics,Yes,Yes,Yes,Yes,No,Valid
C4316,R4316,Automotive,Yes,Yes,Yes,Yes,No,Warning
C4317,R4317,Automotive,Yes,Yes,Yes,Yes,No,Valid
C4318,R4318,Automotive,No,Yes,Yes,Yes,Yes,Restricted
C4319,R4319,Automotive,No,No,Yes,Yes,No,Valid
C4320,R4320,Automotive,Yes,Yes,No,Yes,No,Valid
C4321,R4321,Machinery and Equipment,Yes,Yes,Yes,Yes,No,Valid
C4322,R4322,Machinery and Equipment,Yes,Yes,Yes,Yes,No,Valid
C4323,R4323,Machinery and Equipment,Yes,Yes,Yes,Yes,No,Valid
C4324,R4324,Machinery and Equipment,Yes,Yes,Yes,No,Yes,Restricted
C4325,R4325,Machinery and Equipment,Yes,Yes,Yes,No,No,Valid
C4326,R4326,General Cargo,Yes,Yes,Yes,No,No,Warning
C4327,R4327,General Cargo,No,Yes,Yes,Yes,No,Valid
C4328,R4328,General Cargo,Yes,No,Yes,Yes,Yes,Restricted
C4329,R4329,General Cargo,Yes,Yes,Yes,Yes,Yes,Restricted
C4330,R4330,General Cargo,Yes,No,Yes,No,Yes,Restricted
C4331,R4331,Electronics,No,Yes,Yes,No,Yes,Restricted
C4332,R4332,Electronics,Yes,Yes,Yes,Yes,No,Warning
C4333,R4333,Electronics,Yes,Yes,Yes,No,No,Valid
C4334,R4334,Electronics,Yes,No,Yes,No,Yes,Restricted
C4335,R4335,Electronics,Yes,No,Yes,Yes,Yes,Restricted
C4336,R4336,Automotive,Yes,Yes,Yes,Yes,Yes,Restricted
C4337,R4337,Automotive,Yes,Yes,Yes,Yes,No,Valid
C4338,R4338,Automotive,Yes,Yes,Yes,Yes,Yes,Restricted
C4339,R4339,Automotive,Yes,Yes,Yes,No,Yes,Restricted
C4340,R4340,Automotive,Yes,Yes,Yes,Yes,No,Valid
C4341,R4341,Machinery and Equipment,No,Yes,Yes,No,No,Valid
C4342,R4342,Machinery and Equipment,Yes,Yes,Yes,Yes,Yes,Restricted
C4343,R4343,Machinery and Equipment,Yes,Yes,Yes,No,No,Valid
C4344,R4344,Machinery and Equipment,No,Yes,Yes,Yes,No,Warning
C4345,R4345,Machinery and Equipment,Yes,Yes,Yes,Yes,Yes,Restricted
C4346,R4346,General Cargo,Yes,Yes,Yes,Yes,Yes,Restricted
C4347,R4347,General Cargo,Yes,Yes,Yes,Yes,No,Valid
C4348,R4348,General Cargo,Yes,No,Yes,No,No,Valid
C4349,R4349,General Cargo,No,Yes,Yes,Yes,Yes,Restricted
C4350,R4350,General Cargo,Yes,Yes,Yes,No,No,Warning
C4351,R4351,Electronics,No,Yes,Yes,Yes,Yes,Restricted
C4352,R4352,Electronics,Yes,Yes,No,Yes,No,Warning
C4353,R4353,Electronics,Yes,Yes,Yes,Yes,No,Valid
C4354,R4354,Electronics,Yes,No,Yes,Yes,No,Valid
C4355,R4355,Electronics,Yes,Yes,Yes,Yes,No,Valid
C4356,R4356,Automotive,No,No,Yes,No,No,Valid
C4357,R4357,Automotive,Yes,Yes,Yes,Yes,Yes,Restricted
C4358,R4358,Automotive,Yes,Yes,Yes,No,No,Warning
C4359,R4359,Automotive,No,Yes,Yes,Yes,Yes,Restricted
C4360,R4360,Automotive,No,No,Yes,Yes,No,Warning
C4361,R4361,Machinery and Equipment,Yes,Yes,Yes,Yes,Yes,Restricted
C4362,R4362,Machinery and Equipment,Yes,No,Yes,No,No,Warning
C4363,R4363,Machinery and Equipment,Yes,No,Yes,Yes,Yes,Restricted
C4364,R4364,Machinery and Equipment,Yes,Yes,Yes,Yes,No,Warning
C4365,R4365,Machinery and Equipment,Yes,Yes,Yes,Yes,Yes,Restricted
C4366,R4366,General Cargo,No,No,Yes,No,No,Warning
C4367,R4367,General Cargo,Yes,Yes,Yes,Yes,No,Valid
C4368,R4368,General Cargo,No,Yes,Yes,Yes,Yes,Restricted
C4369,R4369,General Cargo,Yes,Yes,No,Yes,No,Valid
C4370,R4370,General Cargo,Yes,Yes,Yes,Yes,Yes,Restricted
C4371,R4371,Electronics,Yes,Yes,Yes,Yes,No,Valid
C4372,R4372,Electronics,Yes,No,Yes,Yes,No,Warning
C4373,R4373,Electronics,Yes,No,Yes,Yes,Yes,Restricted
C4374,R4374,Electronics,Yes,Yes,Yes,No,No,Warning
C4375,R4375,Electronics,No,Yes,Yes,Yes,Yes,Restricted
C4376,R4376,Automotive,Yes,No,Yes,Yes,No,Warning
C4377,R4377,Automotive,Yes,No,Yes,Yes,Yes,Restricted
C4378,R4378,Automotive,Yes,No,Yes,Yes,Yes,Restricted
C4379,R4379,Automotive,No,Yes,Yes,Yes,No,Warning
C4380,R4380,Automotive,Yes,No,Yes,Yes,Yes,Restricted
C4381,R4381,Machinery and Equipment,Yes,Yes,Yes,No,Yes,Restricted
C4382,R4382,Machinery and Equipment,Yes,Yes,Yes,No,Yes,Restricted
C4383,R4383,Machinery and Equipment,Yes,Yes,Yes,Yes,Yes,Restricted
C4384,R4384,Machinery and Equipment,No,No,Yes,Yes,No,Warning
C4385,R4385,Machinery and Equipment,No,Yes,Yes,Yes,No,Valid
C4386,R4386,General Cargo,Yes,No,Yes,No,Yes,Restricted
C4387,R4387,General Cargo,No,Yes,Yes,Yes,No,Warning
C4388,R4388,General Cargo,Yes,No,Yes,Yes,Yes,Restricted
C4389,R4389,General Cargo,No,Yes,Yes,Yes,No,Valid
C4390,R4390,General Cargo,Yes,Yes,Yes,Yes,Yes,Restricted
C4391,R4391,Electronics,No,Yes,Yes,Yes,No,Warning
C4392,R4392,Electronics,Yes,No,Yes,Yes,No,Warning
C4393,R4393,Electronics,Yes,Yes,Yes,Yes,No,Warning
C4394,R4394,Electronics,Yes,Yes,Yes,No,No,Warning
C4395,R4395,Electronics,Yes,Yes,Yes,Yes,Yes,Restricted
C4396,R4396,Automotive,Yes,Yes,Yes,Yes,No,Warning
C4397,R4397,Automotive,Yes,Yes,Yes,Yes,No,Warning
C4398,R4398,Automotive,Yes,Yes,Yes,No,Yes,Restricted
C4399,R4399,Automotive,No,Yes,Yes,Yes,No,Warning
C4400,R4400,Automotive,Yes,Yes,Yes,No,Yes,Restricted
C4401,R4401,Machinery and Equipment,Yes,No,Yes,Yes,No,Warning
C4402,R4402,Machinery and Equipment,No,Yes,Yes,Yes,No,Warning
C4403,R4403,Machinery and Equipment,No,Yes,Yes,Yes,Yes,Restricted
C4404,R4404,Machinery and Equipment,Yes,No,Yes,Yes,No,Warning
C4405,R4405,Machinery and Equipment,Yes,Yes,Yes,Yes,No,Warning
C4406,R4406,General Cargo,Yes,No,Yes,Yes,No,Valid
C4407,R4407,General Cargo,No,Yes,Yes,Yes,Yes,Restricted
C4408,R4408,General Cargo,Yes,Yes,Yes,Yes,No,Valid
C4409,R4409,General Cargo,Yes,Yes,Yes,No,Yes,Restricted
C4410,R4410,General Cargo,Yes,Yes,Yes,Yes,No,Valid
C4411,R4411,Electronics,Yes,No,Yes,No,No,Valid
C4412,R4412,Electronics,Yes,Yes,Yes,Yes,No,Valid
C4413,R4413,Electronics,No,Yes,Yes,Yes,No,Warning
C4414,R4414,Electronics,Yes,Yes,Yes,Yes,No,Warning
C4415,R4415,Electronics,Yes,Yes,Yes,Yes,No,Warning
C4416,R4416,Automotive,Yes,Yes,Yes,No,No,Valid
C4417,R4417,Automotive,No,No,Yes,Yes,Yes,Restricted
C4418,R4418,Automotive,Yes,Yes,No,Yes,No,Warning
C4419,R4419,Automotive,Yes,No,Yes,No,No,Valid
C4420,R4420,Automotive,No,Yes,Yes,No,Yes,Restricted
C4421,R4421,Machinery and Equipment,No,Yes,Yes,Yes,No,Warning
C4422,R4422,Machinery and Equipment,Yes,No,Yes,Yes,No,Warning
C4423,R4423,Machinery and Equipment,Yes,Yes,Yes,Yes,No,Valid
C4424,R4424,Machinery and Equipment,No,Yes,Yes,Yes,No,Valid
C4425,R4425,Machinery and Equipment,No,No,Yes,Yes,No,Valid
C4426,R4426,General Cargo,Yes,Yes,Yes,Yes,No,Valid
C4427,R4427,General Cargo,Yes,No,Yes,Yes,Yes,Restricted
C4428,R4428,General Cargo,Yes,Yes,Yes,Yes,No,Warning
C4429,R4429,General Cargo,Yes,Yes,Yes,Yes,No,Warning
C4430,R4430,General Cargo,Yes,Yes,Yes,Yes,No,Warning
C4431,R4431,Electronics,No,Yes,Yes,Yes,No,Warning
C4432,R4432,Electronics,Yes,Yes,Yes,No,No,Warning
C4433,R4433,Electronics,Yes,Yes,Yes,Yes,No,Warning
C4434,R4434,Electronics,No,Yes,Yes,No,Yes,Restricted
C4435,R4435,Electronics,Yes,Yes,Yes,Yes,No,Valid
C4436,R4436,Automotive,Yes,Yes,Yes,Yes,Yes,Restricted
C4437,R4437,Automotive,Yes,Yes,Yes,No,No,Valid
C4438,R4438,Automotive,Yes,No,Yes,Yes,No,Warning
C4439,R4439,Automotive,Yes,Yes,Yes,No,No,Warning
C4440,R4440,Automotive,Yes,Yes,Yes,Yes,No,Valid
C4441,R4441,Machinery and Equipment,Yes,No,Yes,Yes,No,Valid
C4442,R4442,Machinery and Equipment,No,Yes,Yes,Yes,No,Warning
C4443,R4443,Machinery and Equipment,No,No,Yes,Yes,Yes,Restricted
C4444,R4444,Machinery and Equipment,Yes,No,Yes,Yes,Yes,Restricted
C4445,R4445,Machinery and Equipment,Yes,Yes,Yes,Yes,Yes,Restricted
C4446,R4446,General Cargo,Yes,Yes,Yes,Yes,Yes,Restricted
C4447,R4447,General Cargo,Yes,Yes,Yes,No,No,Valid
C4448,R4448,General Cargo,No,Yes,Yes,Yes,No,Warning
C4449,R4449,General Cargo,Yes,Yes,Yes,No,No,Warning
C4450,R4450,General Cargo,Yes,Yes,Yes,Yes,Yes,Restricted
C4451,R4451,Electronics,Yes,Yes,Yes,No,No,Warning
C4452,R4452,Electronics,Yes,Yes,Yes,Yes,No,Valid
C4453,R4453,Electronics,Yes,Yes,Yes,Yes,Yes,Restricted
C4454,R4454,Electronics,No,Yes,Yes,Yes,No,Warning
C4455,R4455,Electronics,Yes,Yes,Yes,Yes,Yes,Restricted
C4456,R4456,Automotive,Yes,Yes,Yes,No,No,Warning
C4457,R4457,Automotive,Yes,No,Yes,Yes,No,Valid
C4458,R4458,Automotive,No,Yes,Yes,Yes,No,Warning
C4459,R4459,Automotive,Yes,Yes,Yes,Yes,No,Warning
C4460,R4460,Automotive,Yes,Yes,No,Yes,No,Warning
C4461,R4461,Machinery and Equipment,No,Yes,Yes,Yes,Yes,Restricted
C4462,R4462,Machinery and Equipment,No,Yes,Yes,Yes,No,Warning
C4463,R4463,Machinery and Equipment,Yes,Yes,Yes,Yes,Yes,Restricted
C4464,R4464,Machinery and Equipment,Yes,No,Yes,Yes,No,Valid
C4465,R4465,Machinery and Equipment,Yes,No,Yes,Yes,No,Valid
C4466,R4466,General Cargo,Yes,No,Yes,Yes,No,Valid
C4467,R4467,General Cargo,No,No,Yes,Yes,No,Warning
C4468,R4468,General Cargo,Yes,Yes,Yes,Yes,No,Warning
C4469,R4469,General Cargo,Yes,Yes,Yes,Yes,Yes,Restricted
C4470,R4470,General Cargo,No,Yes,Yes,Yes,No,Valid
C4471,R4471,Electronics,Yes,Yes,Yes,No,Yes,Restricted
C4472,R4472,Electronics,Yes,Yes,Yes,Yes,Yes,Restricted
C4473,R4473,Electronics,No,No,Yes,Yes,No,Valid
C4474,R4474,Electronics,Yes,Yes,Yes,No,No,Valid
C4475,R4475,Electronics,Yes,Yes,Yes,No,Yes,Restricted
C4476,R4476,Automotive,Yes,Yes,Yes,No,No,Valid
C4477,R4477,Automotive,Yes,No,Yes,Yes,Yes,Restricted
C4478,R4478,Automotive,Yes,Yes,Yes,No,No,Warning
C4479,R4479,Automotive,Yes,Yes,Yes,Yes,No,Valid
C4480,R4480,Automotive,Yes,Yes,Yes,Yes,No,Warning
C4481,R4481,Machinery and Equipment,Yes,Yes,No,No,Yes,Restricted
C4482,R4482,Machinery and Equipment,Yes,Yes,Yes,Yes,No,Valid
C4483,R4483,Machinery and Equipment,Yes,Yes,Yes,Yes,No,Valid
C4484,R4484,Machinery and Equipment,Yes,Yes,No,Yes,Yes,Restricted
C4485,R4485,Machinery and Equipment,No,No,Yes,No,No,Valid
C4486,R4486,General Cargo,Yes,Yes,Yes,No,No,Valid
C4487,R4487,General Cargo,Yes,No,Yes,No,No,Valid
C4488,R4488,General Cargo,Yes,No,Yes,Yes,No,Valid
C4489,R4489,General Cargo,Yes,No,Yes,Yes,Yes,Restricted
C4490,R4490,General Cargo,Yes,Yes,Yes,Yes,No,Valid
C4491,R4491,Electronics,Yes,Yes,Yes,Yes,No,Valid
C4492,R4492,Electronics,No,Yes,Yes,Yes,Yes,Restricted
C4493,R4493,Electronics,No,Yes,Yes,Yes,No,Valid
C4494,R4494,Electronics,Yes,No,Yes,Yes,No,Warning
C4495,R4495,Electronics,Yes,Yes,Yes,No,Yes,Restricted
C4496,R4496,Automotive,Yes,Yes,Yes,No,No,Valid
C4497,R4497,Automotive,Yes,No,Yes,Yes,No,Warning
C4498,R4498,Automotive,Yes,Yes,Yes,Yes,Yes,Restricted
C4499,R4499,Automotive,No,Yes,Yes,Yes,Yes,Restricted
C4500,R4500,Automotive,Yes,Yes,Yes,Yes,No,Warning
C4501,R4501,Machinery and Equipment,Yes,Yes,Yes,Yes,No,Warning
C4502,R4502,Machinery and Equipment,Yes,Yes,No,Yes,No,Warning
C4503,R4503,Machinery and Equipment,Yes,Yes,Yes,Yes,Yes,Restricted
C4504,R4504,Machinery and Equipment,No,No,No,No,Yes,Restricted
C4505,R4505,Machinery and Equipment,Yes,No,Yes,Yes,No,Warning
C4506,R4506,General Cargo,No,Yes,Yes,Yes,No,Valid
C4507,R4507,General Cargo,Yes,Yes,Yes,No,No,Warning
C4508,R4508,General Cargo,No,No,Yes,Yes,No,Valid
C4509,R4509,General Cargo,Yes,No,No,No,Yes,Restricted
C4510,R4510,General Cargo,No,Yes,Yes,No,No,Warning
C4511,R4511,Electronics,Yes,No,Yes,Yes,No,Warning
C4512,R4512,Electronics,No,Yes,Yes,No,No,Warning
C4513,R4513,Electronics,Yes,No,Yes,Yes,No,Valid
C4514,R4514,Electronics,Yes,No,No,Yes,No,Warning
C4515,R4515,Electronics,Yes,Yes,No,Yes,Yes,Restricted
C4516,R4516,Automotive,No,Yes,Yes,Yes,No,Valid
C4517,R4517,Automotive,No,Yes,No,Yes,No,Warning
C4518,R4518,Automotive,Yes,Yes,Yes,Yes,No,Warning
C4519,R4519,Automotive,Yes,Yes,Yes,Yes,No,Valid
C4520,R4520,Automotive,No,Yes,Yes,Yes,No,Valid
C4521,R4521,Machinery and Equipment,Yes,Yes,No,Yes,Yes,Restricted
C4522,R4522,Machinery and Equipment,Yes,Yes,Yes,Yes,No,Valid
C4523,R4523,Machinery and Equipment,Yes,Yes,Yes,Yes,No,Warning
C4524,R4524,Machinery and Equipment,Yes,Yes,Yes,Yes,No,Warning
C4525,R4525,Machinery and Equipment,Yes,Yes,Yes,Yes,No,Valid
C4526,R4526,General Cargo,Yes,Yes,Yes,Yes,No,Warning
C4527,R4527,General Cargo,Yes,No,Yes,Yes,No,Warning
C4528,R4528,General Cargo,Yes,No,Yes,Yes,No,Warning
C4529,R4529,General Cargo,Yes,No,Yes,No,Yes,Restricted
C4530,R4530,General Cargo,Yes,Yes,Yes,Yes,Yes,Restricted
C4531,R4531,Electronics,Yes,Yes,Yes,Yes,No,Valid
C4532,R4532,Electronics,Yes,Yes,Yes,Yes,No,Warning
C4533,R4533,Electronics,No,Yes,Yes,Yes,Yes,Restricted
C4534,R4534,Electronics,Yes,Yes,Yes,Yes,No,Warning
C4535,R4535,Electronics,No,Yes,Yes,No,No,Warning
C4536,R4536,Automotive,No,Yes,Yes,Yes,No,Valid
C4537,R4537,Automotive,Yes,Yes,Yes,Yes,No,Valid
C4538,R4538,Automotive,No,Yes,Yes,Yes,Yes,Restricted
C4539,R4539,Automotive,No,No,No,No,Yes,Restricted
C4540,R4540,Automotive,Yes,Yes,Yes,No,No,Warning
C4541,R4541,Machinery and Equipment,Yes,Yes,Yes,Yes,No,Valid
C4542,R4542,Machinery and Equipment,No,Yes,Yes,Yes,No,Warning
C4543,R4543,Machinery and Equipment,Yes,No,Yes,No,Yes,Restricted
C4544,R4544,Machinery and Equipment,Yes,Yes,Yes,No,Yes,Restricted
C4545,R4545,Machinery and Equipment,No,No,Yes,Yes,No,Valid
C4546,R4546,General Cargo,No,No,Yes,No,No,Warning
C4547,R4547,General Cargo,Yes,Yes,Yes,Yes,No,Warning
C4548,R4548,General Cargo,Yes,Yes,Yes,Yes,No,Valid
C4549,R4549,General Cargo,Yes,Yes,Yes,Yes,No,Valid
C4550,R4550,General Cargo,Yes,Yes,Yes,Yes,No,Warning
C4551,R4551,Electronics,No,Yes,Yes,Yes,No,Valid
C4552,R4552,Electronics,Yes,Yes,Yes,Yes,Yes,Restricted
C4553,R4553,Electronics,Yes,Yes,Yes,Yes,Yes,Restricted
C4554,R4554,Electronics,Yes,Yes,No,Yes,No,Warning
C4555,R4555,Electronics,Yes,Yes,Yes,Yes,No,Warning
C4556,R4556,Automotive,Yes,No,Yes,Yes,No,Warning
C4557,R4557,Automotive,Yes,Yes,Yes,Yes,Yes,Restricted
C4558,R4558,Automotive,Yes,Yes,Yes,Yes,No,Warning
C4559,R4559,Automotive,Yes,No,Yes,Yes,No,Valid
C4560,R4560,Automotive,Yes,Yes,No,Yes,No,Valid
C4561,R4561,Machinery and Equipment,Yes,Yes,Yes,Yes,Yes,Restricted
C4562,R4562,Machinery and Equipment,Yes,Yes,Yes,Yes,No,Warning
C4563,R4563,Machinery and Equipment,Yes,Yes,Yes,Yes,No,Warning
C4564,R4564,Machinery and Equipment,No,Yes,Yes,Yes,No,Warning
C4565,R4565,Machinery and Equipment,Yes,Yes,Yes,Yes,No,Valid
C4566,R4566,General Cargo,Yes,Yes,Yes,Yes,No,Warning
C4567,R4567,General Cargo,Yes,Yes,Yes,Yes,Yes,Restricted
C4568,R4568,General Cargo,Yes,Yes,Yes,Yes,Yes,Restricted
C4569,R4569,General Cargo,No,Yes,Yes,Yes,Yes,Restricted
C4570,R4570,General Cargo,Yes,Yes,Yes,Yes,No,Warning
C4571,R4571,Electronics,Yes,No,Yes,Yes,No,Warning
C4572,R4572,Electronics,Yes,Yes,Yes,Yes,No,Warning
C4573,R4573,Electronics,Yes,Yes,Yes,No,No,Warning
C4574,R4574,Electronics,Yes,Yes,Yes,No,No,Valid
C4575,R4575,Electronics,Yes,Yes,Yes,Yes,Yes,Restricted
C4576,R4576,Automotive,Yes,Yes,Yes,Yes,Yes,Restricted
C4577,R4577,Automotive,Yes,Yes,Yes,Yes,No,Valid
C4578,R4578,Automotive,Yes,Yes,Yes,Yes,No,Warning
C4579,R4579,Automotive,Yes,No,No,No,Yes,Restricted
C4580,R4580,Automotive,Yes,Yes,Yes,Yes,No,Warning
C4581,R4581,Machinery and Equipment,No,Yes,Yes,No,Yes,Restricted
C4582,R4582,Machinery and Equipment,Yes,No,Yes,Yes,No,Warning
C4583,R4583,Machinery and Equipment,Yes,Yes,Yes,Yes,No,Warning
C4584,R4584,Machinery and Equipment,Yes,No,Yes,Yes,Yes,Restricted
C4585,R4585,Machinery and Equipment,No,Yes,No,No,No,Valid
C4586,R4586,General Cargo,Yes,Yes,Yes,Yes,No,Warning
C4587,R4587,General Cargo,Yes,Yes,Yes,Yes,No,Valid
C4588,R4588,General Cargo,Yes,Yes,Yes,No,No,Warning
C4589,R4589,General Cargo,No,Yes,Yes,Yes,No,Warning
C4590,R4590,General Cargo,Yes,Yes,Yes,Yes,Yes,Restricted
C4591,R4591,Electronics,Yes,Yes,Yes,No,Yes,Restricted
C4592,R4592,Electronics,No,No,Yes,Yes,No,Valid
C4593,R4593,Electronics,Yes,Yes,Yes,Yes,No,Valid
C4594,R4594,Electronics,Yes,Yes,Yes,Yes,Yes,Restricted
C4595,R4595,Electronics,Yes,Yes,Yes,Yes,No,Valid
C4596,R4596,Automotive,No,Yes,Yes,Yes,No,Warning
C4597,R4597,Automotive,No,No,Yes,No,No,Warning
C4598,R4598,Automotive,Yes,Yes,Yes,No,No,Valid
C4599,R4599,Automotive,Yes,No,Yes,Yes,No,Warning
C4600,R4600,Automotive,Yes,Yes,Yes,No,Yes,Restricted
C4601,R4601,Machinery and Equipment,Yes,Yes,Yes,Yes,No,Valid
C4602,R4602,Machinery and Equipment,Yes,Yes,Yes,Yes,No,Warning
C4603,R4603,Machinery and Equipment,No,No,Yes,Yes,No,Warning
C4604,R4604,Machinery and Equipment,Yes,No,Yes,Yes,No,Valid
C4605,R4605,Machinery and Equipment,No,No,Yes,Yes,No,Valid
C4606,R4606,General Cargo,Yes,Yes,Yes,Yes,Yes,Restricted
C4607,R4607,General Cargo,Yes,Yes,Yes,No,No,Warning
C4608,R4608,General Cargo,Yes,Yes,Yes,Yes,No,Warning
C4609,R4609,General Cargo,Yes,Yes,Yes,Yes,No,Valid
C4610,R4610,General Cargo,Yes,Yes,Yes,Yes,Yes,Restricted
C4611,R4611,Electronics,Yes,Yes,No,No,Yes,Restricted
C4612,R4612,Electronics,Yes,Yes,Yes,Yes,No,Valid
C4613,R4613,Electronics,Yes,No,Yes,No,Yes,Restricted
C4614,R4614,Electronics,No,Yes,Yes,Yes,Yes,Restricted
C4615,R4615,Electronics,Yes,Yes,Yes,No,Yes,Restricted
C4616,R4616,Automotive,Yes,No,Yes,No,No,Warning
C4617,R4617,Automotive,No,No,Yes,No,Yes,Restricted
C4618,R4618,Automotive,Yes,Yes,No,Yes,No,Warning
C4619,R4619,Automotive,Yes,No,Yes,Yes,Yes,Restricted
C4620,R4620,Automotive,Yes,No,Yes,No,No,Warning
C4621,R4621,Machinery and Equipment,Yes,Yes,Yes,Yes,No,Valid
C4622,R4622,Machinery and Equipment,No,No,Yes,Yes,Yes,Restricted
C4623,R4623,Machinery and Equipment,Yes,No,Yes,Yes,No,Warning
C4624,R4624,Machinery and Equipment,Yes,Yes,Yes,No,No,Valid
C4625,R4625,Machinery and Equipment,No,Yes,Yes,Yes,No,Valid
C4626,R4626,General Cargo,Yes,No,Yes,Yes,No,Valid
C4627,R4627,General Cargo,No,No,Yes,Yes,Yes,Restricted
C4628,R4628,General Cargo,Yes,Yes,Yes,No,No,Warning
C4629,R4629,General Cargo,Yes,Yes,Yes,Yes,Yes,Restricted
C4630,R4630,General Cargo,Yes,Yes,Yes,No,No,Valid
C4631,R4631,Electronics,Yes,Yes,Yes,Yes,No,Valid
C4632,R4632,Electronics,Yes,Yes,Yes,Yes,No,Valid
C4633,R4633,Electronics,Yes,No,Yes,Yes,No,Valid
C4634,R4634,Electronics,Yes,No,Yes,Yes,No,Warning
C4635,R4635,Electronics,No,Yes,No,Yes,No,Valid
C4636,R4636,Automotive,Yes,Yes,Yes,Yes,No,Warning
C4637,R4637,Automotive,Yes,Yes,Yes,Yes,Yes,Restricted
C4638,R4638,Automotive,No,No,Yes,No,Yes,Restricted
C4639,R4639,Automotive,Yes,No,Yes,Yes,Yes,Restricted
C4640,R4640,Automotive,Yes,No,Yes,Yes,No,Warning
C4641,R4641,Machinery and Equipment,Yes,No,No,No,No,Valid
C4642,R4642,Machinery and Equipment,Yes,Yes,Yes,Yes,Yes,Restricted
C4643,R4643,Machinery and Equipment,Yes,Yes,Yes,Yes,No,Warning
C4644,R4644,Machinery and Equipment,Yes,Yes,Yes,Yes,No,Warning
C4645,R4645,Machinery and Equipment,Yes,Yes,Yes,Yes,No,Valid
C4646,R4646,General Cargo,No,Yes,No,Yes,No,Warning
C4647,R4647,General Cargo,Yes,Yes,Yes,No,Yes,Restricted
C4648,R4648,General Cargo,Yes,Yes,Yes,Yes,No,Warning
C4649,R4649,General Cargo,No,No,Yes,No,No,Warning
C4650,R4650,General Cargo,No,Yes,Yes,Yes,Yes,Restricted
C4651,R4651,Electronics,Yes,No,Yes,Yes,No,Valid
C4652,R4652,Electronics,Yes,Yes,Yes,Yes,No,Warning
C4653,R4653,Electronics,Yes,Yes,Yes,Yes,No,Warning
C4654,R4654,Electronics,Yes,Yes,No,Yes,No,Warning
C4655,R4655,Electronics,No,Yes,Yes,Yes,Yes,Restricted
C4656,R4656,Automotive,Yes,Yes,Yes,No,No,Warning
C4657,R4657,Automotive,Yes,Yes,Yes,No,Yes,Restricted
C4658,R4658,Automotive,Yes,Yes,Yes,Yes,No,Warning
C4659,R4659,Automotive,Yes,No,Yes,No,No,Valid
C4660,R4660,Automotive,Yes,No,Yes,No,No,Valid
C4661,R4661,Machinery and Equipment,Yes,Yes,Yes,Yes,No,Valid
C4662,R4662,Machinery and Equipment,No,Yes,Yes,Yes,Yes,Restricted
C4663,R4663,Machinery and Equipment,No,Yes,Yes,Yes,Yes,Restricted
C4664,R4664,Machinery and Equipment,Yes,No,Yes,Yes,No,Warning
C4665,R4665,Machinery and Equipment,No,No,Yes,Yes,Yes,Restricted
C4666,R4666,General Cargo,Yes,No,No,Yes,No,Warning
C4667,R4667,General Cargo,Yes,Yes,Yes,Yes,No,Warning
C4668,R4668,General Cargo,Yes,Yes,Yes,No,No,Valid
C4669,R4669,General Cargo,No,No,No,Yes,Yes,Restricted
C4670,R4670,General Cargo,Yes,Yes,Yes,Yes,No,Valid
C4671,R4671,Electronics,Yes,Yes,Yes,No,No,Valid
C4672,R4672,Electronics,Yes,Yes,Yes,Yes,No,Valid
C4673,R4673,Electronics,Yes,Yes,Yes,Yes,No,Warning
C4674,R4674,Electronics,Yes,Yes,Yes,No,Yes,Restricted
C4675,R4675,Electronics,Yes,Yes,Yes,Yes,No,Warning
C4676,R4676,Automotive,No,Yes,Yes,Yes,No,Valid
C4677,R4677,Automotive,No,Yes,Yes,Yes,No,Valid
C4678,R4678,Automotive,Yes,Yes,No,Yes,No,Valid
C4679,R4679,Automotive,Yes,No,Yes,Yes,No,Valid
C4680,R4680,Automotive,Yes,No,Yes,Yes,No,Warning
C4681,R4681,Machinery and Equipment,Yes,Yes,Yes,Yes,No,Warning
C4682,R4682,Machinery and Equipment,Yes,Yes,Yes,Yes,Yes,Restricted
C4683,R4683,Machinery and Equipment,Yes,Yes,No,Yes,No,Valid
C4684,R4684,Machinery and Equipment,Yes,Yes,Yes,Yes,No,Valid
C4685,R4685,Machinery and Equipment,Yes,Yes,Yes,No,No,Warning
C4686,R4686,General Cargo,Yes,Yes,Yes,No,Yes,Restricted
C4687,R4687,General Cargo,Yes,Yes,Yes,Yes,No,Valid
C4688,R4688,General Cargo,Yes,Yes,Yes,Yes,Yes,Restricted
C4689,R4689,General Cargo,Yes,Yes,Yes,No,No,Warning
C4690,R4690,General Cargo,Yes,Yes,Yes,Yes,No,Warning
C4691,R4691,Electronics,Yes,Yes,Yes,Yes,No,Valid
C4692,R4692,Electronics,Yes,Yes,Yes,Yes,No,Warning
C4693,R4693,Electronics,No,Yes,Yes,Yes,No,Valid
C4694,R4694,Electronics,Yes,Yes,Yes,No,Yes,Restricted
C4695,R4695,Electronics,Yes,Yes,Yes,Yes,No,Valid
C4696,R4696,Automotive,Yes,Yes,Yes,Yes,Yes,Restricted
C4697,R4697,Automotive,Yes,No,Yes,Yes,No,Warning
C4698,R4698,Automotive,Yes,Yes,Yes,Yes,No,Warning
C4699,R4699,Automotive,Yes,Yes,Yes,Yes,Yes,Restricted
C4700,R4700,Automotive,Yes,No,No,No,No,Valid
C4701,R4701,Machinery and Equipment,Yes,Yes,Yes,No,Yes,Restricted
C4702,R4702,Machinery and Equipment,No,Yes,Yes,Yes,No,Valid
C4703,R4703,Machinery and Equipment,Yes,Yes,Yes,Yes,Yes,Restricted
C4704,R4704,Machinery and Equipment,No,No,Yes,Yes,No,Valid
C4705,R4705,Machinery and Equipment,Yes,Yes,No,Yes,No,Warning
C4706,R4706,General Cargo,No,Yes,Yes,Yes,Yes,Restricted
C4707,R4707,General Cargo,Yes,Yes,Yes,Yes,No,Valid
C4708,R4708,General Cargo,Yes,Yes,Yes,Yes,Yes,Restricted
C4709,R4709,General Cargo,Yes,Yes,Yes,Yes,No,Valid
C4710,R4710,General Cargo,Yes,Yes,No,Yes,No,Warning
C4711,R4711,Electronics,Yes,Yes,Yes,Yes,Yes,Restricted
C4712,R4712,Electronics,Yes,No,Yes,Yes,Yes,Restricted
C4713,R4713,Electronics,Yes,No,No,No,Yes,Restricted
C4714,R4714,Electronics,Yes,Yes,No,Yes,Yes,Restricted
C4715,R4715,Electronics,No,No,Yes,Yes,Yes,Restricted
C4716,R4716,Automotive,Yes,Yes,Yes,Yes,No,Valid
C4717,R4717,Automotive,Yes,Yes,Yes,Yes,No,Valid
C4718,R4718,Automotive,No,No,Yes,Yes,No,Valid
C4719,R4719,Automotive,Yes,Yes,Yes,Yes,Yes,Restricted
C4720,R4720,Automotive,No,No,Yes,Yes,No,Warning
C4721,R4721,Machinery and Equipment,Yes,Yes,Yes,Yes,No,Valid
C4722,R4722,Machinery and Equipment,Yes,Yes,Yes,Yes,No,Valid
C4723,R4723,Machinery and Equipment,No,Yes,Yes,Yes,No,Warning
C4724,R4724,Machinery and Equipment,Yes,Yes,Yes,Yes,Yes,Restricted
C4725,R4725,Machinery and Equipment,Yes,Yes,No,No,No,Valid
C4726,R4726,General Cargo,No,Yes,Yes,Yes,No,Valid
C4727,R4727,General Cargo,Yes,Yes,Yes,Yes,Yes,Restricted
C4728,R4728,General Cargo,No,Yes,Yes,Yes,No,Valid
C4729,R4729,General Cargo,Yes,Yes,Yes,Yes,Yes,Restricted
C4730,R4730,General Cargo,No,Yes,Yes,Yes,No,Valid
C4731,R4731,Electronics,Yes,Yes,Yes,Yes,No,Warning
C4732,R4732,Electronics,Yes,Yes,Yes,Yes,No,Warning
C4733,R4733,Electronics,Yes,No,Yes,Yes,Yes,Restricted
C4734,R4734,Electronics,Yes,Yes,Yes,Yes,No,Warning
C4735,R4735,Electronics,Yes,Yes,Yes,No,No,Valid
C4736,R4736,Automotive,Yes,Yes,Yes,Yes,No,Warning
C4737,R4737,Automotive,Yes,Yes,Yes,No,No,Warning
C4738,R4738,Automotive,Yes,No,Yes,Yes,No,Valid
C4739,R4739,Automotive,Yes,Yes,Yes,Yes,No,Warning
C4740,R4740,Automotive,No,Yes,Yes,Yes,No,Valid
C4741,R4741,Machinery and Equipment,No,No,Yes,No,No,Valid
C4742,R4742,Machinery and Equipment,Yes,Yes,No,Yes,No,Warning
C4743,R4743,Machinery and Equipment,Yes,Yes,Yes,Yes,No,Valid
C4744,R4744,Machinery and Equipment,No,No,No,No,No,Valid
C4745,R4745,Machinery and Equipment,No,Yes,No,No,No,Warning
C4746,R4746,General Cargo,No,Yes,Yes,Yes,No,Warning
C4747,R4747,General Cargo,No,Yes,Yes,No,Yes,Restricted
C4748,R4748,General Cargo,No,Yes,Yes,Yes,Yes,Restricted
C4749,R4749,General Cargo,Yes,No,Yes,Yes,No,Valid
C4750,R4750,General Cargo,Yes,No,Yes,No,No,Valid
C4751,R4751,Electronics,Yes,Yes,Yes,Yes,No,Valid
C4752,R4752,Electronics,Yes,Yes,Yes,Yes,Yes,Restricted
C4753,R4753,Electronics,No,Yes,Yes,Yes,Yes,Restricted
C4754,R4754,Electronics,Yes,Yes,Yes,Yes,Yes,Restricted
C4755,R4755,Electronics,No,Yes,Yes,Yes,Yes,Restricted
C4756,R4756,Automotive,Yes,Yes,Yes,No,No,Warning
C4757,R4757,Automotive,Yes,Yes,Yes,Yes,No,Valid
C4758,R4758,Automotive,Yes,Yes,Yes,Yes,Yes,Restricted
C4759,R4759,Automotive,No,Yes,Yes,Yes,No,Valid
C4760,R4760,Automotive,Yes,Yes,Yes,Yes,No,Warning
C4761,R4761,Machinery and Equipment,Yes,No,Yes,Yes,No,Warning
C4762,R4762,Machinery and Equipment,No,No,Yes,Yes,No,Warning
C4763,R4763,Machinery and Equipment,Yes,Yes,Yes,No,Yes,Restricted
C4764,R4764,Machinery and Equipment,Yes,Yes,Yes,Yes,No,Valid
C4765,R4765,Machinery and Equipment,Yes,No,Yes,Yes,No,Valid
C4766,R4766,General Cargo,Yes,No,Yes,Yes,No,Valid
C4767,R4767,General Cargo,No,Yes,Yes,Yes,No,Valid
C4768,R4768,General Cargo,Yes,Yes,Yes,Yes,No,Valid
C4769,R4769,General Cargo,Yes,No,Yes,Yes,No,Valid
C4770,R4770,General Cargo,Yes,Yes,Yes,Yes,No,Valid
C4771,R4771,Electronics,Yes,No,Yes,Yes,Yes,Restricted
C4772,R4772,Electronics,Yes,Yes,Yes,No,No,Valid
C4773,R4773,Electronics,No,Yes,Yes,No,No,Valid
C4774,R4774,Electronics,Yes,No,Yes,No,No,Warning
C4775,R4775,Electronics,Yes,Yes,No,No,No,Warning
C4776,R4776,Automotive,Yes,Yes,Yes,No,No,Warning
C4777,R4777,Automotive,Yes,Yes,Yes,Yes,Yes,Restricted
C4778,R4778,Automotive,Yes,No,Yes,No,No,Valid
C4779,R4779,Automotive,Yes,Yes,Yes,Yes,No,Valid
C4780,R4780,Automotive,No,Yes,No,Yes,Yes,Restricted
C4781,R4781,Machinery and Equipment,Yes,Yes,Yes,Yes,No,Warning
C4782,R4782,Machinery and Equipment,Yes,No,Yes,Yes,No,Valid
C4783,R4783,Machinery and Equipment,Yes,Yes,Yes,Yes,No,Warning
C4784,R4784,Machinery and Equipment,No,Yes,Yes,Yes,Yes,Restricted
C4785,R4785,Machinery and Equipment,No,Yes,Yes,Yes,Yes,Restricted
C4786,R4786,General Cargo,No,Yes,Yes,Yes,No,Warning
C4787,R4787,General Cargo,Yes,Yes,Yes,Yes,No,Warning
C4788,R4788,General Cargo,Yes,No,Yes,No,No,Valid
C4789,R4789,General Cargo,No,Yes,Yes,Yes,No,Warning
C4790,R4790,General Cargo,Yes,Yes,Yes,No,No,Valid
C4791,R4791,Electronics,Yes,Yes,Yes,Yes,No,Warning
C4792,R4792,Electronics,Yes,Yes,Yes,Yes,No,Valid
C4793,R4793,Electronics,Yes,Yes,Yes,Yes,No,Warning
C4794,R4794,Electronics,Yes,Yes,Yes,Yes,No,Valid
C4795,R4795,Electronics,Yes,No,Yes,Yes,No,Valid
C4796,R4796,Automotive,Yes,Yes,Yes,No,Yes,Restricted
C4797,R4797,Automotive,Yes,Yes,Yes,Yes,No,Warning
C4798,R4798,Automotive,No,No,Yes,Yes,Yes,Restricted
C4799,R4799,Automotive,Yes,No,Yes,Yes,No,Valid
C4800,R4800,Automotive,Yes,Yes,Yes,No,Yes,Restricted
C4801,R4801,Machinery and Equipment,No,Yes,Yes,Yes,No,Warning
C4802,R4802,Machinery and Equipment,Yes,Yes,Yes,No,No,Valid
C4803,R4803,Machinery and Equipment,No,Yes,Yes,Yes,No,Valid
C4804,R4804,Machinery and Equipment,Yes,Yes,Yes,No,No,Valid
C4805,R4805,Machinery and Equipment,No,Yes,Yes,Yes,No,Valid
C4806,R4806,General Cargo,Yes,No,Yes,No,Yes,Restricted
C4807,R4807,General Cargo,Yes,Yes,Yes,Yes,Yes,Restricted
C4808,R4808,General Cargo,No,Yes,No,Yes,No,Valid
C4809,R4809,General Cargo,Yes,Yes,Yes,No,No,Warning
C4810,R4810,General Cargo,Yes,Yes,Yes,Yes,Yes,Restricted
C4811,R4811,Electronics,Yes,Yes,Yes,Yes,No,Valid
C4812,R4812,Electronics,Yes,Yes,Yes,Yes,No,Warning
C4813,R4813,Electronics,Yes,Yes,Yes,No,Yes,Restricted
C4814,R4814,Electronics,Yes,Yes,Yes,Yes,No,Valid
C4815,R4815,Electronics,Yes,Yes,No,Yes,No,Valid
C4816,R4816,Automotive,Yes,Yes,Yes,Yes,No,Valid
C4817,R4817,Automotive,No,Yes,Yes,Yes,No,Warning
C4818,R4818,Automotive,Yes,No,Yes,Yes,No,Valid
C4819,R4819,Automotive,No,Yes,Yes,Yes,Yes,Restricted
C4820,R4820,Automotive,Yes,Yes,Yes,Yes,Yes,Restricted
C4821,R4821,Machinery and Equipment,Yes,Yes,No,Yes,No,Warning
C4822,R4822,Machinery and Equipment,No,Yes,Yes,Yes,Yes,Restricted
C4823,R4823,Machinery and Equipment,Yes,No,Yes,Yes,No,Warning
C4824,R4824,Machinery and Equipment,Yes,Yes,Yes,Yes,Yes,Restricted
C4825,R4825,Machinery and Equipment,Yes,Yes,Yes,Yes,No,Valid
C4826,R4826,General Cargo,Yes,Yes,Yes,Yes,No,Valid
C4827,R4827,General Cargo,Yes,Yes,Yes,Yes,No,Warning
C4828,R4828,General Cargo,No,Yes,Yes,Yes,No,Warning
C4829,R4829,General Cargo,Yes,No,Yes,Yes,No,Warning
C4830,R4830,General Cargo,No,Yes,Yes,Yes,No,Valid
C4831,R4831,Electronics,Yes,Yes,Yes,Yes,No,Warning
C4832,R4832,Electronics,Yes,Yes,No,Yes,No,Valid
C4833,R4833,Electronics,Yes,Yes,Yes,Yes,Yes,Restricted
C4834,R4834,Electronics,Yes,Yes,Yes,Yes,Yes,Restricted
C4835,R4835,Electronics,Yes,Yes,Yes,Yes,No,Warning
C4836,R4836,Automotive,No,Yes,Yes,Yes,No,Warning
C4837,R4837,Automotive,Yes,Yes,Yes,Yes,No,Warning
C4838,R4838,Automotive,Yes,Yes,Yes,No,No,Valid
C4839,R4839,Automotive,Yes,Yes,Yes,No,No,Warning
C4840,R4840,Automotive,Yes,Yes,Yes,Yes,No,Valid
C4841,R4841,Machinery and Equipment,Yes,Yes,Yes,Yes,No,Valid
C4842,R4842,Machinery and Equipment,Yes,Yes,Yes,Yes,No,Valid
C4843,R4843,Machinery and Equipment,Yes,Yes,Yes,Yes,No,Valid
C4844,R4844,Machinery and Equipment,Yes,Yes,Yes,Yes,Yes,Restricted
C4845,R4845,Machinery and Equipment,Yes,No,Yes,Yes,No,Warning
C4846,R4846,General Cargo,No,Yes,No,Yes,No,Valid
C4847,R4847,General Cargo,Yes,Yes,Yes,No,Yes,Restricted
C4848,R4848,General Cargo,Yes,Yes,Yes,Yes,No,Valid
C4849,R4849,General Cargo,Yes,Yes,No,Yes,Yes,Restricted
C4850,R4850,General Cargo,Yes,Yes,Yes,Yes,No,Warning
C4851,R4851,Electronics,Yes,Yes,No,No,Yes,Restricted
C4852,R4852,Electronics,Yes,Yes,Yes,Yes,No,Valid
C4853,R4853,Electronics,Yes,Yes,Yes,No,No,Valid
C4854,R4854,Electronics,No,Yes,Yes,No,No,Warning
C4855,R4855,Electronics,Yes,Yes,Yes,Yes,No,Warning
C4856,R4856,Automotive,Yes,Yes,Yes,Yes,No,Warning
C4857,R4857,Automotive,Yes,No,Yes,Yes,No,Valid
C4858,R4858,Automotive,Yes,Yes,Yes,No,Yes,Restricted
C4859,R4859,Automotive,Yes,Yes,Yes,No,Yes,Restricted
C4860,R4860,Automotive,Yes,Yes,Yes,No,No,Warning
C4861,R4861,Machinery and Equipment,Yes,Yes,Yes,No,No,Warning
C4862,R4862,Machinery and Equipment,Yes,Yes,Yes,No,Yes,Restricted
C4863,R4863,Machinery and Equipment,Yes,No,Yes,Yes,Yes,Restricted
C4864,R4864,Machinery and Equipment,Yes,Yes,Yes,No,No,Valid
C4865,R4865,Machinery and Equipment,Yes,Yes,Yes,Yes,Yes,Restricted
C4866,R4866,General Cargo,Yes,No,Yes,No,No,Valid
C4867,R4867,General Cargo,Yes,No,Yes,Yes,No,Valid
C4868,R4868,General Cargo,Yes,Yes,Yes,Yes,No,Warning
C4869,R4869,General Cargo,No,No,Yes,Yes,No,Warning
C4870,R4870,General Cargo,Yes,Yes,Yes,Yes,Yes,Restricted
C4871,R4871,Electronics,No,Yes,Yes,Yes,Yes,Restricted
C4872,R4872,Electronics,Yes,Yes,Yes,No,Yes,Restricted
C4873,R4873,Electronics,Yes,Yes,Yes,Yes,No,Valid
C4874,R4874,Electronics,Yes,Yes,Yes,Yes,Yes,Restricted
C4875,R4875,Electronics,No,No,Yes,No,No,Warning
C4876,R4876,Automotive,Yes,No,Yes,Yes,No,Valid
C4877,R4877,Automotive,Yes,Yes,Yes,Yes,Yes,Restricted
C4878,R4878,Automotive,Yes,Yes,Yes,Yes,No,Valid
C4879,R4879,Automotive,Yes,Yes,Yes,Yes,No,Valid
C4880,R4880,Automotive,Yes,No,Yes,No,Yes,Restricted
C4881,R4881,Machinery and Equipment,Yes,No,Yes,Yes,No,Warning
C4882,R4882,Machinery and Equipment,Yes,No,Yes,Yes,Yes,Restricted
C4883,R4883,Machinery and Equipment,No,Yes,Yes,Yes,No,Warning
C4884,R4884,Machinery and Equipment,Yes,No,Yes,Yes,Yes,Restricted
C4885,R4885,Machinery and Equipment,No,Yes,Yes,No,No,Valid
C4886,R4886,General Cargo,Yes,Yes,Yes,Yes,No,Valid
C4887,R4887,General Cargo,Yes,Yes,No,Yes,No,Valid
C4888,R4888,General Cargo,Yes,Yes,Yes,Yes,Yes,Restricted
C4889,R4889,General Cargo,Yes,Yes,Yes,Yes,Yes,Restricted
C4890,R4890,General Cargo,Yes,Yes,Yes,Yes,No,Warning
C4891,R4891,Electronics,No,Yes,Yes,No,Yes,Restricted
C4892,R4892,Electronics,Yes,Yes,Yes,Yes,No,Valid
C4893,R4893,Electronics,Yes,No,Yes,Yes,No,Warning
C4894,R4894,Electronics,No,Yes,Yes,Yes,No,Warning
C4895,R4895,Electronics,Yes,No,Yes,Yes,No,Valid
C4896,R4896,Automotive,Yes,No,Yes,Yes,Yes,Restricted
C4897,R4897,Automotive,Yes,Yes,No,Yes,No,Warning
C4898,R4898,Automotive,Yes,Yes,Yes,No,No,Valid
C4899,R4899,Automotive,Yes,Yes,Yes,Yes,No,Warning
C4900,R4900,Automotive,No,Yes,Yes,Yes,Yes,Restricted
C4901,R4901,Machinery and Equipment,Yes,No,Yes,Yes,Yes,Restricted
C4902,R4902,Machinery and Equipment,Yes,Yes,Yes,No,No,Warning
C4903,R4903,Machinery and Equipment,Yes,Yes,Yes,Yes,Yes,Restricted
C4904,R4904,Machinery and Equipment,No,No,Yes,Yes,No,Valid
C4905,R4905,Machinery and Equipment,Yes,Yes,Yes,No,Yes,Restricted
C4906,R4906,General Cargo,No,Yes,Yes,Yes,Yes,Restricted
C4907,R4907,General Cargo,Yes,Yes,Yes,Yes,No,Warning
C4908,R4908,General Cargo,Yes,Yes,Yes,No,Yes,Restricted
C4909,R4909,General Cargo,Yes,No,Yes,Yes,No,Warning
C4910,R4910,General Cargo,Yes,Yes,Yes,Yes,No,Warning
C4911,R4911,Electronics,Yes,No,Yes,No,Yes,Restricted
C4912,R4912,Electronics,Yes,Yes,Yes,Yes,Yes,Restricted
C4913,R4913,Electronics,Yes,No,Yes,Yes,No,Warning
C4914,R4914,Electronics,Yes,Yes,Yes,Yes,No,Warning
C4915,R4915,Electronics,Yes,No,Yes,Yes,No,Warning
C4916,R4916,Automotive,Yes,Yes,Yes,Yes,No,Valid
C4917,R4917,Automotive,No,Yes,Yes,No,Yes,Restricted
C4918,R4918,Automotive,Yes,Yes,Yes,Yes,No,Valid
C4919,R4919,Automotive,Yes,Yes,Yes,Yes,No,Valid
C4920,R4920,Automotive,Yes,Yes,Yes,Yes,No,Valid
C4921,R4921,Machinery and Equipment,No,Yes,Yes,No,No,Warning
C4922,R4922,Machinery and Equipment,Yes,Yes,Yes,Yes,No,Warning
C4923,R4923,Machinery and Equipment,Yes,Yes,Yes,Yes,No,Warning
C4924,R4924,Machinery and Equipment,Yes,No,Yes,Yes,No,Warning
C4925,R4925,Machinery and Equipment,Yes,Yes,Yes,No,Yes,Restricted
C4926,R4926,General Cargo,Yes,Yes,Yes,Yes,No,Valid
C4927,R4927,General Cargo,Yes,Yes,Yes,No,No,Warning
C4928,R4928,General Cargo,No,Yes,Yes,Yes,No,Valid
C4929,R4929,General Cargo,Yes,Yes,Yes,Yes,No,Valid
C4930,R4930,General Cargo,Yes,No,No,Yes,Yes,Restricted
C4931,R4931,Electronics,No,Yes,Yes,Yes,No,Warning
C4932,R4932,Electronics,No,No,Yes,Yes,Yes,Restricted
C4933,R4933,Electronics,Yes,No,Yes,Yes,No,Valid
C4934,R4934,Electronics,Yes,Yes,Yes,Yes,No,Valid
C4935,R4935,Electronics,Yes,Yes,Yes,Yes,Yes,Restricted
C4936,R4936,Automotive,Yes,Yes,No,Yes,No,Valid
C4937,R4937,Automotive,Yes,Yes,Yes,No,No,Valid
C4938,R4938,Automotive,Yes,Yes,No,Yes,No,Warning
C4939,R4939,Automotive,Yes,Yes,Yes,Yes,No,Valid
C4940,R4940,Automotive,No,Yes,Yes,Yes,No,Warning
C4941,R4941,Machinery and Equipment,Yes,Yes,Yes,Yes,No,Valid
C4942,R4942,Machinery and Equipment,Yes,Yes,Yes,Yes,No,Warning
C4943,R4943,Machinery and Equipment,Yes,Yes,Yes,No,No,Valid
C4944,R4944,Machinery and Equipment,Yes,No,Yes,Yes,Yes,Restricted
C4945,R4945,Machinery and Equipment,Yes,Yes,No,Yes,No,Valid
C4946,R4946,General Cargo,No,No,Yes,Yes,Yes,Restricted
C4947,R4947,General Cargo,Yes,Yes,Yes,Yes,Yes,Restricted
C4948,R4948,General Cargo,Yes,Yes,Yes,Yes,Yes,Restricted
C4949,R4949,General Cargo,Yes,Yes,Yes,Yes,No,Warning
C4950,R4950,General Cargo,Yes,Yes,Yes,Yes,Yes,Restricted
C4951,R4951,Electronics,Yes,No,No,Yes,Yes,Restricted
C4952,R4952,Electronics,Yes,Yes,Yes,Yes,No,Warning
C4953,R4953,Electronics,Yes,Yes,Yes,Yes,No,Valid
C4954,R4954,Electronics,No,Yes,Yes,Yes,No,Valid
C4955,R4955,Electronics,Yes,Yes,Yes,Yes,Yes,Restricted
C4956,R4956,Automotive,No,Yes,Yes,Yes,Yes,Restricted
C4957,R4957,Automotive,Yes,Yes,Yes,Yes,No,Warning
C4958,R4958,Automotive,Yes,Yes,Yes,No,No,Valid
C4959,R4959,Automotive,Yes,Yes,Yes,No,Yes,Restricted
C4960,R4960,Automotive,Yes,Yes,Yes,Yes,No,Warning
C4961,R4961,Machinery and Equipment,Yes,Yes,Yes,No,No,Warning
C4962,R4962,Machinery and Equipment,Yes,No,Yes,Yes,Yes,Restricted
C4963,R4963,Machinery and Equipment,Yes,Yes,Yes,No,No,Valid
C4964,R4964,Machinery and Equipment,No,Yes,Yes,Yes,No,Warning
C4965,R4965,Machinery and Equipment,Yes,Yes,Yes,Yes,Yes,Restricted
C4966,R4966,General Cargo,No,Yes,Yes,Yes,Yes,Restricted
C4967,R4967,General Cargo,Yes,No,Yes,No,Yes,Restricted
C4968,R4968,General Cargo,Yes,Yes,No,Yes,No,Valid
C4969,R4969,General Cargo,Yes,No,Yes,Yes,No,Warning
C4970,R4970,General Cargo,No,Yes,Yes,Yes,Yes,Restricted
C4971,R4971,Electronics,Yes,Yes,Yes,No,No,Valid
C4972,R4972,Electronics,Yes,No,Yes,No,No,Valid
C4973,R4973,Electronics,Yes,Yes,Yes,No,Yes,Restricted
C4974,R4974,Electronics,Yes,No,Yes,Yes,No,Warning
C4975,R4975,Electronics,No,Yes,Yes,Yes,Yes,Restricted
C4976,R4976,Automotive,Yes,No,Yes,No,Yes,Restricted
C4977,R4977,Automotive,Yes,Yes,Yes,Yes,No,Valid
C4978,R4978,Automotive,Yes,No,Yes,No,No,Warning
C4979,R4979,Automotive,Yes,No,Yes,Yes,No,Valid
C4980,R4980,Automotive,Yes,No,No,Yes,Yes,Restricted
C4981,R4981,Machinery and Equipment,Yes,Yes,Yes,Yes,Yes,Restricted
C4982,R4982,Machinery and Equipment,Yes,No,Yes,No,No,Valid
C4983,R4983,Machinery and Equipment,Yes,Yes,Yes,Yes,No,Warning
C4984,R4984,Machinery and Equipment,Yes,Yes,Yes,Yes,No,Warning
C4985,R4985,Machinery and Equipment,Yes,Yes,Yes,Yes,No,Valid
C4986,R4986,General Cargo,Yes,Yes,Yes,Yes,No,Warning
C4987,R4987,General Cargo,Yes,Yes,Yes,Yes,Yes,Restricted
C4988,R4988,General Cargo,No,Yes,Yes,Yes,No,Valid
C4989,R4989,General Cargo,Yes,Yes,Yes,Yes,No,Valid
C4990,R4990,General Cargo,Yes,No,Yes,Yes,Yes,Restricted
C4991,R4991,Electronics,Yes,Yes,Yes,No,No,Valid
C4992,R4992,Electronics,Yes,Yes,Yes,No,No,Warning
C4993,R4993,Electronics,Yes,Yes,Yes,Yes,No,Valid
C4994,R4994,Electronics,Yes,Yes,Yes,Yes,No,Warning
C4995,R4995,Electronics,Yes,No,Yes,Yes,Yes,Restricted
C4996,R4996,Automotive,Yes,Yes,Yes,Yes,No,Warning
C4997,R4997,Automotive,Yes,No,Yes,Yes,Yes,Restricted
C4998,R4998,Automotive,Yes,Yes,No,Yes,Yes,Restricted
C4999,R4999,Automotive,Yes,Yes,Yes,No,No,Warning
C5000,R5000,Automotive,Yes,Yes,Yes,Yes,Yes,Restricted