route_id,origin,destination,distance_nm,transit_days,transshipments,route_type,base_freight_usd,cargo_type
R001,Chennai,Rotterdam,8650,25,0,Standard,1860,Electronics
R002,Chennai,Rotterdam,8827,26,1,Alternative,1785,Electronics
R003,Chennai,Rotterdam,8742,25,2,Alternative,1897,Electronics
R004,Chennai,Rotterdam,8922,29,1,Alternative,1771,Electronics
R005,Chennai,Rotterdam,8785,27,0,Standard,1842,Electronics
R006,Chennai,Rotterdam,8650,25,1,Alternative,2140,Automotive
R007,Chennai,Rotterdam,8827,26,2,Alternative,2075,Automotive
R008,Chennai,Rotterdam,8742,25,0,Standard,2197,Automotive
R009,Chennai,Rotterdam,8922,29,2,Alternative,2058,Automotive
R010,Chennai,Rotterdam,8785,27,1,Alternative,2119,Automotive
R011,Chennai,Rotterdam,8650,25,2,Alternative,2360,Machinery and Equipment
R012,Chennai,Rotterdam,8827,26,0,Standard,2295,Machinery and Equipment
R013,Chennai,Rotterdam,8742,25,1,Alternative,2417,Machinery and Equipment
R014,Chennai,Rotterdam,8922,29,2,Alternative,2278,Machinery and Equipment
R015,Chennai,Rotterdam,8785,27,0,Standard,2339,Machinery and Equipment
R016,Chennai,Rotterdam,8650,25,0,Standard,1560,General Cargo
R017,Chennai,Rotterdam,8827,26,1,Alternative,1495,General Cargo
R018,Chennai,Rotterdam,8742,25,2,Alternative,1607,General Cargo
R019,Chennai,Rotterdam,8922,29,1,Alternative,1478,General Cargo
R020,Chennai,Rotterdam,8785,27,0,Standard,1539,General Cargo
R021,Chennai,Singapore,1680,6,0,Standard,720,Electronics
R022,Chennai,Singapore,1715,7,1,Alternative,695,Electronics
R023,Chennai,Singapore,1698,6,2,Alternative,748,Electronics
R024,Chennai,Singapore,1742,8,1,Alternative,682,Electronics
R025,Chennai,Singapore,1725,7,0,Standard,731,Electronics
R026,Chennai,Singapore,1680,6,1,Alternative,910,Automotive
R027,Chennai,Singapore,1715,7,2,Alternative,875,Automotive
R028,Chennai,Singapore,1698,6,0,Standard,938,Automotive
R029,Chennai,Singapore,1742,8,2,Alternative,862,Automotive
R030,Chennai,Singapore,1725,7,1,Alternative,901,Automotive
R031,Chennai,Singapore,1680,6,2,Alternative,1045,Machinery and Equipment
R032,Chennai,Singapore,1715,7,0,Standard,1010,Machinery and Equipment
R033,Chennai,Singapore,1698,6,1,Alternative,1078,Machinery and Equipment
R034,Chennai,Singapore,1742,8,2,Alternative,998,Machinery and Equipment
R035,Chennai,Singapore,1725,7,0,Standard,1032,Machinery and Equipment
R036,Chennai,Singapore,1680,6,0,Standard,585,General Cargo
R037,Chennai,Singapore,1715,7,1,Alternative,558,General Cargo
R038,Chennai,Singapore,1698,6,2,Alternative,612,General Cargo
R039,Chennai,Singapore,1742,8,1,Alternative,545,General Cargo
R040,Chennai,Singapore,1725,7,0,Standard,598,General Cargo
R041,Chennai,Antwerp,8625,25,0,Standard,1845,Electronics
R042,Chennai,Antwerp,8790,26,1,Alternative,1778,Electronics
R043,Chennai,Antwerp,8715,25,2,Alternative,1888,Electronics
R044,Chennai,Antwerp,8910,29,1,Alternative,1762,Electronics
R045,Chennai,Antwerp,8835,27,0,Standard,1829,Electronics
R046,Chennai,Antwerp,8625,25,1,Alternative,2125,Automotive
R047,Chennai,Antwerp,8790,26,2,Alternative,2068,Automotive
R048,Chennai,Antwerp,8715,25,0,Standard,2182,Automotive
R049,Chennai,Antwerp,8910,29,2,Alternative,2049,Automotive
R050,Chennai,Antwerp,8835,27,1,Alternative,2107,Automotive
R051,Chennai,Antwerp,8625,25,2,Alternative,2345,Machinery and Equipment
R052,Chennai,Antwerp,8790,26,0,Standard,2288,Machinery and Equipment
R053,Chennai,Antwerp,8715,25,1,Alternative,2402,Machinery and Equipment
R054,Chennai,Antwerp,8910,29,2,Alternative,2265,Machinery and Equipment
R055,Chennai,Antwerp,8835,27,0,Standard,2324,Machinery and Equipment
R056,Chennai,Antwerp,8625,25,0,Standard,1548,General Cargo
R057,Chennai,Antwerp,8790,26,1,Alternative,1482,General Cargo
R058,Chennai,Antwerp,8715,25,2,Alternative,1595,General Cargo
R059,Chennai,Antwerp,8910,29,1,Alternative,1468,General Cargo
R060,Chennai,Antwerp,8835,27,0,Standard,1526,General Cargo
R061,Mumbai,Dubai,1435,5,0,Standard,680,Electronics
R062,Mumbai,Dubai,1478,6,1,Alternative,652,Electronics
R063,Mumbai,Dubai,1452,5,2,Alternative,711,Electronics
R064,Mumbai,Dubai,1505,7,1,Alternative,638,Electronics
R065,Mumbai,Dubai,1488,6,0,Standard,695,Electronics
R066,Mumbai,Dubai,1435,5,1,Alternative,865,Automotive
R067,Mumbai,Dubai,1478,6,2,Alternative,832,Automotive
R068,Mumbai,Dubai,1452,5,0,Standard,894,Automotive
R069,Mumbai,Dubai,1505,7,2,Alternative,818,Automotive
R070,Mumbai,Dubai,1488,6,1,Alternative,852,Automotive
R071,Mumbai,Dubai,1435,5,2,Alternative,985,Machinery and Equipment
R072,Mumbai,Dubai,1478,6,0,Standard,952,Machinery and Equipment
R073,Mumbai,Dubai,1452,5,1,Alternative,1018,Machinery and Equipment
R074,Mumbai,Dubai,1505,7,2,Alternative,936,Machinery and Equipment
R075,Mumbai,Dubai,1488,6,0,Standard,972,Machinery and Equipment
R076,Mumbai,Dubai,1435,5,0,Standard,548,General Cargo
R077,Mumbai,Dubai,1478,6,1,Alternative,522,General Cargo
R078,Mumbai,Dubai,1452,5,2,Alternative,575,General Cargo
R079,Mumbai,Dubai,1505,7,1,Alternative,508,General Cargo
R080,Mumbai,Dubai,1488,6,0,Standard,559,General Cargo
R081,Mumbai,Jeddah,2755,9,0,Standard,925,Electronics
R082,Mumbai,Jeddah,2810,10,1,Alternative,892,Electronics
R083,Mumbai,Jeddah,2782,9,2,Alternative,958,Electronics
R084,Mumbai,Jeddah,2845,11,1,Alternative,875,Electronics
R085,Mumbai,Jeddah,2820,10,0,Standard,941,Electronics
R086,Mumbai,Jeddah,2755,9,1,Alternative,1145,Automotive
R087,Mumbai,Jeddah,2810,10,2,Alternative,1108,Automotive
R088,Mumbai,Jeddah,2782,9,0,Standard,1182,Automotive
R089,Mumbai,Jeddah,2845,11,2,Alternative,1092,Automotive
R090,Mumbai,Jeddah,2820,10,1,Alternative,1131,Automotive
R091,Mumbai,Jeddah,2755,9,2,Alternative,1325,Machinery and Equipment
R092,Mumbai,Jeddah,2810,10,0,Standard,1288,Machinery and Equipment
R093,Mumbai,Jeddah,2782,9,1,Alternative,1362,Machinery and Equipment
R094,Mumbai,Jeddah,2845,11,2,Alternative,1269,Machinery and Equipment
R095,Mumbai,Jeddah,2820,10,0,Standard,1314,Machinery and Equipment
R096,Mumbai,Jeddah,2755,9,0,Standard,745,General Cargo
R097,Mumbai,Jeddah,2810,10,1,Alternative,712,General Cargo
R098,Mumbai,Jeddah,2782,9,2,Alternative,778,General Cargo
R099,Mumbai,Jeddah,2845,11,1,Alternative,695,General Cargo
R100,Mumbai,Jeddah,2820,10,0,Standard,759,General Cargo
R101,Kolkata,Colombo,1375,5,0,Standard,625,Electronics
R102,Kolkata,Colombo,1412,6,1,Alternative,598,Electronics
R103,Kolkata,Colombo,1398,5,2,Alternative,652,Electronics
R104,Kolkata,Colombo,1445,7,1,Alternative,584,Electronics
R105,Kolkata,Colombo,1425,6,0,Standard,638,Electronics
R106,Kolkata,Colombo,1375,5,1,Alternative,805,Automotive
R107,Kolkata,Colombo,1412,6,2,Alternative,772,Automotive
R108,Kolkata,Colombo,1398,5,0,Standard,835,Automotive
R109,Kolkata,Colombo,1445,7,2,Alternative,758,Automotive
R110,Kolkata,Colombo,1425,6,1,Alternative,798,Automotive
R111,Kolkata,Colombo,1375,5,2,Alternative,925,Machinery and Equipment
R112,Kolkata,Colombo,1412,6,0,Standard,892,Machinery and Equipment
R113,Kolkata,Colombo,1398,5,1,Alternative,958,Machinery and Equipment
R114,Kolkata,Colombo,1445,7,2,Alternative,878,Machinery and Equipment
R115,Kolkata,Colombo,1425,6,0,Standard,915,Machinery and Equipment
R116,Kolkata,Colombo,1375,5,0,Standard,512,General Cargo
R117,Kolkata,Colombo,1412,6,1,Alternative,486,General Cargo
R118,Kolkata,Colombo,1398,5,2,Alternative,538,General Cargo
R119,Kolkata,Colombo,1445,7,1,Alternative,475,General Cargo
R120,Kolkata,Colombo,1425,6,0,Standard,525,General Cargo
R121,Kolkata,Felixstowe,8175,24,0,Standard,1785,Electronics
R122,Kolkata,Felixstowe,8320,25,1,Alternative,1722,Electronics
R123,Kolkata,Felixstowe,8255,24,2,Alternative,1838,Electronics
R124,Kolkata,Felixstowe,8410,28,1,Alternative,1705,Electronics
R125,Kolkata,Felixstowe,8350,26,0,Standard,1768,Electronics
R126,Kolkata,Felixstowe,8175,24,1,Alternative,2055,Automotive
R127,Kolkata,Felixstowe,8320,25,2,Alternative,1998,Automotive
R128,Kolkata,Felixstowe,8255,24,0,Standard,2112,Automotive
R129,Kolkata,Felixstowe,8410,28,2,Alternative,1982,Automotive
R130,Kolkata,Felixstowe,8350,26,1,Alternative,2037,Automotive
R131,Kolkata,Felixstowe,8175,24,2,Alternative,2278,Machinery and Equipment
R132,Kolkata,Felixstowe,8320,25,0,Standard,2225,Machinery and Equipment
R133,Kolkata,Felixstowe,8255,24,1,Alternative,2342,Machinery and Equipment
R134,Kolkata,Felixstowe,8410,28,2,Alternative,2198,Machinery and Equipment
R135,Kolkata,Felixstowe,8350,26,0,Standard,2291,Machinery and Equipment
R136,Kolkata,Felixstowe,8175,24,0,Standard,1492,General Cargo
R137,Kolkata,Felixstowe,8320,25,1,Alternative,1438,General Cargo
R138,Kolkata,Felixstowe,8255,24,2,Alternative,1518,General Cargo
R139,Kolkata,Felixstowe,8410,28,1,Alternative,1415,General Cargo
R140,Kolkata,Felixstowe,8350,26,0,Standard,1476,General Cargo
R141,Kolkata,Valencia,8465,25,0,Standard,1815,Electronics
R142,Kolkata,Valencia,8610,26,1,Alternative,1752,Electronics
R143,Kolkata,Valencia,8542,25,2,Alternative,1862,Electronics
R144,Kolkata,Valencia,8705,29,1,Alternative,1738,Electronics
R145,Kolkata,Valencia,8640,27,0,Standard,1799,Electronics
R146,Kolkata,Valencia,8465,25,1,Alternative,2098,Automotive
R147,Kolkata,Valencia,8610,26,2,Alternative,2042,Automotive
R148,Kolkata,Valencia,8542,25,0,Standard,2155,Automotive
R149,Kolkata,Valencia,8705,29,2,Alternative,2022,Automotive
R150,Kolkata,Valencia,8640,27,1,Alternative,2075,Automotive
R151,Kolkata,Valencia,8465,25,2,Alternative,2325,Machinery and Equipment
R152,Kolkata,Valencia,8610,26,0,Standard,2268,Machinery and Equipment
R153,Kolkata,Valencia,8542,25,1,Alternative,2385,Machinery and Equipment
R154,Kolkata,Valencia,8705,29,2,Alternative,2248,Machinery and Equipment
R155,Kolkata,Valencia,8640,27,0,Standard,2302,Machinery and Equipment
R156,Kolkata,Valencia,8465,25,0,Standard,1525,General Cargo
R157,Kolkata,Valencia,8610,26,1,Alternative,1472,General Cargo
R158,Kolkata,Valencia,8542,25,2,Alternative,1558,General Cargo
R159,Kolkata,Valencia,8705,29,1,Alternative,1455,General Cargo
R160,Kolkata,Valencia,8640,27,0,Standard,1509,General Cargo
R161,Visakhapatnam,Port Klang,2165,8,0,Standard,825,Electronics
R162,Visakhapatnam,Port Klang,2210,9,1,Alternative,792,Electronics
R163,Visakhapatnam,Port Klang,2188,8,2,Alternative,852,Electronics
R164,Visakhapatnam,Port Klang,2245,10,1,Alternative,775,Electronics
R165,Visakhapatnam,Port Klang,2225,9,0,Standard,838,Electronics
R166,Visakhapatnam,Port Klang,2165,8,1,Alternative,1015,Automotive
R167,Visakhapatnam,Port Klang,2210,9,2,Alternative,978,Automotive
R168,Visakhapatnam,Port Klang,2188,8,0,Standard,1048,Automotive
R169,Visakhapatnam,Port Klang,2245,10,2,Alternative,958,Automotive
R170,Visakhapatnam,Port Klang,2225,9,1,Alternative,1002,Automotive
R171,Visakhapatnam,Port Klang,2165,8,2,Alternative,1165,Machinery and Equipment
R172,Visakhapatnam,Port Klang,2210,9,0,Standard,1128,Machinery and Equipment
R173,Visakhapatnam,Port Klang,2188,8,1,Alternative,1198,Machinery and Equipment
R174,Visakhapatnam,Port Klang,2245,10,2,Alternative,1105,Machinery and Equipment
R175,Visakhapatnam,Port Klang,2225,9,0,Standard,1152,Machinery and Equipment
R176,Visakhapatnam,Port Klang,2165,8,0,Standard,635,General Cargo
R177,Visakhapatnam,Port Klang,2210,9,1,Alternative,602,General Cargo
R178,Visakhapatnam,Port Klang,2188,8,2,Alternative,668,General Cargo
R179,Visakhapatnam,Port Klang,2245,10,1,Alternative,585,General Cargo
R180,Visakhapatnam,Port Klang,2225,9,0,Standard,648,General Cargo
R181,Visakhapatnam,Piraeus,7905,23,0,Standard,1695,Electronics
R182,Visakhapatnam,Piraeus,8050,24,1,Alternative,1638,Electronics
R183,Visakhapatnam,Piraeus,7982,23,2,Alternative,1752,Electronics
R184,Visakhapatnam,Piraeus,8140,27,1,Alternative,1622,Electronics
R185,Visakhapatnam,Piraeus,8085,25,0,Standard,1681,Electronics
R186,Visakhapatnam,Piraeus,7905,23,1,Alternative,1945,Automotive
R187,Visakhapatnam,Piraeus,8050,24,2,Alternative,1898,Automotive
R188,Visakhapatnam,Piraeus,7982,23,0,Standard,2012,Automotive
R189,Visakhapatnam,Piraeus,8140,27,2,Alternative,1875,Automotive
R190,Visakhapatnam,Piraeus,8085,25,1,Alternative,1928,Automotive
R191,Visakhapatnam,Piraeus,7905,23,2,Alternative,2185,Machinery and Equipment
R192,Visakhapatnam,Piraeus,8050,24,0,Standard,2132,Machinery and Equipment
R193,Visakhapatnam,Piraeus,7982,23,1,Alternative,2248,Machinery and Equipment
R194,Visakhapatnam,Piraeus,8140,27,2,Alternative,2105,Machinery and Equipment
R195,Visakhapatnam,Piraeus,8085,25,0,Standard,2162,Machinery and Equipment
R196,Visakhapatnam,Piraeus,7905,23,0,Standard,1425,General Cargo
R197,Visakhapatnam,Piraeus,8050,24,1,Alternative,1378,General Cargo
R198,Visakhapatnam,Piraeus,7982,23,2,Alternative,1452,General Cargo
R199,Visakhapatnam,Piraeus,8140,27,1,Alternative,1362,General Cargo
R200,Visakhapatnam,Piraeus,8085,25,0,Standard,1408,General Cargo
R201,Kochi,Salalah,3205,10,0,Standard,985,Electronics
R202,Kochi,Salalah,3260,11,1,Alternative,948,Electronics
R203,Kochi,Salalah,3235,10,2,Alternative,1018,Electronics
R204,Kochi,Salalah,3295,12,1,Alternative,932,Electronics
R205,Kochi,Salalah,3270,11,0,Standard,998,Electronics
R206,Kochi,Salalah,3205,10,1,Alternative,1215,Automotive
R207,Kochi,Salalah,3260,11,2,Alternative,1178,Automotive
R208,Kochi,Salalah,3235,10,0,Standard,1252,Automotive
R209,Kochi,Salalah,3295,12,2,Alternative,1158,Automotive
R210,Kochi,Salalah,3270,11,1,Alternative,1201,Automotive
R211,Kochi,Salalah,3205,10,2,Alternative,1395,Machinery and Equipment
R212,Kochi,Salalah,3260,11,0,Standard,1358,Machinery and Equipment
R213,Kochi,Salalah,3235,10,1,Alternative,1432,Machinery and Equipment
R214,Kochi,Salalah,3295,12,2,Alternative,1338,Machinery and Equipment
R215,Kochi,Salalah,3270,11,0,Standard,1402,Machinery and Equipment
R216,Kochi,Salalah,3205,10,0,Standard,748,General Cargo
R217,Kochi,Salalah,3260,11,1,Alternative,712,General Cargo
R218,Kochi,Salalah,3235,10,2,Alternative,782,General Cargo
R219,Kochi,Salalah,3295,12,1,Alternative,695,General Cargo
R220,Kochi,Salalah,3270,11,0,Standard,759,General Cargo
R221,Kochi,Mombasa,3565,11,0,Standard,1085,Electronics
R222,Kochi,Mombasa,3620,12,1,Alternative,1048,Electronics
R223,Kochi,Mombasa,3592,11,2,Alternative,1122,Electronics
R224,Kochi,Mombasa,3655,13,1,Alternative,1035,Electronics
R225,Kochi,Mombasa,3630,12,0,Standard,1098,Electronics
R226,Kochi,Mombasa,3565,11,1,Alternative,1325,Automotive
R227,Kochi,Mombasa,3620,12,2,Alternative,1288,Automotive
R228,Kochi,Mombasa,3592,11,0,Standard,1362,Automotive
R229,Kochi,Mombasa,3655,13,2,Alternative,1268,Automotive
R230,Kochi,Mombasa,3630,12,1,Alternative,1311,Automotive
R231,Kochi,Mombasa,3565,11,2,Alternative,1515,Machinery and Equipment
R232,Kochi,Mombasa,3620,12,0,Standard,1478,Machinery and Equipment
R233,Kochi,Mombasa,3592,11,1,Alternative,1552,Machinery and Equipment
R234,Kochi,Mombasa,3655,13,2,Alternative,1458,Machinery and Equipment
R235,Kochi,Mombasa,3630,12,0,Standard,1522,Machinery and Equipment
R236,Kochi,Mombasa,3565,11,0,Standard,825,General Cargo
R237,Kochi,Mombasa,3620,12,1,Alternative,788,General Cargo
R238,Kochi,Mombasa,3592,11,2,Alternative,858,General Cargo
R239,Kochi,Mombasa,3655,13,1,Alternative,772,General Cargo
R240,Kochi,Mombasa,3630,12,0,Standard,838,General Cargo
R241,Kochi,Jebel Ali,1685,6,0,Standard,735,Electronics
R242,Kochi,Jebel Ali,1728,7,1,Alternative,702,Electronics
R243,Kochi,Jebel Ali,1705,6,2,Alternative,768,Electronics
R244,Kochi,Jebel Ali,1760,8,1,Alternative,688,Electronics
R245,Kochi,Jebel Ali,1740,7,0,Standard,749,Electronics
R246,Kochi,Jebel Ali,1685,6,1,Alternative,925,Automotive
R247,Kochi,Jebel Ali,1728,7,2,Alternative,888,Automotive
R248,Kochi,Jebel Ali,1705,6,0,Standard,958,Automotive
R249,Kochi,Jebel Ali,1760,8,2,Alternative,872,Automotive
R250,Kochi,Jebel Ali,1740,7,1,Alternative,912,Automotive
R251,Kochi,Jebel Ali,1685,6,2,Alternative,1065,Machinery and Equipment
R252,Kochi,Jebel Ali,1728,7,0,Standard,1028,Machinery and Equipment
R253,Kochi,Jebel Ali,1705,6,1,Alternative,1098,Machinery and Equipment
R254,Kochi,Jebel Ali,1760,8,2,Alternative,1008,Machinery and Equipment
R255,Kochi,Jebel Ali,1740,7,0,Standard,1072,Machinery and Equipment
R256,Kochi,Jebel Ali,1685,6,0,Standard,565,General Cargo
R257,Kochi,Jebel Ali,1728,7,1,Alternative,532,General Cargo
R258,Kochi,Jebel Ali,1705,6,2,Alternative,598,General Cargo
R259,Kochi,Jebel Ali,1760,8,1,Alternative,518,General Cargo
R260,Kochi,Jebel Ali,1740,7,0,Standard,579,General Cargo
R261,Mundra,Durban,7065,21,0,Standard,1585,Electronics
R262,Mundra,Durban,7180,22,1,Alternative,1528,Electronics
R263,Mundra,Durban,7125,21,2,Alternative,1642,Electronics
R264,Mundra,Durban,7260,24,1,Alternative,1508,Electronics
R265,Mundra,Durban,7210,22,0,Standard,1569,Electronics
R266,Mundra,Durban,7065,21,1,Alternative,1885,Automotive
R267,Mundra,Durban,7180,22,2,Alternative,1828,Automotive
R268,Mundra,Durban,7125,21,0,Standard,1942,Automotive
R269,Mundra,Durban,7260,24,2,Alternative,1808,Automotive
R270,Mundra,Durban,7210,22,1,Alternative,1867,Automotive
R271,Mundra,Durban,7065,21,2,Alternative,2115,Machinery and Equipment
R272,Mundra,Durban,7180,22,0,Standard,2068,Machinery and Equipment
R273,Mundra,Durban,7125,21,1,Alternative,2182,Machinery and Equipment
R274,Mundra,Durban,7260,24,2,Alternative,2048,Machinery and Equipment
R275,Mundra,Durban,7210,22,0,Standard,2142,Machinery and Equipment
R276,Mundra,Durban,7065,21,0,Standard,1325,General Cargo
R277,Mundra,Durban,7180,22,1,Alternative,1278,General Cargo
R278,Mundra,Durban,7125,21,2,Alternative,1352,General Cargo
R279,Mundra,Durban,7260,24,1,Alternative,1262,General Cargo
R280,Mundra,Durban,7210,22,0,Standard,1318,General Cargo
R281,Mundra,Luanda,7475,22,0,Standard,1665,Electronics
R282,Mundra,Luanda,7590,23,1,Alternative,1608,Electronics
R283,Mundra,Luanda,7532,22,2,Alternative,1722,Electronics
R284,Mundra,Luanda,7670,25,1,Alternative,1588,Electronics
R285,Mundra,Luanda,7625,23,0,Standard,1649,Electronics
R286,Mundra,Luanda,7475,22,1,Alternative,1975,Automotive
R287,Mundra,Luanda,7590,23,2,Alternative,1918,Automotive
R288,Mundra,Luanda,7532,22,0,Standard,2032,Automotive
R289,Mundra,Luanda,7670,25,2,Alternative,1898,Automotive
R290,Mundra,Luanda,7625,23,1,Alternative,1957,Automotive
R291,Mundra,Luanda,7475,22,2,Alternative,2215,Machinery and Equipment
R292,Mundra,Luanda,7590,23,0,Standard,2168,Machinery and Equipment
R293,Mundra,Luanda,7532,22,1,Alternative,2282,Machinery and Equipment
R294,Mundra,Luanda,7670,25,2,Alternative,2148,Machinery and Equipment
R295,Mundra,Luanda,7625,23,0,Standard,2242,Machinery and Equipment
R296,Mundra,Luanda,7475,22,0,Standard,1395,General Cargo
R297,Mundra,Luanda,7590,23,1,Alternative,1348,General Cargo
R298,Mundra,Luanda,7532,22,2,Alternative,1422,General Cargo
R299,Mundra,Luanda,7670,25,1,Alternative,1332,General Cargo
R300,Mundra,Luanda,7625,23,0,Standard,1388,General Cargo
R301,Paradip,Manila,5485,17,0,Standard,1325,Electronics
R302,Paradip,Manila,5575,18,1,Alternative,1278,Electronics
R303,Paradip,Manila,5528,17,2,Alternative,1388,Electronics
R304,Paradip,Manila,5635,20,1,Alternative,1262,Electronics
R305,Paradip,Manila,5595,18,0,Standard,1312,Electronics
R306,Paradip,Manila,5485,17,1,Alternative,1585,Automotive
R307,Paradip,Manila,5575,18,2,Alternative,1538,Automotive
R308,Paradip,Manila,5528,17,0,Standard,1642,Automotive
R309,Paradip,Manila,5635,20,2,Alternative,1518,Automotive
R310,Paradip,Manila,5595,18,1,Alternative,1572,Automotive
R311,Paradip,Manila,5485,17,2,Alternative,1815,Machinery and Equipment
R312,Paradip,Manila,5575,18,0,Standard,1768,Machinery and Equipment
R313,Paradip,Manila,5528,17,1,Alternative,1882,Machinery and Equipment
R314,Paradip,Manila,5635,20,2,Alternative,1748,Machinery and Equipment
R315,Paradip,Manila,5595,18,0,Standard,1842,Machinery and Equipment
R316,Paradip,Manila,5485,17,0,Standard,1125,General Cargo
R317,Paradip,Manila,5575,18,1,Alternative,1078,General Cargo
R318,Paradip,Manila,5528,17,2,Alternative,1152,General Cargo
R319,Paradip,Manila,5635,20,1,Alternative,1062,General Cargo
R320,Paradip,Manila,5595,18,0,Standard,1118,General Cargo
R321,Paradip,Shanghai,6245,19,0,Standard,1455,Electronics
R322,Paradip,Shanghai,6350,20,1,Alternative,1408,Electronics
R323,Paradip,Shanghai,6298,19,2,Alternative,1518,Electronics
R324,Paradip,Shanghai,6410,22,1,Alternative,1392,Electronics
R325,Paradip,Shanghai,6370,20,0,Standard,1442,Electronics
R326,Paradip,Shanghai,6245,19,1,Alternative,1745,Automotive
R327,Paradip,Shanghai,6350,20,2,Alternative,1698,Automotive
R328,Paradip,Shanghai,6298,19,0,Standard,1802,Automotive
R329,Paradip,Shanghai,6410,22,2,Alternative,1678,Automotive
R330,Paradip,Shanghai,6370,20,1,Alternative,1728,Automotive
R331,Paradip,Shanghai,6245,19,2,Alternative,1985,Machinery and Equipment
R332,Paradip,Shanghai,6350,20,0,Standard,1938,Machinery and Equipment
R333,Paradip,Shanghai,6298,19,1,Alternative,2052,Machinery and Equipment
R334,Paradip,Shanghai,6410,22,2,Alternative,1918,Machinery and Equipment
R335,Paradip,Shanghai,6370,20,0,Standard,2012,Machinery and Equipment
R336,Paradip,Shanghai,6245,19,0,Standard,1265,General Cargo
R337,Paradip,Shanghai,6350,20,1,Alternative,1218,General Cargo
R338,Paradip,Shanghai,6298,19,2,Alternative,1292,General Cargo
R339,Paradip,Shanghai,6410,22,1,Alternative,1202,General Cargo
R340,Paradip,Shanghai,6370,20,0,Standard,1258,General Cargo
R341,New Mangalore,Colombo,815,4,0,Standard,485,Electronics
R342,New Mangalore,Colombo,842,5,1,Alternative,462,Electronics
R343,New Mangalore,Colombo,828,4,2,Alternative,512,Electronics
R344,New Mangalore,Colombo,865,6,1,Alternative,448,Electronics
R345,New Mangalore,Colombo,850,5,0,Standard,498,Electronics
R346,New Mangalore,Colombo,815,4,1,Alternative,625,Automotive
R347,New Mangalore,Colombo,842,5,2,Alternative,598,Automotive
R348,New Mangalore,Colombo,828,4,0,Standard,652,Automotive
R349,New Mangalore,Colombo,865,6,2,Alternative,578,Automotive
R350,New Mangalore,Colombo,850,5,1,Alternative,618,Automotive
R351,New Mangalore,Colombo,815,4,2,Alternative,745,Machinery and Equipment
R352,New Mangalore,Colombo,842,5,0,Standard,718,Machinery and Equipment
R353,New Mangalore,Colombo,828,4,1,Alternative,772,Machinery and Equipment
R354,New Mangalore,Colombo,865,6,2,Alternative,698,Machinery and Equipment
R355,New Mangalore,Colombo,850,5,0,Standard,752,Machinery and Equipment
R356,New Mangalore,Colombo,815,4,0,Standard,365,General Cargo
R357,New Mangalore,Colombo,842,5,1,Alternative,342,General Cargo
R358,New Mangalore,Colombo,828,4,2,Alternative,392,General Cargo
R359,New Mangalore,Colombo,865,6,1,Alternative,328,General Cargo
R360,New Mangalore,Colombo,850,5,0,Standard,378,General Cargo
R361,Pipavav,Port Said,6285,19,0,Standard,1515,Electronics
R362,Pipavav,Port Said,6395,20,1,Alternative,1462,Electronics
R363,Pipavav,Port Said,6342,19,2,Alternative,1578,Electronics
R364,Pipavav,Port Said,6455,22,1,Alternative,1448,Electronics
R365,Pipavav,Port Said,6410,20,0,Standard,1502,Electronics
R366,Pipavav,Port Said,6285,19,1,Alternative,1815,Automotive
R367,Pipavav,Port Said,6395,20,2,Alternative,1762,Automotive
R368,Pipavav,Port Said,6342,19,0,Standard,1878,Automotive
R369,Pipavav,Port Said,6455,22,2,Alternative,1738,Automotive
R370,Pipavav,Port Said,6410,20,1,Alternative,1792,Automotive
R371,Pipavav,Port Said,6285,19,2,Alternative,2055,Machinery and Equipment
R372,Pipavav,Port Said,6395,20,0,Standard,2002,Machinery and Equipment
R373,Pipavav,Port Said,6342,19,1,Alternative,2122,Machinery and Equipment
R374,Pipavav,Port Said,6455,22,2,Alternative,1982,Machinery and Equipment
R375,Pipavav,Port Said,6410,20,0,Standard,2085,Machinery and Equipment
R376,Pipavav,Port Said,6285,19,0,Standard,1285,General Cargo
R377,Pipavav,Port Said,6395,20,1,Alternative,1232,General Cargo
R378,Pipavav,Port Said,6342,19,2,Alternative,1318,General Cargo
R379,Pipavav,Port Said,6455,22,1,Alternative,1218,General Cargo
R380,Pipavav,Port Said,6410,20,0,Standard,1272,General Cargo
R381,Tuticorin,Port Louis,2695,9,0,Standard,865,Electronics
R382,Tuticorin,Port Louis,2742,10,1,Alternative,832,Electronics
R383,Tuticorin,Port Louis,2718,9,2,Alternative,898,Electronics
R384,Tuticorin,Port Louis,2780,11,1,Alternative,818,Electronics
R385,Tuticorin,Port Louis,2755,10,0,Standard,878,Electronics
R386,Tuticorin,Port Louis,2695,9,1,Alternative,1065,Automotive
R387,Tuticorin,Port Louis,2742,10,2,Alternative,1028,Automotive
R388,Tuticorin,Port Louis,2718,9,0,Standard,1098,Automotive
R389,Tuticorin,Port Louis,2780,11,2,Alternative,1008,Automotive
R390,Tuticorin,Port Louis,2755,10,1,Alternative,1052,Automotive
R391,Tuticorin,Port Louis,2695,9,2,Alternative,1235,Machinery and Equipment
R392,Tuticorin,Port Louis,2742,10,0,Standard,1198,Machinery and Equipment
R393,Tuticorin,Port Louis,2718,9,1,Alternative,1268,Machinery and Equipment
R394,Tuticorin,Port Louis,2780,11,2,Alternative,1178,Machinery and Equipment
R395,Tuticorin,Port Louis,2755,10,0,Standard,1222,Machinery and Equipment
R396,Tuticorin,Port Louis,2695,9,0,Standard,675,General Cargo
R397,Tuticorin,Port Louis,2742,10,1,Alternative,642,General Cargo
R398,Tuticorin,Port Louis,2718,9,2,Alternative,708,General Cargo
R399,Tuticorin,Port Louis,2780,11,1,Alternative,628,General Cargo
R400,Tuticorin,Port Louis,2755,10,0,Standard,688,General Cargo
R401,Nhava Sheva,Maputo,5625,17,0,Standard,1385,Electronics
R402,Nhava Sheva,Maputo,5710,18,1,Alternative,1338,Electronics
R403,Nhava Sheva,Maputo,5668,17,2,Alternative,1448,Electronics
R404,Nhava Sheva,Maputo,5775,20,1,Alternative,1322,Electronics
R405,Nhava Sheva,Maputo,5735,18,0,Standard,1372,Electronics
R406,Nhava Sheva,Maputo,5625,17,1,Alternative,1655,Automotive
R407,Nhava Sheva,Maputo,5710,18,2,Alternative,1608,Automotive
R408,Nhava Sheva,Maputo,5668,17,0,Standard,1712,Automotive
R409,Nhava Sheva,Maputo,5775,20,2,Alternative,1588,Automotive
R410,Nhava Sheva,Maputo,5735,18,1,Alternative,1642,Automotive
R411,Nhava Sheva,Maputo,5625,17,2,Alternative,1895,Machinery and Equipment
R412,Nhava Sheva,Maputo,5710,18,0,Standard,1848,Machinery and Equipment
R413,Nhava Sheva,Maputo,5668,17,1,Alternative,1962,Machinery and Equipment
R414,Nhava Sheva,Maputo,5775,20,2,Alternative,1828,Machinery and Equipment
R415,Nhava Sheva,Maputo,5735,18,0,Standard,1922,Machinery and Equipment
R416,Nhava Sheva,Maputo,5625,17,0,Standard,1165,General Cargo
R417,Nhava Sheva,Maputo,5710,18,1,Alternative,1118,General Cargo
R418,Nhava Sheva,Maputo,5668,17,2,Alternative,1192,General Cargo
R419,Nhava Sheva,Maputo,5775,20,1,Alternative,1102,General Cargo
R420,Nhava Sheva,Maputo,5735,18,0,Standard,1158,General Cargo
R421,Nhava Sheva,Barcelona,6945,21,0,Standard,1615,Electronics
R422,Nhava Sheva,Barcelona,7060,22,1,Alternative,1562,Electronics
R423,Nhava Sheva,Barcelona,7005,21,2,Alternative,1678,Electronics
R424,Nhava Sheva,Barcelona,7125,24,1,Alternative,1548,Electronics
R425,Nhava Sheva,Barcelona,7080,22,0,Standard,1602,Electronics
R426,Nhava Sheva,Barcelona,6945,21,1,Alternative,1915,Automotive
R427,Nhava Sheva,Barcelona,7060,22,2,Alternative,1862,Automotive
R428,Nhava Sheva,Barcelona,7005,21,0,Standard,1978,Automotive
R429,Nhava Sheva,Barcelona,7125,24,2,Alternative,1838,Automotive
R430,Nhava Sheva,Barcelona,7080,22,1,Alternative,1892,Automotive
R431,Nhava Sheva,Barcelona,6945,21,2,Alternative,2185,Machinery and Equipment
R432,Nhava Sheva,Barcelona,7060,22,0,Standard,2132,Machinery and Equipment
R433,Nhava Sheva,Barcelona,7005,21,1,Alternative,2248,Machinery and Equipment
R434,Nhava Sheva,Barcelona,7125,24,2,Alternative,2108,Machinery and Equipment
R435,Nhava Sheva,Barcelona,7080,22,0,Standard,2212,Machinery and Equipment
R436,Nhava Sheva,Barcelona,6945,21,0,Standard,1345,General Cargo
R437,Nhava Sheva,Barcelona,7060,22,1,Alternative,1292,General Cargo
R438,Nhava Sheva,Barcelona,7005,21,2,Alternative,1378,General Cargo
R439,Nhava Sheva,Barcelona,7125,24,1,Alternative,1282,General Cargo
R440,Nhava Sheva,Barcelona,7080,22,0,Standard,1332,General Cargo
R441,Kandla,Dar es Salaam,4485,14,0,Standard,1125,Electronics
R442,Kandla,Dar es Salaam,4560,15,1,Alternative,1082,Electronics
R443,Kandla,Dar es Salaam,4525,14,2,Alternative,1172,Electronics
R444,Kandla,Dar es Salaam,4615,17,1,Alternative,1068,Electronics
R445,Kandla,Dar es Salaam,4580,15,0,Standard,1142,Electronics
R446,Kandla,Dar es Salaam,4485,14,1,Alternative,1385,Automotive
R447,Kandla,Dar es Salaam,4560,15,2,Alternative,1342,Automotive
R448,Kandla,Dar es Salaam,4525,14,0,Standard,1428,Automotive
R449,Kandla,Dar es Salaam,4615,17,2,Alternative,1322,Automotive
R450,Kandla,Dar es Salaam,4580,15,1,Alternative,1372,Automotive
R451,Kandla,Dar es Salaam,4485,14,2,Alternative,1585,Machinery and Equipment
R452,Kandla,Dar es Salaam,4560,15,0,Standard,1542,Machinery and Equipment
R453,Kandla,Dar es Salaam,4525,14,1,Alternative,1632,Machinery and Equipment
R454,Kandla,Dar es Salaam,4615,17,2,Alternative,1522,Machinery and Equipment
R455,Kandla,Dar es Salaam,4580,15,0,Standard,1602,Machinery and Equipment
R456,Kandla,Dar es Salaam,4485,14,0,Standard,895,General Cargo
R457,Kandla,Dar es Salaam,4560,15,1,Alternative,852,General Cargo
R458,Kandla,Dar es Salaam,4525,14,2,Alternative,918,General Cargo
R459,Kandla,Dar es Salaam,4615,17,1,Alternative,838,General Cargo
R460,Kandla,Dar es Salaam,4580,15,0,Standard,902,General Cargo
R461,Kandla,Alexandria,6825,21,0,Standard,1575,Electronics
R462,Kandla,Alexandria,6940,22,1,Alternative,1522,Electronics
R463,Kandla,Alexandria,6885,21,2,Alternative,1638,Electronics
R464,Kandla,Alexandria,7005,24,1,Alternative,1508,Electronics
R465,Kandla,Alexandria,6960,22,0,Standard,1562,Electronics
R466,Kandla,Alexandria,6825,21,1,Alternative,1875,Automotive
R467,Kandla,Alexandria,6940,22,2,Alternative,1822,Automotive
R468,Kandla,Alexandria,6885,21,0,Standard,1938,Automotive
R469,Kandla,Alexandria,7005,24,2,Alternative,1798,Automotive
R470,Kandla,Alexandria,6960,22,1,Alternative,1852,Automotive
R471,Kandla,Alexandria,6825,21,2,Alternative,2145,Machinery and Equipment
R472,Kandla,Alexandria,6940,22,0,Standard,2092,Machinery and Equipment
R473,Kandla,Alexandria,6885,21,1,Alternative,2208,Machinery and Equipment
R474,Kandla,Alexandria,7005,24,2,Alternative,2068,Machinery and Equipment
R475,Kandla,Alexandria,6960,22,0,Standard,2172,Machinery and Equipment
R476,Kandla,Alexandria,6825,21,0,Standard,1315,General Cargo
R477,Kandla,Alexandria,6940,22,1,Alternative,1262,General Cargo
R478,Kandla,Alexandria,6885,21,2,Alternative,1348,General Cargo
R479,Kandla,Alexandria,7005,24,1,Alternative,1258,General Cargo
R480,Kandla,Alexandria,6960,22,0,Standard,1302,General Cargo
R481,Krishnapatnam,Ho Chi Minh City,2425,8,0,Standard,785,Electronics
R482,Krishnapatnam,Ho Chi Minh City,2470,9,1,Alternative,752,Electronics
R483,Krishnapatnam,Ho Chi Minh City,2448,8,2,Alternative,818,Electronics
R484,Krishnapatnam,Ho Chi Minh City,2505,10,1,Alternative,738,Electronics
R485,Krishnapatnam,Ho Chi Minh City,2485,9,0,Standard,798,Electronics
R486,Krishnapatnam,Ho Chi Minh City,2425,8,1,Alternative,975,Automotive
R487,Krishnapatnam,Ho Chi Minh City,2470,9,2,Alternative,938,Automotive
R488,Krishnapatnam,Ho Chi Minh City,2448,8,0,Standard,1008,Automotive
R489,Krishnapatnam,Ho Chi Minh City,2505,10,2,Alternative,918,Automotive
R490,Krishnapatnam,Ho Chi Minh City,2485,9,1,Alternative,962,Automotive
R491,Krishnapatnam,Ho Chi Minh City,2425,8,2,Alternative,1125,Machinery and Equipment
R492,Krishnapatnam,Ho Chi Minh City,2470,9,0,Standard,1088,Machinery and Equipment
R493,Krishnapatnam,Ho Chi Minh City,2448,8,1,Alternative,1158,Machinery and Equipment
R494,Krishnapatnam,Ho Chi Minh City,2505,10,2,Alternative,1068,Machinery and Equipment
R495,Krishnapatnam,Ho Chi Minh City,2485,9,0,Standard,1112,Machinery and Equipment
R496,Krishnapatnam,Ho Chi Minh City,2425,8,0,Standard,595,General Cargo
R497,Krishnapatnam,Ho Chi Minh City,2470,9,1,Alternative,562,General Cargo
R498,Krishnapatnam,Ho Chi Minh City,2448,8,2,Alternative,628,General Cargo
R499,Krishnapatnam,Ho Chi Minh City,2505,10,1,Alternative,548,General Cargo
R500,Krishnapatnam,Ho Chi Minh City,2485,9,0,Standard,608,General Cargo
R501,Chennai,Hamburg,9080,26,0,Standard,2475,Electronics
R502,Chennai,Hamburg,9155,27,1,Alternative,2510,Electronics
R503,Chennai,Hamburg,9200,27,2,Alternative,2530,Electronics
R504,Chennai,Hamburg,9255,28,1,Alternative,2555,Electronics
R505,Chennai,Hamburg,9330,29,0,Standard,2590,Electronics
R506,Chennai,Hamburg,9080,26,0,Standard,2365,Automotive
R507,Chennai,Hamburg,9155,27,1,Alternative,2400,Automotive
R508,Chennai,Hamburg,9200,27,2,Alternative,2420,Automotive
R509,Chennai,Hamburg,9255,28,1,Alternative,2445,Automotive
R510,Chennai,Hamburg,9330,29,0,Standard,2480,Automotive
R511,Chennai,Hamburg,9080,26,0,Standard,2695,Machinery and Equipment
R512,Chennai,Hamburg,9155,27,1,Alternative,2730,Machinery and Equipment
R513,Chennai,Hamburg,9200,27,2,Alternative,2750,Machinery and Equipment
R514,Chennai,Hamburg,9255,28,1,Alternative,2775,Machinery and Equipment
R515,Chennai,Hamburg,9330,29,0,Standard,2810,Machinery and Equipment
R516,Chennai,Hamburg,9080,26,0,Standard,1925,General Cargo
R517,Chennai,Hamburg,9155,27,1,Alternative,1960,General Cargo
R518,Chennai,Hamburg,9200,27,2,Alternative,1980,General Cargo
R519,Chennai,Hamburg,9255,28,1,Alternative,2005,General Cargo
R520,Chennai,Hamburg,9330,29,0,Standard,2040,General Cargo
R521,Chennai,Jeddah,4180,12,0,Standard,1382,Electronics
R522,Chennai,Jeddah,4255,13,1,Alternative,1418,Electronics
R523,Chennai,Jeddah,4300,13,2,Alternative,1438,Electronics
R524,Chennai,Jeddah,4355,14,1,Alternative,1462,Electronics
R525,Chennai,Jeddah,4430,15,0,Standard,1498,Electronics
R526,Chennai,Jeddah,4180,12,0,Standard,1320,Automotive
R527,Chennai,Jeddah,4255,13,1,Alternative,1355,Automotive
R528,Chennai,Jeddah,4300,13,2,Alternative,1375,Automotive
R529,Chennai,Jeddah,4355,14,1,Alternative,1400,Automotive
R530,Chennai,Jeddah,4430,15,0,Standard,1435,Automotive
R531,Chennai,Jeddah,4180,12,0,Standard,1508,Machinery and Equipment
R532,Chennai,Jeddah,4255,13,1,Alternative,1542,Machinery and Equipment
R533,Chennai,Jeddah,4300,13,2,Alternative,1562,Machinery and Equipment
R534,Chennai,Jeddah,4355,14,1,Alternative,1588,Machinery and Equipment
R535,Chennai,Jeddah,4430,15,0,Standard,1622,Machinery and Equipment
R536,Chennai,Jeddah,4180,12,0,Standard,1070,General Cargo
R537,Chennai,Jeddah,4255,13,1,Alternative,1105,General Cargo
R538,Chennai,Jeddah,4300,13,2,Alternative,1125,General Cargo
R539,Chennai,Jeddah,4355,14,1,Alternative,1150,General Cargo
R540,Chennai,Jeddah,4430,15,0,Standard,1185,General Cargo
R541,Chennai,Colombo,630,2,0,Standard,543,Electronics
R542,Chennai,Colombo,705,3,1,Alternative,578,Electronics
R543,Chennai,Colombo,750,3,2,Alternative,598,Electronics
R544,Chennai,Colombo,805,4,1,Alternative,623,Electronics
R545,Chennai,Colombo,880,5,0,Standard,658,Electronics
R546,Chennai,Colombo,630,2,0,Standard,517,Automotive
R547,Chennai,Colombo,705,3,1,Alternative,552,Automotive
R548,Chennai,Colombo,750,3,2,Alternative,572,Automotive
R549,Chennai,Colombo,805,4,1,Alternative,597,Automotive
R550,Chennai,Colombo,880,5,0,Standard,632,Automotive
R551,Chennai,Colombo,630,2,0,Standard,595,Machinery and Equipment
R552,Chennai,Colombo,705,3,1,Alternative,630,Machinery and Equipment
R553,Chennai,Colombo,750,3,2,Alternative,650,Machinery and Equipment
R554,Chennai,Colombo,805,4,1,Alternative,675,Machinery and Equipment
R555,Chennai,Colombo,880,5,0,Standard,710,Machinery and Equipment
R556,Chennai,Colombo,630,2,0,Standard,413,General Cargo
R557,Chennai,Colombo,705,3,1,Alternative,448,General Cargo
R558,Chennai,Colombo,750,3,2,Alternative,468,General Cargo
R559,Chennai,Colombo,805,4,1,Alternative,493,General Cargo
R560,Chennai,Colombo,880,5,0,Standard,528,General Cargo
R561,Mumbai,Rotterdam,7480,22,0,Standard,1957,Electronics
R562,Mumbai,Rotterdam,7555,23,1,Alternative,1992,Electronics
R563,Mumbai,Rotterdam,7600,23,2,Alternative,2012,Electronics
R564,Mumbai,Rotterdam,7655,24,1,Alternative,2037,Electronics
R565,Mumbai,Rotterdam,7730,25,0,Standard,2072,Electronics
R566,Mumbai,Rotterdam,7480,22,0,Standard,1870,Automotive
R567,Mumbai,Rotterdam,7555,23,1,Alternative,1905,Automotive
R568,Mumbai,Rotterdam,7600,23,2,Alternative,1925,Automotive
R569,Mumbai,Rotterdam,7655,24,1,Alternative,1950,Automotive
R570,Mumbai,Rotterdam,7730,25,0,Standard,1985,Automotive
R571,Mumbai,Rotterdam,7480,22,0,Standard,2132,Machinery and Equipment
R572,Mumbai,Rotterdam,7555,23,1,Alternative,2168,Machinery and Equipment
R573,Mumbai,Rotterdam,7600,23,2,Alternative,2188,Machinery and Equipment
R574,Mumbai,Rotterdam,7655,24,1,Alternative,2212,Machinery and Equipment
R575,Mumbai,Rotterdam,7730,25,0,Standard,2248,Machinery and Equipment
R576,Mumbai,Rotterdam,7480,22,0,Standard,1520,General Cargo
R577,Mumbai,Rotterdam,7555,23,1,Alternative,1555,General Cargo
R578,Mumbai,Rotterdam,7600,23,2,Alternative,1575,General Cargo
R579,Mumbai,Rotterdam,7655,24,1,Alternative,1600,General Cargo
R580,Mumbai,Rotterdam,7730,25,0,Standard,1635,General Cargo
R581,Mumbai,Singapore,3080,9,0,Standard,1152,Electronics
R582,Mumbai,Singapore,3155,10,1,Alternative,1188,Electronics
R583,Mumbai,Singapore,3200,10,2,Alternative,1208,Electronics
R584,Mumbai,Singapore,3255,11,1,Alternative,1232,Electronics
R585,Mumbai,Singapore,3330,12,0,Standard,1268,Electronics
R586,Mumbai,Singapore,3080,9,0,Standard,1100,Automotive
R587,Mumbai,Singapore,3155,10,1,Alternative,1135,Automotive
R588,Mumbai,Singapore,3200,10,2,Alternative,1155,Automotive
R589,Mumbai,Singapore,3255,11,1,Alternative,1180,Automotive
R590,Mumbai,Singapore,3330,12,0,Standard,1215,Automotive
R591,Mumbai,Singapore,3080,9,0,Standard,1258,Machinery and Equipment
R592,Mumbai,Singapore,3155,10,1,Alternative,1292,Machinery and Equipment
R593,Mumbai,Singapore,3200,10,2,Alternative,1312,Machinery and Equipment
R594,Mumbai,Singapore,3255,11,1,Alternative,1338,Machinery and Equipment
R595,Mumbai,Singapore,3330,12,0,Standard,1372,Machinery and Equipment
R596,Mumbai,Singapore,3080,9,0,Standard,890,General Cargo
R597,Mumbai,Singapore,3155,10,1,Alternative,925,General Cargo
R598,Mumbai,Singapore,3200,10,2,Alternative,945,General Cargo
R599,Mumbai,Singapore,3255,11,1,Alternative,970,General Cargo
R600,Mumbai,Singapore,3330,12,0,Standard,1005,General Cargo
R601,Mumbai,Colombo,1330,4,0,Standard,750,Electronics
R602,Mumbai,Colombo,1405,5,1,Alternative,785,Electronics
R603,Mumbai,Colombo,1450,5,2,Alternative,805,Electronics
R604,Mumbai,Colombo,1505,6,1,Alternative,830,Electronics
R605,Mumbai,Colombo,1580,7,0,Standard,865,Electronics
R606,Mumbai,Colombo,1330,4,0,Standard,715,Automotive
R607,Mumbai,Colombo,1405,5,1,Alternative,750,Automotive
R608,Mumbai,Colombo,1450,5,2,Alternative,770,Automotive
R609,Mumbai,Colombo,1505,6,1,Alternative,795,Automotive
R610,Mumbai,Colombo,1580,7,0,Standard,830,Automotive
R611,Mumbai,Colombo,1330,4,0,Standard,820,Machinery and Equipment
R612,Mumbai,Colombo,1405,5,1,Alternative,855,Machinery and Equipment
R613,Mumbai,Colombo,1450,5,2,Alternative,875,Machinery and Equipment
R614,Mumbai,Colombo,1505,6,1,Alternative,900,Machinery and Equipment
R615,Mumbai,Colombo,1580,7,0,Standard,935,Machinery and Equipment
R616,Mumbai,Colombo,1330,4,0,Standard,575,General Cargo
R617,Mumbai,Colombo,1405,5,1,Alternative,610,General Cargo
R618,Mumbai,Colombo,1450,5,2,Alternative,630,General Cargo
R619,Mumbai,Colombo,1505,6,1,Alternative,655,General Cargo
R620,Mumbai,Colombo,1580,7,0,Standard,690,General Cargo
R621,Kolkata,Rotterdam,8780,26,0,Standard,2130,Electronics
R622,Kolkata,Rotterdam,8855,27,1,Alternative,2165,Electronics
R623,Kolkata,Rotterdam,8900,27,2,Alternative,2185,Electronics
R624,Kolkata,Rotterdam,8955,28,1,Alternative,2210,Electronics
R625,Kolkata,Rotterdam,9030,29,0,Standard,2245,Electronics
R626,Kolkata,Rotterdam,8780,26,0,Standard,2035,Automotive
R627,Kolkata,Rotterdam,8855,27,1,Alternative,2070,Automotive
R628,Kolkata,Rotterdam,8900,27,2,Alternative,2090,Automotive
R629,Kolkata,Rotterdam,8955,28,1,Alternative,2115,Automotive
R630,Kolkata,Rotterdam,9030,29,0,Standard,2150,Automotive
R631,Kolkata,Rotterdam,8780,26,0,Standard,2320,Machinery and Equipment
R632,Kolkata,Rotterdam,8855,27,1,Alternative,2355,Machinery and Equipment
R633,Kolkata,Rotterdam,8900,27,2,Alternative,2375,Machinery and Equipment
R634,Kolkata,Rotterdam,8955,28,1,Alternative,2400,Machinery and Equipment
R635,Kolkata,Rotterdam,9030,29,0,Standard,2435,Machinery and Equipment
R636,Kolkata,Rotterdam,8780,26,0,Standard,1655,General Cargo
R637,Kolkata,Rotterdam,8855,27,1,Alternative,1690,General Cargo
R638,Kolkata,Rotterdam,8900,27,2,Alternative,1710,General Cargo
R639,Kolkata,Rotterdam,8955,28,1,Alternative,1735,General Cargo
R640,Kolkata,Rotterdam,9030,29,0,Standard,1770,General Cargo
R641,Kolkata,Singapore,2180,7,0,Standard,980,Electronics
R642,Kolkata,Singapore,2255,8,1,Alternative,1015,Electronics
R643,Kolkata,Singapore,2300,8,2,Alternative,1035,Electronics
R644,Kolkata,Singapore,2355,9,1,Alternative,1060,Electronics
R645,Kolkata,Singapore,2430,10,0,Standard,1095,Electronics
R646,Kolkata,Singapore,2180,7,0,Standard,935,Automotive
R647,Kolkata,Singapore,2255,8,1,Alternative,970,Automotive
R648,Kolkata,Singapore,2300,8,2,Alternative,990,Automotive
R649,Kolkata,Singapore,2355,9,1,Alternative,1015,Automotive
R650,Kolkata,Singapore,2430,10,0,Standard,1050,Automotive
R651,Kolkata,Singapore,2180,7,0,Standard,1070,Machinery and Equipment
R652,Kolkata,Singapore,2255,8,1,Alternative,1105,Machinery and Equipment
R653,Kolkata,Singapore,2300,8,2,Alternative,1125,Machinery and Equipment
R654,Kolkata,Singapore,2355,9,1,Alternative,1150,Machinery and Equipment
R655,Kolkata,Singapore,2430,10,0,Standard,1185,Machinery and Equipment
R656,Kolkata,Singapore,2180,7,0,Standard,755,General Cargo
R657,Kolkata,Singapore,2255,8,1,Alternative,790,General Cargo
R658,Kolkata,Singapore,2300,8,2,Alternative,810,General Cargo
R659,Kolkata,Singapore,2355,9,1,Alternative,835,General Cargo
R660,Kolkata,Singapore,2430,10,0,Standard,870,General Cargo
R661,Kolkata,Jeddah,5080,15,0,Standard,1612,Electronics
R662,Kolkata,Jeddah,5155,16,1,Alternative,1647,Electronics
R663,Kolkata,Jeddah,5200,16,2,Alternative,1667,Electronics
R664,Kolkata,Jeddah,5255,17,1,Alternative,1692,Electronics
R665,Kolkata,Jeddah,5330,18,0,Standard,1727,Electronics
R666,Kolkata,Jeddah,5080,15,0,Standard,1540,Automotive
R667,Kolkata,Jeddah,5155,16,1,Alternative,1575,Automotive
R668,Kolkata,Jeddah,5200,16,2,Alternative,1595,Automotive
R669,Kolkata,Jeddah,5255,17,1,Alternative,1620,Automotive
R670,Kolkata,Jeddah,5330,18,0,Standard,1655,Automotive
R671,Kolkata,Jeddah,5080,15,0,Standard,1758,Machinery and Equipment
R672,Kolkata,Jeddah,5155,16,1,Alternative,1792,Machinery and Equipment
R673,Kolkata,Jeddah,5200,16,2,Alternative,1812,Machinery and Equipment
R674,Kolkata,Jeddah,5255,17,1,Alternative,1838,Machinery and Equipment
R675,Kolkata,Jeddah,5330,18,0,Standard,1872,Machinery and Equipment
R676,Kolkata,Jeddah,5080,15,0,Standard,1250,General Cargo
R677,Kolkata,Jeddah,5155,16,1,Alternative,1285,General Cargo
R678,Kolkata,Jeddah,5200,16,2,Alternative,1305,General Cargo
R679,Kolkata,Jeddah,5255,17,1,Alternative,1330,General Cargo
R680,Kolkata,Jeddah,5330,18,0,Standard,1365,General Cargo
R681,Visakhapatnam,Rotterdam,8680,26,0,Standard,2072,Electronics
R682,Visakhapatnam,Rotterdam,8755,27,1,Alternative,2108,Electronics
R683,Visakhapatnam,Rotterdam,8800,27,2,Alternative,2128,Electronics
R684,Visakhapatnam,Rotterdam,8855,28,1,Alternative,2152,Electronics
R685,Visakhapatnam,Rotterdam,8930,29,0,Standard,2188,Electronics
R686,Visakhapatnam,Rotterdam,8680,26,0,Standard,1980,Automotive
R687,Visakhapatnam,Rotterdam,8755,27,1,Alternative,2015,Automotive
R688,Visakhapatnam,Rotterdam,8800,27,2,Alternative,2035,Automotive
R689,Visakhapatnam,Rotterdam,8855,28,1,Alternative,2060,Automotive
R690,Visakhapatnam,Rotterdam,8930,29,0,Standard,2095,Automotive
R691,Visakhapatnam,Rotterdam,8680,26,0,Standard,2258,Machinery and Equipment
R692,Visakhapatnam,Rotterdam,8755,27,1,Alternative,2292,Machinery and Equipment
R693,Visakhapatnam,Rotterdam,8800,27,2,Alternative,2312,Machinery and Equipment
R694,Visakhapatnam,Rotterdam,8855,28,1,Alternative,2338,Machinery and Equipment
R695,Visakhapatnam,Rotterdam,8930,29,0,Standard,2372,Machinery and Equipment
R696,Visakhapatnam,Rotterdam,8680,26,0,Standard,1610,General Cargo
R697,Visakhapatnam,Rotterdam,8755,27,1,Alternative,1645,General Cargo
R698,Visakhapatnam,Rotterdam,8800,27,2,Alternative,1665,General Cargo
R699,Visakhapatnam,Rotterdam,8855,28,1,Alternative,1690,General Cargo
R700,Visakhapatnam,Rotterdam,8930,29,0,Standard,1725,General Cargo
R701,Visakhapatnam,Singapore,2480,8,0,Standard,1072,Electronics
R702,Visakhapatnam,Singapore,2555,9,1,Alternative,1107,Electronics
R703,Visakhapatnam,Singapore,2600,9,2,Alternative,1127,Electronics
R704,Visakhapatnam,Singapore,2655,10,1,Alternative,1152,Electronics
R705,Visakhapatnam,Singapore,2730,11,0,Standard,1187,Electronics
R706,Visakhapatnam,Singapore,2480,8,0,Standard,1023,Automotive
R707,Visakhapatnam,Singapore,2555,9,1,Alternative,1058,Automotive
R708,Visakhapatnam,Singapore,2600,9,2,Alternative,1078,Automotive
R709,Visakhapatnam,Singapore,2655,10,1,Alternative,1103,Automotive
R710,Visakhapatnam,Singapore,2730,11,0,Standard,1138,Automotive
R711,Visakhapatnam,Singapore,2480,8,0,Standard,1170,Machinery and Equipment
R712,Visakhapatnam,Singapore,2555,9,1,Alternative,1205,Machinery and Equipment
R713,Visakhapatnam,Singapore,2600,9,2,Alternative,1225,Machinery and Equipment
R714,Visakhapatnam,Singapore,2655,10,1,Alternative,1250,Machinery and Equipment
R715,Visakhapatnam,Singapore,2730,11,0,Standard,1285,Machinery and Equipment
R716,Visakhapatnam,Singapore,2480,8,0,Standard,827,General Cargo
R717,Visakhapatnam,Singapore,2555,9,1,Alternative,862,General Cargo
R718,Visakhapatnam,Singapore,2600,9,2,Alternative,882,General Cargo
R719,Visakhapatnam,Singapore,2655,10,1,Alternative,907,General Cargo
R720,Visakhapatnam,Singapore,2730,11,0,Standard,942,General Cargo
R721,Kochi,Rotterdam,8380,25,0,Standard,2015,Electronics
R722,Kochi,Rotterdam,8455,26,1,Alternative,2050,Electronics
R723,Kochi,Rotterdam,8500,26,2,Alternative,2070,Electronics
R724,Kochi,Rotterdam,8555,27,1,Alternative,2095,Electronics
R725,Kochi,Rotterdam,8630,28,0,Standard,2130,Electronics
R726,Kochi,Rotterdam,8380,25,0,Standard,1925,Automotive
R727,Kochi,Rotterdam,8455,26,1,Alternative,1960,Automotive
R728,Kochi,Rotterdam,8500,26,2,Alternative,1980,Automotive
R729,Kochi,Rotterdam,8555,27,1,Alternative,2005,Automotive
R730,Kochi,Rotterdam,8630,28,0,Standard,2040,Automotive
R731,Kochi,Rotterdam,8380,25,0,Standard,2195,Machinery and Equipment
R732,Kochi,Rotterdam,8455,26,1,Alternative,2230,Machinery and Equipment
R733,Kochi,Rotterdam,8500,26,2,Alternative,2250,Machinery and Equipment
R734,Kochi,Rotterdam,8555,27,1,Alternative,2275,Machinery and Equipment
R735,Kochi,Rotterdam,8630,28,0,Standard,2310,Machinery and Equipment
R736,Kochi,Rotterdam,8380,25,0,Standard,1565,General Cargo
R737,Kochi,Rotterdam,8455,26,1,Alternative,1600,General Cargo
R738,Kochi,Rotterdam,8500,26,2,Alternative,1620,General Cargo
R739,Kochi,Rotterdam,8555,27,1,Alternative,1645,General Cargo
R740,Kochi,Rotterdam,8630,28,0,Standard,1680,General Cargo
R741,Kochi,Colombo,580,2,0,Standard,520,Electronics
R742,Kochi,Colombo,655,3,1,Alternative,555,Electronics
R743,Kochi,Colombo,700,3,2,Alternative,575,Electronics
R744,Kochi,Colombo,755,4,1,Alternative,600,Electronics
R745,Kochi,Colombo,830,5,0,Standard,635,Electronics
R746,Kochi,Colombo,580,2,0,Standard,495,Automotive
R747,Kochi,Colombo,655,3,1,Alternative,530,Automotive
R748,Kochi,Colombo,700,3,2,Alternative,550,Automotive
R749,Kochi,Colombo,755,4,1,Alternative,575,Automotive
R750,Kochi,Colombo,830,5,0,Standard,610,Automotive
R751,Kochi,Colombo,700,3,0,Standard,570,Machinery and Equipment
R752,Kochi,Colombo,755,4,1,Alternative,595,Machinery and Equipment
R753,Kochi,Colombo,800,4,2,Alternative,615,Machinery and Equipment
R754,Kochi,Colombo,855,5,1,Alternative,640,Machinery and Equipment
R755,Kochi,Colombo,930,6,0,Standard,675,Machinery and Equipment
R756,Kochi,Colombo,580,2,0,Standard,390,General Cargo
R757,Kochi,Colombo,655,3,1,Alternative,425,General Cargo
R758,Kochi,Colombo,700,3,2,Alternative,445,General Cargo
R759,Kochi,Colombo,755,4,1,Alternative,470,General Cargo
R760,Kochi,Colombo,830,5,0,Standard,505,General Cargo
R761,Kochi,Jeddah,3350,10,0,Standard,1195,Electronics
R762,Kochi,Jeddah,3425,11,1,Alternative,1230,Electronics
R763,Kochi,Jeddah,3470,11,2,Alternative,1250,Electronics
R764,Kochi,Jeddah,3525,12,1,Alternative,1275,Electronics
R765,Kochi,Jeddah,3600,13,0,Standard,1310,Electronics
R766,Kochi,Jeddah,3350,10,0,Standard,1140,Automotive
R767,Kochi,Jeddah,3425,11,1,Alternative,1175,Automotive
R768,Kochi,Jeddah,3470,11,2,Alternative,1195,Automotive
R769,Kochi,Jeddah,3525,12,1,Alternative,1220,Automotive
R770,Kochi,Jeddah,3600,13,0,Standard,1255,Automotive
R771,Kochi,Jeddah,3350,10,0,Standard,1325,Machinery and Equipment
R772,Kochi,Jeddah,3425,11,1,Alternative,1360,Machinery and Equipment
R773,Kochi,Jeddah,3470,11,2,Alternative,1380,Machinery and Equipment
R774,Kochi,Jeddah,3525,12,1,Alternative,1405,Machinery and Equipment
R775,Kochi,Jeddah,3600,13,0,Standard,1440,Machinery and Equipment
R776,Kochi,Jeddah,3350,10,0,Standard,920,General Cargo
R777,Kochi,Jeddah,3425,11,1,Alternative,955,General Cargo
R778,Kochi,Jeddah,3470,11,2,Alternative,975,General Cargo
R779,Kochi,Jeddah,3525,12,1,Alternative,1000,General Cargo
R780,Kochi,Jeddah,3600,13,0,Standard,1035,General Cargo
R781,Mundra,Rotterdam,7650,23,0,Standard,2015,Electronics
R782,Mundra,Rotterdam,7725,24,1,Alternative,2050,Electronics
R783,Mundra,Rotterdam,7770,24,2,Alternative,2070,Electronics
R784,Mundra,Rotterdam,7825,25,1,Alternative,2095,Electronics
R785,Mundra,Rotterdam,7900,26,0,Standard,2130,Electronics
R786,Mundra,Rotterdam,7650,23,0,Standard,1925,Automotive
R787,Mundra,Rotterdam,7725,24,1,Alternative,1960,Automotive
R788,Mundra,Rotterdam,7770,24,2,Alternative,1980,Automotive
R789,Mundra,Rotterdam,7825,25,1,Alternative,2005,Automotive
R790,Mundra,Rotterdam,7900,26,0,Standard,2040,Automotive
R791,Mundra,Rotterdam,7650,23,0,Standard,2195,Machinery and Equipment
R792,Mundra,Rotterdam,7725,24,1,Alternative,2230,Machinery and Equipment
R793,Mundra,Rotterdam,7770,24,2,Alternative,2250,Machinery and Equipment
R794,Mundra,Rotterdam,7825,25,1,Alternative,2275,Machinery and Equipment
R795,Mundra,Rotterdam,7900,26,0,Standard,2310,Machinery and Equipment
R796,Mundra,Rotterdam,7650,23,0,Standard,1565,General Cargo
R797,Mundra,Rotterdam,7725,24,1,Alternative,1600,General Cargo
R798,Mundra,Rotterdam,7770,24,2,Alternative,1620,General Cargo
R799,Mundra,Rotterdam,7825,25,1,Alternative,1645,General Cargo
R800,Mundra,Rotterdam,7900,26,0,Standard,1680,General Cargo
R801,Mundra,Singapore,3840,12,0,Standard,1285,Electronics
R802,Mundra,Singapore,3915,13,1,Alternative,1320,Electronics
R803,Mundra,Singapore,3960,13,2,Alternative,1340,Electronics
R804,Mundra,Singapore,4015,14,1,Alternative,1365,Electronics
R805,Mundra,Singapore,4090,15,0,Standard,1400,Electronics
R806,Mundra,Singapore,3840,12,0,Standard,1225,Automotive
R807,Mundra,Singapore,3915,13,1,Alternative,1260,Automotive
R808,Mundra,Singapore,3960,13,2,Alternative,1280,Automotive
R809,Mundra,Singapore,4015,14,1,Alternative,1305,Automotive
R810,Mundra,Singapore,4090,15,0,Standard,1340,Automotive
R811,Mundra,Singapore,3840,12,0,Standard,1415,Machinery and Equipment
R812,Mundra,Singapore,3915,13,1,Alternative,1450,Machinery and Equipment
R813,Mundra,Singapore,3960,13,2,Alternative,1470,Machinery and Equipment
R814,Mundra,Singapore,4015,14,1,Alternative,1495,Machinery and Equipment
R815,Mundra,Singapore,4090,15,0,Standard,1530,Machinery and Equipment
R816,Mundra,Singapore,3840,12,0,Standard,985,General Cargo
R817,Mundra,Singapore,3915,13,1,Alternative,1020,General Cargo
R818,Mundra,Singapore,3960,13,2,Alternative,1040,General Cargo
R819,Mundra,Singapore,4015,14,1,Alternative,1065,General Cargo
R820,Mundra,Singapore,4090,15,0,Standard,1100,General Cargo
R821,Mundra,Jeddah,1620,5,0,Standard,815,Electronics
R822,Mundra,Jeddah,1695,6,1,Alternative,850,Electronics
R823,Mundra,Jeddah,1740,6,2,Alternative,870,Electronics
R824,Mundra,Jeddah,1795,7,1,Alternative,895,Electronics
R825,Mundra,Jeddah,1870,8,0,Standard,930,Electronics
R826,Mundra,Jeddah,1620,5,0,Standard,775,Automotive
R827,Mundra,Jeddah,1695,6,1,Alternative,810,Automotive
R828,Mundra,Jeddah,1740,6,2,Alternative,830,Automotive
R829,Mundra,Jeddah,1795,7,1,Alternative,855,Automotive
R830,Mundra,Jeddah,1870,8,0,Standard,890,Automotive
R831,Mundra,Jeddah,1620,5,0,Standard,895,Machinery and Equipment
R832,Mundra,Jeddah,1695,6,1,Alternative,930,Machinery and Equipment
R833,Mundra,Jeddah,1740,6,2,Alternative,950,Machinery and Equipment
R834,Mundra,Jeddah,1795,7,1,Alternative,975,Machinery and Equipment
R835,Mundra,Jeddah,1870,8,0,Standard,1010,Machinery and Equipment
R836,Mundra,Jeddah,1620,5,0,Standard,585,General Cargo
R837,Mundra,Jeddah,1695,6,1,Alternative,620,General Cargo
R838,Mundra,Jeddah,1740,6,2,Alternative,640,General Cargo
R839,Mundra,Jeddah,1795,7,1,Alternative,665,General Cargo
R840,Mundra,Jeddah,1870,8,0,Standard,700,General Cargo
R841,Paradip,Rotterdam,8820,27,0,Standard,2185,Electronics
R842,Paradip,Rotterdam,8895,28,1,Alternative,2220,Electronics
R843,Paradip,Rotterdam,8940,28,2,Alternative,2240,Electronics
R844,Paradip,Rotterdam,8995,29,1,Alternative,2265,Electronics
R845,Paradip,Rotterdam,9070,30,0,Standard,2300,Electronics
R846,Paradip,Rotterdam,8820,27,0,Standard,2085,Automotive
R847,Paradip,Rotterdam,8895,28,1,Alternative,2120,Automotive
R848,Paradip,Rotterdam,8940,28,2,Alternative,2140,Automotive
R849,Paradip,Rotterdam,8995,29,1,Alternative,2165,Automotive
R850,Paradip,Rotterdam,9070,30,0,Standard,2200,Automotive
R851,Paradip,Rotterdam,8820,27,0,Standard,2385,Machinery and Equipment
R852,Paradip,Rotterdam,8895,28,1,Alternative,2420,Machinery and Equipment
R853,Paradip,Rotterdam,8940,28,2,Alternative,2440,Machinery and Equipment
R854,Paradip,Rotterdam,8995,29,1,Alternative,2465,Machinery and Equipment
R855,Paradip,Rotterdam,9070,30,0,Standard,2500,Machinery and Equipment
R856,Paradip,Rotterdam,8820,27,0,Standard,1715,General Cargo
R857,Paradip,Rotterdam,8895,28,1,Alternative,1750,General Cargo
R858,Paradip,Rotterdam,8940,28,2,Alternative,1770,General Cargo
R859,Paradip,Rotterdam,8995,29,1,Alternative,1795,General Cargo
R860,Paradip,Rotterdam,9070,30,0,Standard,1830,General Cargo
R861,Paradip,Singapore,2140,7,0,Standard,945,Electronics
R862,Paradip,Singapore,2215,8,1,Alternative,980,Electronics
R863,Paradip,Singapore,2260,8,2,Alternative,1000,Electronics
R864,Paradip,Singapore,2315,9,1,Alternative,1025,Electronics
R865,Paradip,Singapore,2390,10,0,Standard,1060,Electronics
R866,Paradip,Singapore,2140,7,0,Standard,900,Automotive
R867,Paradip,Singapore,2215,8,1,Alternative,935,Automotive
R868,Paradip,Singapore,2260,8,2,Alternative,955,Automotive
R869,Paradip,Singapore,2315,9,1,Alternative,980,Automotive
R870,Paradip,Singapore,2390,10,0,Standard,1015,Automotive
R871,Paradip,Singapore,2140,7,0,Standard,1035,Machinery and Equipment
R872,Paradip,Singapore,2215,8,1,Alternative,1070,Machinery and Equipment
R873,Paradip,Singapore,2260,8,2,Alternative,1090,Machinery and Equipment
R874,Paradip,Singapore,2315,9,1,Alternative,1115,Machinery and Equipment
R875,Paradip,Singapore,2390,10,0,Standard,1150,Machinery and Equipment
R876,Paradip,Singapore,2140,7,0,Standard,700,General Cargo
R877,Paradip,Singapore,2215,8,1,Alternative,735,General Cargo
R878,Paradip,Singapore,2260,8,2,Alternative,755,General Cargo
R879,Paradip,Singapore,2315,9,1,Alternative,780,General Cargo
R880,Paradip,Singapore,2390,10,0,Standard,815,General Cargo
R881,Paradip,Jeddah,4880,15,0,Standard,1555,Electronics
R882,Paradip,Jeddah,4955,16,1,Alternative,1590,Electronics
R883,Paradip,Jeddah,5000,16,2,Alternative,1610,Electronics
R884,Paradip,Jeddah,5055,17,1,Alternative,1635,Electronics
R885,Paradip,Jeddah,5130,18,0,Standard,1670,Electronics
R886,Paradip,Jeddah,4880,15,0,Standard,1485,Automotive
R887,Paradip,Jeddah,4955,16,1,Alternative,1520,Automotive
R888,Paradip,Jeddah,5000,16,2,Alternative,1540,Automotive
R889,Paradip,Jeddah,5055,17,1,Alternative,1565,Automotive
R890,Paradip,Jeddah,5130,18,0,Standard,1600,Automotive
R891,Paradip,Jeddah,4880,15,0,Standard,1700,Machinery and Equipment
R892,Paradip,Jeddah,4955,16,1,Alternative,1735,Machinery and Equipment
R893,Paradip,Jeddah,5000,16,2,Alternative,1755,Machinery and Equipment
R894,Paradip,Jeddah,5055,17,1,Alternative,1780,Machinery and Equipment
R895,Paradip,Jeddah,5130,18,0,Standard,1815,Machinery and Equipment
R896,Paradip,Jeddah,4880,15,0,Standard,1145,General Cargo
R897,Paradip,Jeddah,4955,16,1,Alternative,1180,General Cargo
R898,Paradip,Jeddah,5000,16,2,Alternative,1200,General Cargo
R899,Paradip,Jeddah,5055,17,1,Alternative,1225,General Cargo
R900,Paradip,Jeddah,5130,18,0,Standard,1260,General Cargo
R901,New Mangalore,Rotterdam,8650,26,0,Standard,2095,Electronics
R902,New Mangalore,Rotterdam,8725,27,1,Alternative,2130,Electronics
R903,New Mangalore,Rotterdam,8770,27,2,Alternative,2150,Electronics
R904,New Mangalore,Rotterdam,8825,28,1,Alternative,2175,Electronics
R905,New Mangalore,Rotterdam,8900,29,0,Standard,2210,Electronics
R906,New Mangalore,Rotterdam,8650,26,0,Standard,1995,Automotive
R907,New Mangalore,Rotterdam,8725,27,1,Alternative,2030,Automotive
R908,New Mangalore,Rotterdam,8770,27,2,Alternative,2050,Automotive
R909,New Mangalore,Rotterdam,8825,28,1,Alternative,2075,Automotive
R910,New Mangalore,Rotterdam,8900,29,0,Standard,2110,Automotive
R911,New Mangalore,Rotterdam,8650,26,0,Standard,2295,Machinery and Equipment
R912,New Mangalore,Rotterdam,8725,27,1,Alternative,2330,Machinery and Equipment
R913,New Mangalore,Rotterdam,8770,27,2,Alternative,2350,Machinery and Equipment
R914,New Mangalore,Rotterdam,8825,28,1,Alternative,2375,Machinery and Equipment
R915,New Mangalore,Rotterdam,8900,29,0,Standard,2410,Machinery and Equipment
R916,New Mangalore,Rotterdam,8650,26,0,Standard,1675,General Cargo
R917,New Mangalore,Rotterdam,8725,27,1,Alternative,1710,General Cargo
R918,New Mangalore,Rotterdam,8770,27,2,Alternative,1730,General Cargo
R919,New Mangalore,Rotterdam,8825,28,1,Alternative,1755,General Cargo
R920,New Mangalore,Rotterdam,8900,29,0,Standard,1790,General Cargo
R921,New Mangalore,Singapore,3120,9,0,Standard,1125,Electronics
R922,New Mangalore,Singapore,3195,10,1,Alternative,1160,Electronics
R923,New Mangalore,Singapore,3240,10,2,Alternative,1180,Electronics
R924,New Mangalore,Singapore,3295,11,1,Alternative,1205,Electronics
R925,New Mangalore,Singapore,3370,12,0,Standard,1240,Electronics
R926,New Mangalore,Singapore,3120,9,0,Standard,1075,Automotive
R927,New Mangalore,Singapore,3195,10,1,Alternative,1110,Automotive
R928,New Mangalore,Singapore,3240,10,2,Alternative,1130,Automotive
R929,New Mangalore,Singapore,3295,11,1,Alternative,1155,Automotive
R930,New Mangalore,Singapore,3370,12,0,Standard,1190,Automotive
R931,New Mangalore,Singapore,3120,9,0,Standard,1235,Machinery and Equipment
R932,New Mangalore,Singapore,3195,10,1,Alternative,1270,Machinery and Equipment
R933,New Mangalore,Singapore,3240,10,2,Alternative,1290,Machinery and Equipment
R934,New Mangalore,Singapore,3295,11,1,Alternative,1315,Machinery and Equipment
R935,New Mangalore,Singapore,3370,12,0,Standard,1350,Machinery and Equipment
R936,New Mangalore,Singapore,3120,9,0,Standard,865,General Cargo
R937,New Mangalore,Singapore,3195,10,1,Alternative,900,General Cargo
R938,New Mangalore,Singapore,3240,10,2,Alternative,920,General Cargo
R939,New Mangalore,Singapore,3295,11,1,Alternative,945,General Cargo
R940,New Mangalore,Singapore,3370,12,0,Standard,980,General Cargo
R941,New Mangalore,Jeddah,3380,10,0,Standard,1215,Electronics
R942,New Mangalore,Jeddah,3455,11,1,Alternative,1250,Electronics
R943,New Mangalore,Jeddah,3500,11,2,Alternative,1270,Electronics
R944,New Mangalore,Jeddah,3555,12,1,Alternative,1295,Electronics
R945,New Mangalore,Jeddah,3630,13,0,Standard,1330,Electronics
R946,New Mangalore,Jeddah,3380,10,0,Standard,1160,Automotive
R947,New Mangalore,Jeddah,3455,11,1,Alternative,1195,Automotive
R948,New Mangalore,Jeddah,3500,11,2,Alternative,1215,Automotive
R949,New Mangalore,Jeddah,3555,12,1,Alternative,1240,Automotive
R950,New Mangalore,Jeddah,3630,13,0,Standard,1275,Automotive
R951,New Mangalore,Jeddah,3380,10,0,Standard,1345,Machinery and Equipment
R952,New Mangalore,Jeddah,3455,11,1,Alternative,1380,Machinery and Equipment
R953,New Mangalore,Jeddah,3500,11,2,Alternative,1400,Machinery and Equipment
R954,New Mangalore,Jeddah,3555,12,1,Alternative,1425,Machinery and Equipment
R955,New Mangalore,Jeddah,3630,13,0,Standard,1460,Machinery and Equipment
R956,New Mangalore,Jeddah,3380,10,0,Standard,940,General Cargo
R957,New Mangalore,Jeddah,3455,11,1,Alternative,975,General Cargo
R958,New Mangalore,Jeddah,3500,11,2,Alternative,995,General Cargo
R959,New Mangalore,Jeddah,3555,12,1,Alternative,1020,General Cargo
R960,New Mangalore,Jeddah,3630,13,0,Standard,1055,General Cargo
R961,Pipavav,Rotterdam,7420,23,0,Standard,1945,Electronics
R962,Pipavav,Rotterdam,7495,24,1,Alternative,1980,Electronics
R963,Pipavav,Rotterdam,7540,24,2,Alternative,2000,Electronics
R964,Pipavav,Rotterdam,7595,25,1,Alternative,2025,Electronics
R965,Pipavav,Rotterdam,7670,26,0,Standard,2060,Electronics
R966,Pipavav,Rotterdam,7420,23,0,Standard,1855,Automotive
R967,Pipavav,Rotterdam,7495,24,1,Alternative,1890,Automotive
R968,Pipavav,Rotterdam,7540,24,2,Alternative,1910,Automotive
R969,Pipavav,Rotterdam,7595,25,1,Alternative,1935,Automotive
R970,Pipavav,Rotterdam,7670,26,0,Standard,1970,Automotive
R971,Pipavav,Rotterdam,7420,23,0,Standard,2115,Machinery and Equipment
R972,Pipavav,Rotterdam,7495,24,1,Alternative,2150,Machinery and Equipment
R973,Pipavav,Rotterdam,7540,24,2,Alternative,2170,Machinery and Equipment
R974,Pipavav,Rotterdam,7595,25,1,Alternative,2195,Machinery and Equipment
R975,Pipavav,Rotterdam,7670,26,0,Standard,2230,Machinery and Equipment
R976,Pipavav,Rotterdam,7420,23,0,Standard,1475,General Cargo
R977,Pipavav,Rotterdam,7495,24,1,Alternative,1510,General Cargo
R978,Pipavav,Rotterdam,7540,24,2,Alternative,1530,General Cargo
R979,Pipavav,Rotterdam,7595,25,1,Alternative,1555,General Cargo
R980,Pipavav,Rotterdam,7670,26,0,Standard,1590,General Cargo
R981,Pipavav,Singapore,3650,11,0,Standard,1225,Electronics
R982,Pipavav,Singapore,3725,12,1,Alternative,1260,Electronics
R983,Pipavav,Singapore,3770,12,2,Alternative,1280,Electronics
R984,Pipavav,Singapore,3825,13,1,Alternative,1305,Electronics
R985,Pipavav,Singapore,3900,14,0,Standard,1340,Electronics
R986,Pipavav,Singapore,3650,11,0,Standard,1165,Automotive
R987,Pipavav,Singapore,3725,12,1,Alternative,1200,Automotive
R988,Pipavav,Singapore,3770,12,2,Alternative,1220,Automotive
R989,Pipavav,Singapore,3825,13,1,Alternative,1245,Automotive
R990,Pipavav,Singapore,3900,14,0,Standard,1280,Automotive
R991,Pipavav,Singapore,3650,11,0,Standard,1355,Machinery and Equipment
R992,Pipavav,Singapore,3725,12,1,Alternative,1390,Machinery and Equipment
R993,Pipavav,Singapore,3770,12,2,Alternative,1410,Machinery and Equipment
R994,Pipavav,Singapore,3825,13,1,Alternative,1435,Machinery and Equipment
R995,Pipavav,Singapore,3900,14,0,Standard,1470,Machinery and Equipment
R996,Pipavav,Singapore,3650,11,0,Standard,925,General Cargo
R997,Pipavav,Singapore,3725,12,1,Alternative,960,General Cargo
R998,Pipavav,Singapore,3770,12,2,Alternative,980,General Cargo
R999,Pipavav,Singapore,3825,13,1,Alternative,1005,General Cargo
R1000,Pipavav,Singapore,3900,14,0,Standard,1040,General Cargo
R1001,Pipavav,Jeddah,1780,6,0,Standard,835,Electronics
R1002,Pipavav,Jeddah,1855,7,1,Alternative,870,Electronics
R1003,Pipavav,Jeddah,1900,7,2,Alternative,890,Electronics
R1004,Pipavav,Jeddah,1955,8,1,Alternative,915,Electronics
R1005,Pipavav,Jeddah,2030,9,0,Standard,950,Electronics
R1006,Pipavav,Jeddah,1780,6,0,Standard,795,Automotive
R1007,Pipavav,Jeddah,1855,7,1,Alternative,830,Automotive
R1008,Pipavav,Jeddah,1900,7,2,Alternative,850,Automotive
R1009,Pipavav,Jeddah,1955,8,1,Alternative,875,Automotive
R1010,Pipavav,Jeddah,2030,9,0,Standard,910,Automotive
R1011,Pipavav,Jeddah,1780,6,0,Standard,915,Machinery and Equipment
R1012,Pipavav,Jeddah,1855,7,1,Alternative,950,Machinery and Equipment
R1013,Pipavav,Jeddah,1900,7,2,Alternative,970,Machinery and Equipment
R1014,Pipavav,Jeddah,1955,8,1,Alternative,995,Machinery and Equipment
R1015,Pipavav,Jeddah,2030,9,0,Standard,1030,Machinery and Equipment
R1016,Pipavav,Jeddah,1780,6,0,Standard,605,General Cargo
R1017,Pipavav,Jeddah,1855,7,1,Alternative,640,General Cargo
R1018,Pipavav,Jeddah,1900,7,2,Alternative,660,General Cargo
R1019,Pipavav,Jeddah,1955,8,1,Alternative,685,General Cargo
R1020,Pipavav,Jeddah,2030,9,0,Standard,720,General Cargo
R1021,Pipavav,Colombo,1870,6,0,Standard,825,Electronics
R1022,Pipavav,Colombo,1945,7,1,Alternative,860,Electronics
R1023,Pipavav,Colombo,1990,7,2,Alternative,880,Electronics
R1024,Pipavav,Colombo,2045,8,1,Alternative,905,Electronics
R1025,Pipavav,Colombo,2120,9,0,Standard,940,Electronics
R1026,Pipavav,Colombo,1870,6,0,Standard,785,Automotive
R1027,Pipavav,Colombo,1945,7,1,Alternative,820,Automotive
R1028,Pipavav,Colombo,1990,7,2,Alternative,840,Automotive
R1029,Pipavav,Colombo,2045,8,1,Alternative,865,Automotive
R1030,Pipavav,Colombo,2120,9,0,Standard,900,Automotive
R1031,Pipavav,Colombo,1870,6,0,Standard,905,Machinery and Equipment
R1032,Pipavav,Colombo,1945,7,1,Alternative,940,Machinery and Equipment
R1033,Pipavav,Colombo,1990,7,2,Alternative,960,Machinery and Equipment
R1034,Pipavav,Colombo,2045,8,1,Alternative,985,Machinery and Equipment
R1035,Pipavav,Colombo,2120,9,0,Standard,1020,Machinery and Equipment
R1036,Pipavav,Colombo,1870,6,0,Standard,595,General Cargo
R1037,Pipavav,Colombo,1945,7,1,Alternative,630,General Cargo
R1038,Pipavav,Colombo,1990,7,2,Alternative,650,General Cargo
R1039,Pipavav,Colombo,2045,8,1,Alternative,675,General Cargo
R1040,Pipavav,Colombo,2120,9,0,Standard,710,General Cargo
R1041,Pipavav,Port Said,3380,10,0,Standard,1215,Electronics
R1042,Pipavav,Port Said,3455,11,1,Alternative,1250,Electronics
R1043,Pipavav,Port Said,3500,11,2,Alternative,1270,Electronics
R1044,Pipavav,Port Said,3555,12,1,Alternative,1295,Electronics
R1045,Pipavav,Port Said,3630,13,0,Standard,1330,Electronics
R1046,Pipavav,Port Said,3380,10,0,Standard,1160,Automotive
R1047,Pipavav,Port Said,3455,11,1,Alternative,1195,Automotive
R1048,Pipavav,Port Said,3500,11,2,Alternative,1215,Automotive
R1049,Pipavav,Port Said,3555,12,1,Alternative,1240,Automotive
R1050,Pipavav,Port Said,3630,13,0,Standard,1275,Automotive
R1051,Pipavav,Port Said,3380,10,0,Standard,1345,Machinery and Equipment
R1052,Pipavav,Port Said,3455,11,1,Alternative,1380,Machinery and Equipment
R1053,Pipavav,Port Said,3500,11,2,Alternative,1400,Machinery and Equipment
R1054,Pipavav,Port Said,3555,12,1,Alternative,1425,Machinery and Equipment
R1055,Pipavav,Port Said,3630,13,0,Standard,1460,Machinery and Equipment
R1056,Pipavav,Port Said,3380,10,0,Standard,940,General Cargo
R1057,Pipavav,Port Said,3455,11,1,Alternative,975,General Cargo
R1058,Pipavav,Port Said,3500,11,2,Alternative,995,General Cargo
R1059,Pipavav,Port Said,3555,12,1,Alternative,1020,General Cargo
R1060,Pipavav,Port Said,3630,13,0,Standard,1055,General Cargo
R1061,Tuticorin,Rotterdam,8920,27,0,Standard,2215,Electronics
R1062,Tuticorin,Rotterdam,8995,28,1,Alternative,2250,Electronics
R1063,Tuticorin,Rotterdam,9040,28,2,Alternative,2270,Electronics
R1064,Tuticorin,Rotterdam,9095,29,1,Alternative,2295,Electronics
R1065,Tuticorin,Rotterdam,9170,30,0,Standard,2330,Electronics
R1066,Tuticorin,Rotterdam,8920,27,0,Standard,2115,Automotive
R1067,Tuticorin,Rotterdam,8995,28,1,Alternative,2150,Automotive
R1068,Tuticorin,Rotterdam,9040,28,2,Alternative,2170,Automotive
R1069,Tuticorin,Rotterdam,9095,29,1,Alternative,2195,Automotive
R1070,Tuticorin,Rotterdam,9170,30,0,Standard,2230,Automotive
R1071,Tuticorin,Rotterdam,8920,27,0,Standard,2415,Machinery and Equipment
R1072,Tuticorin,Rotterdam,8995,28,1,Alternative,2450,Machinery and Equipment
R1073,Tuticorin,Rotterdam,9040,28,2,Alternative,2470,Machinery and Equipment
R1074,Tuticorin,Rotterdam,9095,29,1,Alternative,2495,Machinery and Equipment
R1075,Tuticorin,Rotterdam,9170,30,0,Standard,2530,Machinery and Equipment
R1076,Tuticorin,Rotterdam,8920,27,0,Standard,1745,General Cargo
R1077,Tuticorin,Rotterdam,8995,28,1,Alternative,1780,General Cargo
R1078,Tuticorin,Rotterdam,9040,28,2,Alternative,1800,General Cargo
R1079,Tuticorin,Rotterdam,9095,29,1,Alternative,1825,General Cargo
R1080,Tuticorin,Rotterdam,9170,30,0,Standard,1860,General Cargo
R1081,Tuticorin,Singapore,2160,7,0,Standard,955,Electronics
R1082,Tuticorin,Singapore,2235,8,1,Alternative,990,Electronics
R1083,Tuticorin,Singapore,2280,8,2,Alternative,1010,Electronics
R1084,Tuticorin,Singapore,2335,9,1,Alternative,1035,Electronics
R1085,Tuticorin,Singapore,2410,10,0,Standard,1070,Electronics
R1086,Tuticorin,Singapore,2160,7,0,Standard,910,Automotive
R1087,Tuticorin,Singapore,2235,8,1,Alternative,945,Automotive
R1088,Tuticorin,Singapore,2280,8,2,Alternative,965,Automotive
R1089,Tuticorin,Singapore,2335,9,1,Alternative,990,Automotive
R1090,Tuticorin,Singapore,2410,10,0,Standard,1025,Automotive
R1091,Tuticorin,Singapore,2160,7,0,Standard,1045,Machinery and Equipment
R1092,Tuticorin,Singapore,2235,8,1,Alternative,1080,Machinery and Equipment
R1093,Tuticorin,Singapore,2280,8,2,Alternative,1100,Machinery and Equipment
R1094,Tuticorin,Singapore,2335,9,1,Alternative,1125,Machinery and Equipment
R1095,Tuticorin,Singapore,2410,10,0,Standard,1160,Machinery and Equipment
R1096,Tuticorin,Singapore,2160,7,0,Standard,700,General Cargo
R1097,Tuticorin,Singapore,2235,8,1,Alternative,735,General Cargo
R1098,Tuticorin,Singapore,2280,8,2,Alternative,755,General Cargo
R1099,Tuticorin,Singapore,2335,9,1,Alternative,780,General Cargo
R1100,Tuticorin,Singapore,2410,10,0,Standard,815,General Cargo
R1101,Tuticorin,Jeddah,3920,12,0,Standard,1325,Electronics
R1102,Tuticorin,Jeddah,3995,13,1,Alternative,1360,Electronics
R1103,Tuticorin,Jeddah,4040,13,2,Alternative,1380,Electronics
R1104,Tuticorin,Jeddah,4095,14,1,Alternative,1405,Electronics
R1105,Tuticorin,Jeddah,4170,15,0,Standard,1440,Electronics
R1106,Tuticorin,Jeddah,3920,12,0,Standard,1265,Automotive
R1107,Tuticorin,Jeddah,3995,13,1,Alternative,1300,Automotive
R1108,Tuticorin,Jeddah,4040,13,2,Alternative,1320,Automotive
R1109,Tuticorin,Jeddah,4095,14,1,Alternative,1345,Automotive
R1110,Tuticorin,Jeddah,4170,15,0,Standard,1380,Automotive
R1111,Tuticorin,Jeddah,3920,12,0,Standard,1475,Machinery and Equipment
R1112,Tuticorin,Jeddah,3995,13,1,Alternative,1510,Machinery and Equipment
R1113,Tuticorin,Jeddah,4040,13,2,Alternative,1530,Machinery and Equipment
R1114,Tuticorin,Jeddah,4095,14,1,Alternative,1555,Machinery and Equipment
R1115,Tuticorin,Jeddah,4170,15,0,Standard,1590,Machinery and Equipment
R1116,Tuticorin,Jeddah,3920,12,0,Standard,1015,General Cargo
R1117,Tuticorin,Jeddah,3995,13,1,Alternative,1050,General Cargo
R1118,Tuticorin,Jeddah,4040,13,2,Alternative,1070,General Cargo
R1119,Tuticorin,Jeddah,4095,14,1,Alternative,1095,General Cargo
R1120,Tuticorin,Jeddah,4170,15,0,Standard,1130,General Cargo
R1121,Tuticorin,Colombo,450,2,0,Standard,495,Electronics
R1122,Tuticorin,Colombo,525,3,1,Alternative,530,Electronics
R1123,Tuticorin,Colombo,570,3,2,Alternative,550,Electronics
R1124,Tuticorin,Colombo,625,4,1,Alternative,575,Electronics
R1125,Tuticorin,Colombo,700,5,0,Standard,610,Electronics
R1126,Tuticorin,Colombo,450,2,0,Standard,470,Automotive
R1127,Tuticorin,Colombo,525,3,1,Alternative,505,Automotive
R1128,Tuticorin,Colombo,570,3,2,Alternative,525,Automotive
R1129,Tuticorin,Colombo,625,4,1,Alternative,550,Automotive
R1130,Tuticorin,Colombo,700,5,0,Standard,585,Automotive
R1131,Tuticorin,Colombo,450,2,0,Standard,570,Machinery and Equipment
R1132,Tuticorin,Colombo,525,3,1,Alternative,605,Machinery and Equipment
R1133,Tuticorin,Colombo,570,3,2,Alternative,625,Machinery and Equipment
R1134,Tuticorin,Colombo,625,4,1,Alternative,650,Machinery and Equipment
R1135,Tuticorin,Colombo,700,5,0,Standard,685,Machinery and Equipment
R1136,Tuticorin,Colombo,450,2,0,Standard,360,General Cargo
R1137,Tuticorin,Colombo,525,3,1,Alternative,395,General Cargo
R1138,Tuticorin,Colombo,570,3,2,Alternative,415,General Cargo
R1139,Tuticorin,Colombo,625,4,1,Alternative,440,General Cargo
R1140,Tuticorin,Colombo,700,5,0,Standard,475,General Cargo
R1141,Nhava Sheva,Rotterdam,7580,23,0,Standard,1985,Electronics
R1142,Nhava Sheva,Rotterdam,7655,24,1,Alternative,2020,Electronics
R1143,Nhava Sheva,Rotterdam,7700,24,2,Alternative,2040,Electronics
R1144,Nhava Sheva,Rotterdam,7755,25,1,Alternative,2065,Electronics
R1145,Nhava Sheva,Rotterdam,7830,26,0,Standard,2100,Electronics
R1146,Nhava Sheva,Rotterdam,7580,23,0,Standard,1895,Automotive
R1147,Nhava Sheva,Rotterdam,7655,24,1,Alternative,1930,Automotive
R1148,Nhava Sheva,Rotterdam,7700,24,2,Alternative,1950,Automotive
R1149,Nhava Sheva,Rotterdam,7755,25,1,Alternative,1975,Automotive
R1150,Nhava Sheva,Rotterdam,7830,26,0,Standard,2010,Automotive
R1151,Nhava Sheva,Rotterdam,7580,23,0,Standard,2165,Machinery and Equipment
R1152,Nhava Sheva,Rotterdam,7655,24,1,Alternative,2200,Machinery and Equipment
R1153,Nhava Sheva,Rotterdam,7700,24,2,Alternative,2220,Machinery and Equipment
R1154,Nhava Sheva,Rotterdam,7755,25,1,Alternative,2245,Machinery and Equipment
R1155,Nhava Sheva,Rotterdam,7830,26,0,Standard,2280,Machinery and Equipment
R1156,Nhava Sheva,Rotterdam,7580,23,0,Standard,1515,General Cargo
R1157,Nhava Sheva,Rotterdam,7655,24,1,Alternative,1550,General Cargo
R1158,Nhava Sheva,Rotterdam,7700,24,2,Alternative,1570,General Cargo
R1159,Nhava Sheva,Rotterdam,7755,25,1,Alternative,1595,General Cargo
R1160,Nhava Sheva,Rotterdam,7830,26,0,Standard,1630,General Cargo
R1161,Nhava Sheva,Singapore,3040,9,0,Standard,1125,Electronics
R1162,Nhava Sheva,Singapore,3115,10,1,Alternative,1160,Electronics
R1163,Nhava Sheva,Singapore,3160,10,2,Alternative,1180,Electronics
R1164,Nhava Sheva,Singapore,3215,11,1,Alternative,1205,Electronics
R1165,Nhava Sheva,Singapore,3290,12,0,Standard,1240,Electronics
R1166,Nhava Sheva,Singapore,3040,9,0,Standard,1075,Automotive
R1167,Nhava Sheva,Singapore,3115,10,1,Alternative,1110,Automotive
R1168,Nhava Sheva,Singapore,3160,10,2,Alternative,1130,Automotive
R1169,Nhava Sheva,Singapore,3215,11,1,Alternative,1155,Automotive
R1170,Nhava Sheva,Singapore,3290,12,0,Standard,1190,Automotive
R1171,Nhava Sheva,Singapore,3040,9,0,Standard,1235,Machinery and Equipment
R1172,Nhava Sheva,Singapore,3115,10,1,Alternative,1270,Machinery and Equipment
R1173,Nhava Sheva,Singapore,3160,10,2,Alternative,1290,Machinery and Equipment
R1174,Nhava Sheva,Singapore,3215,11,1,Alternative,1315,Machinery and Equipment
R1175,Nhava Sheva,Singapore,3290,12,0,Standard,1350,Machinery and Equipment
R1176,Nhava Sheva,Singapore,3040,9,0,Standard,865,General Cargo
R1177,Nhava Sheva,Singapore,3115,10,1,Alternative,900,General Cargo
R1178,Nhava Sheva,Singapore,3160,10,2,Alternative,920,General Cargo
R1179,Nhava Sheva,Singapore,3215,11,1,Alternative,945,General Cargo
R1180,Nhava Sheva,Singapore,3290,12,0,Standard,980,General Cargo
R1181,Nhava Sheva,Jeddah,1670,5,0,Standard,805,Electronics
R1182,Nhava Sheva,Jeddah,1745,6,1,Alternative,840,Electronics
R1183,Nhava Sheva,Jeddah,1790,6,2,Alternative,860,Electronics
R1184,Nhava Sheva,Jeddah,1845,7,1,Alternative,885,Electronics
R1185,Nhava Sheva,Jeddah,1920,8,0,Standard,920,Electronics
R1186,Nhava Sheva,Jeddah,1670,5,0,Standard,765,Automotive
R1187,Nhava Sheva,Jeddah,1745,6,1,Alternative,800,Automotive
R1188,Nhava Sheva,Jeddah,1790,6,2,Alternative,820,Automotive
R1189,Nhava Sheva,Jeddah,1845,7,1,Alternative,845,Automotive
R1190,Nhava Sheva,Jeddah,1920,8,0,Standard,880,Automotive
R1191,Nhava Sheva,Jeddah,1670,5,0,Standard,885,Machinery and Equipment
R1192,Nhava Sheva,Jeddah,1745,6,1,Alternative,920,Machinery and Equipment
R1193,Nhava Sheva,Jeddah,1790,6,2,Alternative,940,Machinery and Equipment
R1194,Nhava Sheva,Jeddah,1845,7,1,Alternative,965,Machinery and Equipment
R1195,Nhava Sheva,Jeddah,1920,8,0,Standard,1000,Machinery and Equipment
R1196,Nhava Sheva,Jeddah,1670,5,0,Standard,575,General Cargo
R1197,Nhava Sheva,Jeddah,1745,6,1,Alternative,610,General Cargo
R1198,Nhava Sheva,Jeddah,1790,6,2,Alternative,630,General Cargo
R1199,Nhava Sheva,Jeddah,1845,7,1,Alternative,655,General Cargo
R1200,Nhava Sheva,Jeddah,1920,8,0,Standard,690,General Cargo
R1201,Nhava Sheva,Colombo,1320,4,0,Standard,735,Electronics
R1202,Nhava Sheva,Colombo,1395,5,1,Alternative,770,Electronics
R1203,Nhava Sheva,Colombo,1440,5,2,Alternative,790,Electronics
R1204,Nhava Sheva,Colombo,1495,6,1,Alternative,815,Electronics
R1205,Nhava Sheva,Colombo,1570,7,0,Standard,850,Electronics
R1206,Nhava Sheva,Colombo,1320,4,0,Standard,700,Automotive
R1207,Nhava Sheva,Colombo,1395,5,1,Alternative,735,Automotive
R1208,Nhava Sheva,Colombo,1440,5,2,Alternative,755,Automotive
R1209,Nhava Sheva,Colombo,1495,6,1,Alternative,780,Automotive
R1210,Nhava Sheva,Colombo,1570,7,0,Standard,815,Automotive
R1211,Nhava Sheva,Colombo,1320,4,0,Standard,805,Machinery and Equipment
R1212,Nhava Sheva,Colombo,1395,5,1,Alternative,840,Machinery and Equipment
R1213,Nhava Sheva,Colombo,1440,5,2,Alternative,860,Machinery and Equipment
R1214,Nhava Sheva,Colombo,1495,6,1,Alternative,885,Machinery and Equipment
R1215,Nhava Sheva,Colombo,1570,7,0,Standard,920,Machinery and Equipment
R1216,Nhava Sheva,Colombo,1320,4,0,Standard,545,General Cargo
R1217,Nhava Sheva,Colombo,1395,5,1,Alternative,580,General Cargo
R1218,Nhava Sheva,Colombo,1440,5,2,Alternative,600,General Cargo
R1219,Nhava Sheva,Colombo,1495,6,1,Alternative,625,General Cargo
R1220,Nhava Sheva,Colombo,1570,7,0,Standard,660,General Cargo
R1221,Kandla,Rotterdam,7520,23,0,Standard,1965,Electronics
R1222,Kandla,Rotterdam,7595,24,1,Alternative,2000,Electronics
R1223,Kandla,Rotterdam,7640,24,2,Alternative,2020,Electronics
R1224,Kandla,Rotterdam,7695,25,1,Alternative,2045,Electronics
R1225,Kandla,Rotterdam,7770,26,0,Standard,2080,Electronics
R1226,Kandla,Rotterdam,7520,23,0,Standard,1875,Automotive
R1227,Kandla,Rotterdam,7595,24,1,Alternative,1910,Automotive
R1228,Kandla,Rotterdam,7640,24,2,Alternative,1930,Automotive
R1229,Kandla,Rotterdam,7695,25,1,Alternative,1955,Automotive
R1230,Kandla,Rotterdam,7770,26,0,Standard,1990,Automotive
R1231,Kandla,Rotterdam,7520,23,0,Standard,2155,Machinery and Equipment
R1232,Kandla,Rotterdam,7595,24,1,Alternative,2190,Machinery and Equipment
R1233,Kandla,Rotterdam,7640,24,2,Alternative,2210,Machinery and Equipment
R1234,Kandla,Rotterdam,7695,25,1,Alternative,2235,Machinery and Equipment
R1235,Kandla,Rotterdam,7770,26,0,Standard,2270,Machinery and Equipment
R1236,Kandla,Rotterdam,7520,23,0,Standard,1505,General Cargo
R1237,Kandla,Rotterdam,7595,24,1,Alternative,1540,General Cargo
R1238,Kandla,Rotterdam,7640,24,2,Alternative,1560,General Cargo
R1239,Kandla,Rotterdam,7695,25,1,Alternative,1585,General Cargo
R1240,Kandla,Rotterdam,7770,26,0,Standard,1620,General Cargo
R1241,Kandla,Singapore,3720,11,0,Standard,1245,Electronics
R1242,Kandla,Singapore,3795,12,1,Alternative,1280,Electronics
R1243,Kandla,Singapore,3840,12,2,Alternative,1300,Electronics
R1244,Kandla,Singapore,3895,13,1,Alternative,1325,Electronics
R1245,Kandla,Singapore,3970,14,0,Standard,1360,Electronics
R1246,Kandla,Singapore,3720,11,0,Standard,1185,Automotive
R1247,Kandla,Singapore,3795,12,1,Alternative,1220,Automotive
R1248,Kandla,Singapore,3840,12,2,Alternative,1240,Automotive
R1249,Kandla,Singapore,3895,13,1,Alternative,1265,Automotive
R1250,Kandla,Singapore,3970,14,0,Standard,1300,Automotive
R1251,Kandla,Jeddah,1870,8,0,Standard,2040,Machinery and Equipment
R1252,Kandla,Jeddah,1925,8,1,Alternative,2105,Machinery and Equipment
R1253,Kandla,Jeddah,2000,9,2,Alternative,1960,Machinery and Equipment
R1254,Kandla,Jeddah,2075,9,1,Alternative,2090,Machinery and Equipment
R1255,Kandla,Jeddah,2150,10,0,Standard,2070,Machinery and Equipment
R1256,Kandla,Jeddah,1870,8,0,Standard,1580,General Cargo
R1257,Kandla,Jeddah,1925,8,1,Alternative,1645,General Cargo
R1258,Kandla,Jeddah,2000,9,2,Alternative,1540,General Cargo
R1259,Kandla,Jeddah,2075,9,1,Alternative,1670,General Cargo
R1260,Kandla,Jeddah,2150,10,0,Standard,1610,General Cargo
R1261,Kandla,Colombo,2400,10,0,Standard,1900,Electronics
R1262,Kandla,Colombo,2475,11,1,Alternative,1955,Electronics
R1263,Kandla,Colombo,2520,11,2,Alternative,1865,Electronics
R1264,Kandla,Colombo,2575,12,1,Alternative,1980,Electronics
R1265,Kandla,Colombo,2650,13,0,Standard,1925,Electronics
R1266,Kandla,Colombo,2400,10,0,Standard,2120,Automotive
R1267,Kandla,Colombo,2475,11,1,Alternative,2175,Automotive
R1268,Kandla,Colombo,2520,11,2,Alternative,2085,Automotive
R1269,Kandla,Colombo,2575,12,1,Alternative,2200,Automotive
R1270,Kandla,Colombo,2650,13,0,Standard,2145,Automotive
R1271,Kandla,Colombo,2400,10,0,Standard,2140,Machinery and Equipment
R1272,Kandla,Colombo,2475,11,1,Alternative,2195,Machinery and Equipment
R1273,Kandla,Colombo,2520,11,2,Alternative,2105,Machinery and Equipment
R1274,Kandla,Colombo,2575,12,1,Alternative,2220,Machinery and Equipment
R1275,Kandla,Colombo,2650,13,0,Standard,2165,Machinery and Equipment
R1276,Kandla,Colombo,2400,10,0,Standard,1580,General Cargo
R1277,Kandla,Colombo,2475,11,1,Alternative,1635,General Cargo
R1278,Kandla,Colombo,2520,11,2,Alternative,1545,General Cargo
R1279,Kandla,Colombo,2575,12,1,Alternative,1660,General Cargo
R1280,Kandla,Colombo,2650,13,0,Standard,1605,General Cargo
R1281,Kandla,Port Klang,2850,12,0,Standard,1925,Electronics
R1282,Kandla,Port Klang,2925,13,1,Alternative,1980,Electronics
R1283,Kandla,Port Klang,2970,13,2,Alternative,1890,Electronics
R1284,Kandla,Port Klang,3025,14,1,Alternative,2005,Electronics
R1285,Kandla,Port Klang,3100,15,0,Standard,1950,Electronics
R1286,Kandla,Port Klang,2850,12,0,Standard,2145,Automotive
R1287,Kandla,Port Klang,2925,13,1,Alternative,2200,Automotive
R1288,Kandla,Port Klang,2970,13,2,Alternative,2110,Automotive
R1289,Kandla,Port Klang,3025,14,1,Alternative,2225,Automotive
R1290,Kandla,Port Klang,3100,15,0,Standard,2170,Automotive
R1291,Kandla,Port Klang,2850,12,0,Standard,2165,Machinery and Equipment
R1292,Kandla,Port Klang,2925,13,1,Alternative,2220,Machinery and Equipment
R1293,Kandla,Port Klang,2970,13,2,Alternative,2130,Machinery and Equipment
R1294,Kandla,Port Klang,3025,14,1,Alternative,2245,Machinery and Equipment
R1295,Kandla,Port Klang,3100,15,0,Standard,2190,Machinery and Equipment
R1296,Kandla,Port Klang,2850,12,0,Standard,1605,General Cargo
R1297,Kandla,Port Klang,2925,13,1,Alternative,1660,General Cargo
R1298,Kandla,Port Klang,2970,13,2,Alternative,1570,General Cargo
R1299,Kandla,Port Klang,3025,14,1,Alternative,1685,General Cargo
R1300,Kandla,Port Klang,3100,15,0,Standard,1630,General Cargo
R1301,Kandla,Piraeus,4300,18,0,Standard,1950,Electronics
R1302,Kandla,Piraeus,4375,19,1,Alternative,2005,Electronics
R1303,Kandla,Piraeus,4420,19,2,Alternative,1915,Electronics
R1304,Kandla,Piraeus,4475,20,1,Alternative,2030,Electronics
R1305,Kandla,Piraeus,4550,21,0,Standard,1975,Electronics
R1306,Kandla,Piraeus,4300,18,0,Standard,2170,Automotive
R1307,Kandla,Piraeus,4375,19,1,Alternative,2225,Automotive
R1308,Kandla,Piraeus,4420,19,2,Alternative,2135,Automotive
R1309,Kandla,Piraeus,4475,20,1,Alternative,2250,Automotive
R1310,Kandla,Piraeus,4550,21,0,Standard,2195,Automotive
R1311,Kandla,Piraeus,4300,18,0,Standard,2190,Machinery and Equipment
R1312,Kandla,Piraeus,4375,19,1,Alternative,2245,Machinery and Equipment
R1313,Kandla,Piraeus,4420,19,2,Alternative,2155,Machinery and Equipment
R1314,Kandla,Piraeus,4475,20,1,Alternative,2270,Machinery and Equipment
R1315,Kandla,Piraeus,4550,21,0,Standard,2215,Machinery and Equipment
R1316,Kandla,Piraeus,4300,18,0,Standard,1630,General Cargo
R1317,Kandla,Piraeus,4375,19,1,Alternative,1685,General Cargo
R1318,Kandla,Piraeus,4420,19,2,Alternative,1595,General Cargo
R1319,Kandla,Piraeus,4475,20,1,Alternative,1710,General Cargo
R1320,Kandla,Piraeus,4550,21,0,Standard,1655,General Cargo
R1321,Krishnapatnam,Singapore,1850,8,0,Standard,1975,Electronics
R1322,Krishnapatnam,Singapore,1925,9,1,Alternative,2030,Electronics
R1323,Krishnapatnam,Singapore,1970,9,2,Alternative,1940,Electronics
R1324,Krishnapatnam,Singapore,2025,10,1,Alternative,2055,Electronics
R1325,Krishnapatnam,Singapore,2100,11,0,Standard,2000,Electronics
R1326,Krishnapatnam,Singapore,1850,8,0,Standard,2195,Automotive
R1327,Krishnapatnam,Singapore,1925,9,1,Alternative,2250,Automotive
R1328,Krishnapatnam,Singapore,1970,9,2,Alternative,2160,Automotive
R1329,Krishnapatnam,Singapore,2025,10,1,Alternative,2275,Automotive
R1330,Krishnapatnam,Singapore,2100,11,0,Standard,2220,Automotive
R1331,Krishnapatnam,Singapore,1850,8,0,Standard,2215,Machinery and Equipment
R1332,Krishnapatnam,Singapore,1925,9,1,Alternative,2270,Machinery and Equipment
R1333,Krishnapatnam,Singapore,1970,9,2,Alternative,2180,Machinery and Equipment
R1334,Krishnapatnam,Singapore,2025,10,1,Alternative,2295,Machinery and Equipment
R1335,Krishnapatnam,Singapore,2100,11,0,Standard,2240,Machinery and Equipment
R1336,Krishnapatnam,Singapore,1850,8,0,Standard,1655,General Cargo
R1337,Krishnapatnam,Singapore,1925,9,1,Alternative,1710,General Cargo
R1338,Krishnapatnam,Singapore,1970,9,2,Alternative,1620,General Cargo
R1339,Krishnapatnam,Singapore,2025,10,1,Alternative,1735,General Cargo
R1340,Krishnapatnam,Singapore,2100,11,0,Standard,1680,General Cargo
R1341,Krishnapatnam,Rotterdam,9000,27,0,Standard,2000,Electronics
R1342,Krishnapatnam,Rotterdam,9075,28,1,Alternative,2055,Electronics
R1343,Krishnapatnam,Rotterdam,9120,28,2,Alternative,1965,Electronics
R1344,Krishnapatnam,Rotterdam,9175,29,1,Alternative,2080,Electronics
R1345,Krishnapatnam,Rotterdam,9250,30,0,Standard,2025,Electronics
R1346,Krishnapatnam,Rotterdam,9000,27,0,Standard,2220,Automotive
R1347,Krishnapatnam,Rotterdam,9075,28,1,Alternative,2275,Automotive
R1348,Krishnapatnam,Rotterdam,9120,28,2,Alternative,2185,Automotive
R1349,Krishnapatnam,Rotterdam,9175,29,1,Alternative,2300,Automotive
R1350,Krishnapatnam,Rotterdam,9250,30,0,Standard,2245,Automotive
R1351,Krishnapatnam,Rotterdam,9000,27,0,Standard,2240,Machinery and Equipment
R1352,Krishnapatnam,Rotterdam,9075,28,1,Alternative,2295,Machinery and Equipment
R1353,Krishnapatnam,Rotterdam,9120,28,2,Alternative,2205,Machinery and Equipment
R1354,Krishnapatnam,Rotterdam,9175,29,1,Alternative,2320,Machinery and Equipment
R1355,Krishnapatnam,Rotterdam,9250,30,0,Standard,2265,Machinery and Equipment
R1356,Krishnapatnam,Rotterdam,9000,27,0,Standard,1680,General Cargo
R1357,Krishnapatnam,Rotterdam,9075,28,1,Alternative,1735,General Cargo
R1358,Krishnapatnam,Rotterdam,9120,28,2,Alternative,1645,General Cargo
R1359,Krishnapatnam,Rotterdam,9175,29,1,Alternative,1760,General Cargo
R1360,Krishnapatnam,Rotterdam,9250,30,0,Standard,1705,General Cargo
R1361,Krishnapatnam,Jeddah,4300,18,0,Standard,2025,Electronics
R1362,Krishnapatnam,Jeddah,4375,19,1,Alternative,2080,Electronics
R1363,Krishnapatnam,Jeddah,4420,19,2,Alternative,1990,Electronics
R1364,Krishnapatnam,Jeddah,4475,20,1,Alternative,2105,Electronics
R1365,Krishnapatnam,Jeddah,4550,21,0,Standard,2050,Electronics
R1366,Krishnapatnam,Jeddah,4300,18,0,Standard,2245,Automotive
R1367,Krishnapatnam,Jeddah,4375,19,1,Alternative,2300,Automotive
R1368,Krishnapatnam,Jeddah,4420,19,2,Alternative,2210,Automotive
R1369,Krishnapatnam,Jeddah,4475,20,1,Alternative,2325,Automotive
R1370,Krishnapatnam,Jeddah,4550,21,0,Standard,2270,Automotive
R1371,Krishnapatnam,Jeddah,4300,18,0,Standard,2265,Machinery and Equipment
R1372,Krishnapatnam,Jeddah,4375,19,1,Alternative,2320,Machinery and Equipment
R1373,Krishnapatnam,Jeddah,4420,19,2,Alternative,2230,Machinery and Equipment
R1374,Krishnapatnam,Jeddah,4475,20,1,Alternative,2345,Machinery and Equipment
R1375,Krishnapatnam,Jeddah,4550,21,0,Standard,2290,Machinery and Equipment
R1376,Krishnapatnam,Jeddah,4300,18,0,Standard,1705,General Cargo
R1377,Krishnapatnam,Jeddah,4375,19,1,Alternative,1760,General Cargo
R1378,Krishnapatnam,Jeddah,4420,19,2,Alternative,1670,General Cargo
R1379,Krishnapatnam,Jeddah,4475,20,1,Alternative,1785,General Cargo
R1380,Krishnapatnam,Jeddah,4550,21,0,Standard,1730,General Cargo
R1381,Krishnapatnam,Colombo,1500,7,0,Standard,2050,Electronics
R1382,Krishnapatnam,Colombo,1575,8,1,Alternative,2105,Electronics
R1383,Krishnapatnam,Colombo,1620,8,2,Alternative,2015,Electronics
R1384,Krishnapatnam,Colombo,1675,9,1,Alternative,2130,Electronics
R1385,Krishnapatnam,Colombo,1750,10,0,Standard,2075,Electronics
R1386,Krishnapatnam,Colombo,1500,7,0,Standard,2270,Automotive
R1387,Krishnapatnam,Colombo,1575,8,1,Alternative,2325,Automotive
R1388,Krishnapatnam,Colombo,1620,8,2,Alternative,2235,Automotive
R1389,Krishnapatnam,Colombo,1675,9,1,Alternative,2350,Automotive
R1390,Krishnapatnam,Colombo,1750,10,0,Standard,2295,Automotive
R1391,Krishnapatnam,Colombo,1500,7,0,Standard,2290,Machinery and Equipment
R1392,Krishnapatnam,Colombo,1575,8,1,Alternative,2345,Machinery and Equipment
R1393,Krishnapatnam,Colombo,1620,8,2,Alternative,2255,Machinery and Equipment
R1394,Krishnapatnam,Colombo,1675,9,1,Alternative,2370,Machinery and Equipment
R1395,Krishnapatnam,Colombo,1750,10,0,Standard,2315,Machinery and Equipment
R1396,Krishnapatnam,Colombo,1500,7,0,Standard,1730,General Cargo
R1397,Krishnapatnam,Colombo,1575,8,1,Alternative,1785,General Cargo
R1398,Krishnapatnam,Colombo,1620,8,2,Alternative,1695,General Cargo
R1399,Krishnapatnam,Colombo,1675,9,1,Alternative,1810,General Cargo
R1400,Krishnapatnam,Colombo,1750,10,0,Standard,1755,General Cargo
R1401,Krishnapatnam,Manila,2600,11,0,Standard,2075,Electronics
R1402,Krishnapatnam,Manila,2675,12,1,Alternative,2130,Electronics
R1403,Krishnapatnam,Manila,2720,12,2,Alternative,2040,Electronics
R1404,Krishnapatnam,Manila,2775,13,1,Alternative,2155,Electronics
R1405,Krishnapatnam,Manila,2850,14,0,Standard,2100,Electronics
R1406,Krishnapatnam,Manila,2600,11,0,Standard,2295,Automotive
R1407,Krishnapatnam,Manila,2675,12,1,Alternative,2350,Automotive
R1408,Krishnapatnam,Manila,2720,12,2,Alternative,2260,Automotive
R1409,Krishnapatnam,Manila,2775,13,1,Alternative,2375,Automotive
R1410,Krishnapatnam,Manila,2850,14,0,Standard,2320,Automotive
R1411,Krishnapatnam,Manila,2600,11,0,Standard,2315,Machinery and Equipment
R1412,Krishnapatnam,Manila,2675,12,1,Alternative,2370,Machinery and Equipment
R1413,Krishnapatnam,Manila,2720,12,2,Alternative,2280,Machinery and Equipment
R1414,Krishnapatnam,Manila,2775,13,1,Alternative,2395,Machinery and Equipment
R1415,Krishnapatnam,Manila,2850,14,0,Standard,2340,Machinery and Equipment
R1416,Krishnapatnam,Manila,2600,11,0,Standard,1755,General Cargo
R1417,Krishnapatnam,Manila,2675,12,1,Alternative,1810,General Cargo
R1418,Krishnapatnam,Manila,2720,12,2,Alternative,1720,General Cargo
R1419,Krishnapatnam,Manila,2775,13,1,Alternative,1835,General Cargo
R1420,Krishnapatnam,Manila,2850,14,0,Standard,1780,General Cargo
R1421,Krishnapatnam,Shanghai,3200,13,0,Standard,2100,Electronics
R1422,Krishnapatnam,Shanghai,3275,14,1,Alternative,2155,Electronics
R1423,Krishnapatnam,Shanghai,3320,14,2,Alternative,2065,Electronics
R1424,Krishnapatnam,Shanghai,3375,15,1,Alternative,2180,Electronics
R1425,Krishnapatnam,Shanghai,3450,16,0,Standard,2125,Electronics
R1426,Krishnapatnam,Shanghai,3200,13,0,Standard,2320,Automotive
R1427,Krishnapatnam,Shanghai,3275,14,1,Alternative,2375,Automotive
R1428,Krishnapatnam,Shanghai,3320,14,2,Alternative,2285,Automotive
R1429,Krishnapatnam,Shanghai,3375,15,1,Alternative,2400,Automotive
R1430,Krishnapatnam,Shanghai,3450,16,0,Standard,2345,Automotive
R1431,Krishnapatnam,Shanghai,3200,13,0,Standard,2340,Machinery and Equipment
R1432,Krishnapatnam,Shanghai,3275,14,1,Alternative,2395,Machinery and Equipment
R1433,Krishnapatnam,Shanghai,3320,14,2,Alternative,2305,Machinery and Equipment
R1434,Krishnapatnam,Shanghai,3375,15,1,Alternative,2420,Machinery and Equipment
R1435,Krishnapatnam,Shanghai,3450,16,0,Standard,2365,Machinery and Equipment
R1436,Krishnapatnam,Shanghai,3200,13,0,Standard,1780,General Cargo
R1437,Krishnapatnam,Shanghai,3275,14,1,Alternative,1835,General Cargo
R1438,Krishnapatnam,Shanghai,3320,14,2,Alternative,1745,General Cargo
R1439,Krishnapatnam,Shanghai,3375,15,1,Alternative,1860,General Cargo
R1440,Krishnapatnam,Shanghai,3450,16,0,Standard,1805,General Cargo
R1441,Krishnapatnam,Durban,6200,22,0,Standard,2125,Electronics
R1442,Krishnapatnam,Durban,6275,23,1,Alternative,2180,Electronics
R1443,Krishnapatnam,Durban,6320,23,2,Alternative,2090,Electronics
R1444,Krishnapatnam,Durban,6375,24,1,Alternative,2205,Electronics
R1445,Krishnapatnam,Durban,6450,25,0,Standard,2150,Electronics
R1446,Krishnapatnam,Durban,6200,22,0,Standard,2345,Automotive
R1447,Krishnapatnam,Durban,6275,23,1,Alternative,2400,Automotive
R1448,Krishnapatnam,Durban,6320,23,2,Alternative,2310,Automotive
R1449,Krishnapatnam,Durban,6375,24,1,Alternative,2425,Automotive
R1450,Krishnapatnam,Durban,6450,25,0,Standard,2370,Automotive
R1451,Krishnapatnam,Durban,6200,22,0,Standard,2365,Machinery and Equipment
R1452,Krishnapatnam,Durban,6275,23,1,Alternative,2420,Machinery and Equipment
R1453,Krishnapatnam,Durban,6320,23,2,Alternative,2330,Machinery and Equipment
R1454,Krishnapatnam,Durban,6375,24,1,Alternative,2445,Machinery and Equipment
R1455,Krishnapatnam,Durban,6450,25,0,Standard,2390,Machinery and Equipment
R1456,Krishnapatnam,Durban,6200,22,0,Standard,1805,General Cargo
R1457,Krishnapatnam,Durban,6275,23,1,Alternative,1860,General Cargo
R1458,Krishnapatnam,Durban,6320,23,2,Alternative,1770,General Cargo
R1459,Krishnapatnam,Durban,6375,24,1,Alternative,1885,General Cargo
R1460,Krishnapatnam,Durban,6450,25,0,Standard,1830,General Cargo
R1461,Krishnapatnam,Port Klang,2200,10,0,Standard,2150,Electronics
R1462,Krishnapatnam,Port Klang,2275,11,1,Alternative,2205,Electronics
R1463,Krishnapatnam,Port Klang,2320,11,2,Alternative,2115,Electronics
R1464,Krishnapatnam,Port Klang,2375,12,1,Alternative,2230,Electronics
R1465,Krishnapatnam,Port Klang,2450,13,0,Standard,2175,Electronics
R1466,Krishnapatnam,Port Klang,2200,10,0,Standard,2370,Automotive
R1467,Krishnapatnam,Port Klang,2275,11,1,Alternative,2425,Automotive
R1468,Krishnapatnam,Port Klang,2320,11,2,Alternative,2335,Automotive
R1469,Krishnapatnam,Port Klang,2375,12,1,Alternative,2450,Automotive
R1470,Krishnapatnam,Port Klang,2450,13,0,Standard,2395,Automotive
R1471,Krishnapatnam,Port Klang,2200,10,0,Standard,2390,Machinery and Equipment
R1472,Krishnapatnam,Port Klang,2275,11,1,Alternative,2445,Machinery and Equipment
R1473,Krishnapatnam,Port Klang,2320,11,2,Alternative,2355,Machinery and Equipment
R1474,Krishnapatnam,Port Klang,2375,12,1,Alternative,2470,Machinery and Equipment
R1475,Krishnapatnam,Port Klang,2450,13,0,Standard,2415,Machinery and Equipment
R1476,Krishnapatnam,Port Klang,2200,10,0,Standard,1830,General Cargo
R1477,Krishnapatnam,Port Klang,2275,11,1,Alternative,1885,General Cargo
R1478,Krishnapatnam,Port Klang,2320,11,2,Alternative,1795,General Cargo
R1479,Krishnapatnam,Port Klang,2375,12,1,Alternative,1910,General Cargo
R1480,Krishnapatnam,Port Klang,2450,13,0,Standard,1855,General Cargo
R1481,Krishnapatnam,Piraeus,7600,24,0,Standard,2175,Electronics
R1482,Krishnapatnam,Piraeus,7675,25,1,Alternative,2230,Electronics
R1483,Krishnapatnam,Piraeus,7720,25,2,Alternative,2140,Electronics
R1484,Krishnapatnam,Piraeus,7775,26,1,Alternative,2255,Electronics
R1485,Krishnapatnam,Piraeus,7850,27,0,Standard,2200,Electronics
R1486,Krishnapatnam,Piraeus,7600,24,0,Standard,2395,Automotive
R1487,Krishnapatnam,Piraeus,7675,25,1,Alternative,2450,Automotive
R1488,Krishnapatnam,Piraeus,7720,25,2,Alternative,2360,Automotive
R1489,Krishnapatnam,Piraeus,7775,26,1,Alternative,2475,Automotive
R1490,Krishnapatnam,Piraeus,7850,27,0,Standard,2420,Automotive
R1491,Krishnapatnam,Piraeus,7600,24,0,Standard,2415,Machinery and Equipment
R1492,Krishnapatnam,Piraeus,7675,25,1,Alternative,2470,Machinery and Equipment
R1493,Krishnapatnam,Piraeus,7720,25,2,Alternative,2380,Machinery and Equipment
R1494,Krishnapatnam,Piraeus,7775,26,1,Alternative,2495,Machinery and Equipment
R1495,Krishnapatnam,Piraeus,7850,27,0,Standard,2440,Machinery and Equipment
R1496,Krishnapatnam,Piraeus,7600,24,0,Standard,1855,General Cargo
R1497,Krishnapatnam,Piraeus,7675,25,1,Alternative,1910,General Cargo
R1498,Krishnapatnam,Piraeus,7720,25,2,Alternative,1820,General Cargo
R1499,Krishnapatnam,Piraeus,7775,26,1,Alternative,1935,General Cargo
R1500,Krishnapatnam,Piraeus,7850,27,0,Standard,1880,General Cargo
R1501,Chennai,Hamburg,8200,25,0,Standard,2050,Electronics
R1502,Chennai,Hamburg,8275,26,1,Alternative,2105,Electronics
R1503,Chennai,Hamburg,8320,26,2,Alternative,2015,Electronics
R1504,Chennai,Hamburg,8375,27,1,Alternative,2130,Electronics
R1505,Chennai,Hamburg,8450,28,0,Standard,2075,Electronics
R1506,Chennai,Hamburg,8200,25,0,Standard,2250,Automotive
R1507,Chennai,Hamburg,8275,26,1,Alternative,2305,Automotive
R1508,Chennai,Hamburg,8320,26,2,Alternative,2215,Automotive
R1509,Chennai,Hamburg,8375,27,1,Alternative,2330,Automotive
R1510,Chennai,Hamburg,8450,28,0,Standard,2275,Automotive
R1511,Chennai,Hamburg,8200,25,0,Standard,2300,Machinery and Equipment
R1512,Chennai,Hamburg,8275,26,1,Alternative,2355,Machinery and Equipment
R1513,Chennai,Hamburg,8320,26,2,Alternative,2265,Machinery and Equipment
R1514,Chennai,Hamburg,8375,27,1,Alternative,2380,Machinery and Equipment
R1515,Chennai,Hamburg,8450,28,0,Standard,2325,Machinery and Equipment
R1516,Chennai,Hamburg,8200,25,0,Standard,1750,General Cargo
R1517,Chennai,Hamburg,8275,26,1,Alternative,1805,General Cargo
R1518,Chennai,Hamburg,8320,26,2,Alternative,1715,General Cargo
R1519,Chennai,Hamburg,8375,27,1,Alternative,1830,General Cargo
R1520,Chennai,Hamburg,8450,28,0,Standard,1775,General Cargo
R1521,Chennai,Jeddah,4300,17,0,Standard,1900,Electronics
R1522,Chennai,Jeddah,4375,18,1,Alternative,1955,Electronics
R1523,Chennai,Jeddah,4420,18,2,Alternative,1865,Electronics
R1524,Chennai,Jeddah,4475,19,1,Alternative,1980,Electronics
R1525,Chennai,Jeddah,4550,20,0,Standard,1925,Electronics
R1526,Chennai,Jeddah,4300,17,0,Standard,2100,Automotive
R1527,Chennai,Jeddah,4375,18,1,Alternative,2155,Automotive
R1528,Chennai,Jeddah,4420,18,2,Alternative,2065,Automotive
R1529,Chennai,Jeddah,4475,19,1,Alternative,2180,Automotive
R1530,Chennai,Jeddah,4550,20,0,Standard,2125,Automotive
R1531,Chennai,Jeddah,4300,17,0,Standard,2150,Machinery and Equipment
R1532,Chennai,Jeddah,4375,18,1,Alternative,2205,Machinery and Equipment
R1533,Chennai,Jeddah,4420,18,2,Alternative,2115,Machinery and Equipment
R1534,Chennai,Jeddah,4475,19,1,Alternative,2230,Machinery and Equipment
R1535,Chennai,Jeddah,4550,20,0,Standard,2175,Machinery and Equipment
R1536,Chennai,Jeddah,4300,17,0,Standard,1600,General Cargo
R1537,Chennai,Jeddah,4375,18,1,Alternative,1655,General Cargo
R1538,Chennai,Jeddah,4420,18,2,Alternative,1565,General Cargo
R1539,Chennai,Jeddah,4475,19,1,Alternative,1680,General Cargo
R1540,Chennai,Jeddah,4550,20,0,Standard,1625,General Cargo
R1541,Chennai,Colombo,700,4,0,Standard,1850,Electronics
R1542,Chennai,Colombo,775,5,1,Alternative,1905,Electronics
R1543,Chennai,Colombo,820,5,2,Alternative,1815,Electronics
R1544,Chennai,Colombo,875,6,1,Alternative,1930,Electronics
R1545,Chennai,Colombo,950,7,0,Standard,1875,Electronics
R1546,Chennai,Colombo,700,4,0,Standard,2050,Automotive
R1547,Chennai,Colombo,775,5,1,Alternative,2105,Automotive
R1548,Chennai,Colombo,820,5,2,Alternative,2015,Automotive
R1549,Chennai,Colombo,875,6,1,Alternative,2130,Automotive
R1550,Chennai,Colombo,950,7,0,Standard,2075,Automotive
R1551,Chennai,Colombo,700,4,0,Standard,2100,Machinery and Equipment
R1552,Chennai,Colombo,775,5,1,Alternative,2155,Machinery and Equipment
R1553,Chennai,Colombo,820,5,2,Alternative,2065,Machinery and Equipment
R1554,Chennai,Colombo,875,6,1,Alternative,2180,Machinery and Equipment
R1555,Chennai,Colombo,950,7,0,Standard,2125,Machinery and Equipment
R1556,Chennai,Colombo,700,4,0,Standard,1550,General Cargo
R1557,Chennai,Colombo,775,5,1,Alternative,1605,General Cargo
R1558,Chennai,Colombo,820,5,2,Alternative,1515,General Cargo
R1559,Chennai,Colombo,875,6,1,Alternative,1630,General Cargo
R1560,Chennai,Colombo,950,7,0,Standard,1575,General Cargo
R1561,Chennai,Port Klang,2200,10,0,Standard,1950,Electronics
R1562,Chennai,Port Klang,2275,11,1,Alternative,2005,Electronics
R1563,Chennai,Port Klang,2320,11,2,Alternative,1915,Electronics
R1564,Chennai,Port Klang,2375,12,1,Alternative,2030,Electronics
R1565,Chennai,Port Klang,2450,13,0,Standard,1975,Electronics
R1566,Chennai,Port Klang,2200,10,0,Standard,2150,Automotive
R1567,Chennai,Port Klang,2275,11,1,Alternative,2205,Automotive
R1568,Chennai,Port Klang,2320,11,2,Alternative,2115,Automotive
R1569,Chennai,Port Klang,2375,12,1,Alternative,2230,Automotive
R1570,Chennai,Port Klang,2450,13,0,Standard,2175,Automotive
R1571,Chennai,Port Klang,2200,10,0,Standard,2200,Machinery and Equipment
R1572,Chennai,Port Klang,2275,11,1,Alternative,2255,Machinery and Equipment
R1573,Chennai,Port Klang,2320,11,2,Alternative,2165,Machinery and Equipment
R1574,Chennai,Port Klang,2375,12,1,Alternative,2280,Machinery and Equipment
R1575,Chennai,Port Klang,2450,13,0,Standard,2225,Machinery and Equipment
R1576,Chennai,Port Klang,2200,10,0,Standard,1625,General Cargo
R1577,Chennai,Port Klang,2275,11,1,Alternative,1680,General Cargo
R1578,Chennai,Port Klang,2320,11,2,Alternative,1590,General Cargo
R1579,Chennai,Port Klang,2375,12,1,Alternative,1705,General Cargo
R1580,Chennai,Port Klang,2450,13,0,Standard,1650,General Cargo
R1581,Chennai,Piraeus,7600,23,0,Standard,2000,Electronics
R1582,Chennai,Piraeus,7675,24,1,Alternative,2055,Electronics
R1583,Chennai,Piraeus,7720,24,2,Alternative,1965,Electronics
R1584,Chennai,Piraeus,7775,25,1,Alternative,2080,Electronics
R1585,Chennai,Piraeus,7850,26,0,Standard,2025,Electronics
R1586,Chennai,Piraeus,7600,23,0,Standard,2200,Automotive
R1587,Chennai,Piraeus,7675,24,1,Alternative,2255,Automotive
R1588,Chennai,Piraeus,7720,24,2,Alternative,2165,Automotive
R1589,Chennai,Piraeus,7775,25,1,Alternative,2280,Automotive
R1590,Chennai,Piraeus,7850,26,0,Standard,2225,Automotive
R1591,Chennai,Piraeus,7600,23,0,Standard,2250,Machinery and Equipment
R1592,Chennai,Piraeus,7675,24,1,Alternative,2305,Machinery and Equipment
R1593,Chennai,Piraeus,7720,24,2,Alternative,2215,Machinery and Equipment
R1594,Chennai,Piraeus,7775,25,1,Alternative,2330,Machinery and Equipment
R1595,Chennai,Piraeus,7850,26,0,Standard,2275,Machinery and Equipment
R1596,Chennai,Piraeus,7600,23,0,Standard,1650,General Cargo
R1597,Chennai,Piraeus,7675,24,1,Alternative,1705,General Cargo
R1598,Chennai,Piraeus,7720,24,2,Alternative,1615,General Cargo
R1599,Chennai,Piraeus,7775,25,1,Alternative,1730,General Cargo
R1600,Chennai,Piraeus,7850,26,0,Standard,1675,General Cargo
R1601,Chennai,Valencia,6900,22,0,Standard,2025,Electronics
R1602,Chennai,Valencia,6975,23,1,Alternative,2080,Electronics
R1603,Chennai,Valencia,7020,23,2,Alternative,1990,Electronics
R1604,Chennai,Valencia,7075,24,1,Alternative,2105,Electronics
R1605,Chennai,Valencia,7150,25,0,Standard,2050,Electronics
R1606,Chennai,Valencia,6900,22,0,Standard,2225,Automotive
R1607,Chennai,Valencia,6975,23,1,Alternative,2280,Automotive
R1608,Chennai,Valencia,7020,23,2,Alternative,2190,Automotive
R1609,Chennai,Valencia,7075,24,1,Alternative,2305,Automotive
R1610,Chennai,Valencia,7150,25,0,Standard,2250,Automotive
R1611,Chennai,Valencia,6900,22,0,Standard,2275,Machinery and Equipment
R1612,Chennai,Valencia,6975,23,1,Alternative,2330,Machinery and Equipment
R1613,Chennai,Valencia,7020,23,2,Alternative,2240,Machinery and Equipment
R1614,Chennai,Valencia,7075,24,1,Alternative,2355,Machinery and Equipment
R1615,Chennai,Valencia,7150,25,0,Standard,2300,Machinery and Equipment
R1616,Chennai,Valencia,6900,22,0,Standard,1675,General Cargo
R1617,Chennai,Valencia,6975,23,1,Alternative,1730,General Cargo
R1618,Chennai,Valencia,7020,23,2,Alternative,1640,General Cargo
R1619,Chennai,Valencia,7075,24,1,Alternative,1755,General Cargo
R1620,Chennai,Valencia,7150,25,0,Standard,1700,General Cargo
R1621,Chennai,Durban,5900,21,0,Standard,2050,Electronics
R1622,Chennai,Durban,5975,22,1,Alternative,2105,Electronics
R1623,Chennai,Durban,6020,22,2,Alternative,2015,Electronics
R1624,Chennai,Durban,6075,23,1,Alternative,2130,Electronics
R1625,Chennai,Durban,6150,24,0,Standard,2075,Electronics
R1626,Chennai,Durban,5900,21,0,Standard,2250,Automotive
R1627,Chennai,Durban,5975,22,1,Alternative,2305,Automotive
R1628,Chennai,Durban,6020,22,2,Alternative,2215,Automotive
R1629,Chennai,Durban,6075,23,1,Alternative,2330,Automotive
R1630,Chennai,Durban,6150,24,0,Standard,2275,Automotive
R1631,Chennai,Durban,5900,21,0,Standard,2300,Machinery and Equipment
R1632,Chennai,Durban,5975,22,1,Alternative,2355,Machinery and Equipment
R1633,Chennai,Durban,6020,22,2,Alternative,2265,Machinery and Equipment
R1634,Chennai,Durban,6075,23,1,Alternative,2380,Machinery and Equipment
R1635,Chennai,Durban,6150,24,0,Standard,2325,Machinery and Equipment
R1636,Chennai,Durban,5900,21,0,Standard,1700,General Cargo
R1637,Chennai,Durban,5975,22,1,Alternative,1755,General Cargo
R1638,Chennai,Durban,6020,22,2,Alternative,1665,General Cargo
R1639,Chennai,Durban,6075,23,1,Alternative,1780,General Cargo
R1640,Chennai,Durban,6150,24,0,Standard,1725,General Cargo
R1641,Chennai,Manila,3600,14,0,Standard,2075,Electronics
R1642,Chennai,Manila,3675,15,1,Alternative,2130,Electronics
R1643,Chennai,Manila,3720,15,2,Alternative,2040,Electronics
R1644,Chennai,Manila,3775,16,1,Alternative,2155,Electronics
R1645,Chennai,Manila,3850,17,0,Standard,2100,Electronics
R1646,Chennai,Manila,3600,14,0,Standard,2275,Automotive
R1647,Chennai,Manila,3675,15,1,Alternative,2330,Automotive
R1648,Chennai,Manila,3720,15,2,Alternative,2240,Automotive
R1649,Chennai,Manila,3775,16,1,Alternative,2355,Automotive
R1650,Chennai,Manila,3850,17,0,Standard,2300,Automotive
R1651,Chennai,Manila,3600,14,0,Standard,2325,Machinery and Equipment
R1652,Chennai,Manila,3675,15,1,Alternative,2380,Machinery and Equipment
R1653,Chennai,Manila,3720,15,2,Alternative,2290,Machinery and Equipment
R1654,Chennai,Manila,3775,16,1,Alternative,2405,Machinery and Equipment
R1655,Chennai,Manila,3850,17,0,Standard,2350,Machinery and Equipment
R1656,Chennai,Manila,3600,14,0,Standard,1725,General Cargo
R1657,Chennai,Manila,3675,15,1,Alternative,1780,General Cargo
R1658,Chennai,Manila,3720,15,2,Alternative,1690,General Cargo
R1659,Chennai,Manila,3775,16,1,Alternative,1805,General Cargo
R1660,Chennai,Manila,3850,17,0,Standard,1750,General Cargo
R1661,Chennai,Shanghai,4500,18,0,Standard,2100,Electronics
R1662,Chennai,Shanghai,4575,19,1,Alternative,2155,Electronics
R1663,Chennai,Shanghai,4620,19,2,Alternative,2065,Electronics
R1664,Chennai,Shanghai,4675,20,1,Alternative,2180,Electronics
R1665,Chennai,Shanghai,4750,21,0,Standard,2125,Electronics
R1666,Chennai,Shanghai,4500,18,0,Standard,2300,Automotive
R1667,Chennai,Shanghai,4575,19,1,Alternative,2355,Automotive
R1668,Chennai,Shanghai,4620,19,2,Alternative,2265,Automotive
R1669,Chennai,Shanghai,4675,20,1,Alternative,2380,Automotive
R1670,Chennai,Shanghai,4750,21,0,Standard,2325,Automotive
R1671,Chennai,Shanghai,4500,18,0,Standard,2350,Machinery and Equipment
R1672,Chennai,Shanghai,4575,19,1,Alternative,2405,Machinery and Equipment
R1673,Chennai,Shanghai,4620,19,2,Alternative,2315,Machinery and Equipment
R1674,Chennai,Shanghai,4675,20,1,Alternative,2430,Machinery and Equipment
R1675,Chennai,Shanghai,4750,21,0,Standard,2375,Machinery and Equipment
R1676,Chennai,Shanghai,4500,18,0,Standard,1750,General Cargo
R1677,Chennai,Shanghai,4575,19,1,Alternative,1805,General Cargo
R1678,Chennai,Shanghai,4620,19,2,Alternative,1715,General Cargo
R1679,Chennai,Shanghai,4675,20,1,Alternative,1830,General Cargo
R1680,Chennai,Shanghai,4750,21,0,Standard,1775,General Cargo
R1681,Chennai,Port Said,5700,21,0,Standard,2125,Electronics
R1682,Chennai,Port Said,5775,22,1,Alternative,2180,Electronics
R1683,Chennai,Port Said,5820,22,2,Alternative,2090,Electronics
R1684,Chennai,Port Said,5875,23,1,Alternative,2205,Electronics
R1685,Chennai,Port Said,5950,24,0,Standard,2150,Electronics
R1686,Chennai,Port Said,5700,21,0,Standard,2325,Automotive
R1687,Chennai,Port Said,5775,22,1,Alternative,2380,Automotive
R1688,Chennai,Port Said,5820,22,2,Alternative,2290,Automotive
R1689,Chennai,Port Said,5875,23,1,Alternative,2405,Automotive
R1690,Chennai,Port Said,5950,24,0,Standard,2350,Automotive
R1691,Chennai,Port Said,5700,21,0,Standard,2375,Machinery and Equipment
R1692,Chennai,Port Said,5775,22,1,Alternative,2430,Machinery and Equipment
R1693,Chennai,Port Said,5820,22,2,Alternative,2340,Machinery and Equipment
R1694,Chennai,Port Said,5875,23,1,Alternative,2455,Machinery and Equipment
R1695,Chennai,Port Said,5950,24,0,Standard,2400,Machinery and Equipment
R1696,Chennai,Port Said,5700,21,0,Standard,1775,General Cargo
R1697,Chennai,Port Said,5775,22,1,Alternative,1830,General Cargo
R1698,Chennai,Port Said,5820,22,2,Alternative,1740,General Cargo
R1699,Chennai,Port Said,5875,23,1,Alternative,1855,General Cargo
R1700,Chennai,Port Said,5950,24,0,Standard,1800,General Cargo
R1701,Mumbai,Rotterdam,7600,23,0,Standard,2100,Electronics
R1702,Mumbai,Rotterdam,7675,24,1,Alternative,2155,Electronics
R1703,Mumbai,Rotterdam,7720,24,2,Alternative,2065,Electronics
R1704,Mumbai,Rotterdam,7775,25,1,Alternative,2180,Electronics
R1705,Mumbai,Rotterdam,7850,26,0,Standard,2125,Electronics
R1706,Mumbai,Rotterdam,7600,23,0,Standard,2300,Automotive
R1707,Mumbai,Rotterdam,7675,24,1,Alternative,2355,Automotive
R1708,Mumbai,Rotterdam,7720,24,2,Alternative,2265,Automotive
R1709,Mumbai,Rotterdam,7775,25,1,Alternative,2380,Automotive
R1710,Mumbai,Rotterdam,7850,26,0,Standard,2325,Automotive
R1711,Mumbai,Rotterdam,7600,23,0,Standard,2350,Machinery and Equipment
R1712,Mumbai,Rotterdam,7675,24,1,Alternative,2405,Machinery and Equipment
R1713,Mumbai,Rotterdam,7720,24,2,Alternative,2315,Machinery and Equipment
R1714,Mumbai,Rotterdam,7775,25,1,Alternative,2430,Machinery and Equipment
R1715,Mumbai,Rotterdam,7850,26,0,Standard,2375,Machinery and Equipment
R1716,Mumbai,Rotterdam,7600,23,0,Standard,1750,General Cargo
R1717,Mumbai,Rotterdam,7675,24,1,Alternative,1805,General Cargo
R1718,Mumbai,Rotterdam,7720,24,2,Alternative,1715,General Cargo
R1719,Mumbai,Rotterdam,7775,25,1,Alternative,1830,General Cargo
R1720,Mumbai,Rotterdam,7850,26,0,Standard,1775,General Cargo
R1721,Mumbai,Singapore,3600,14,0,Standard,2025,Electronics
R1722,Mumbai,Singapore,3675,15,1,Alternative,2080,Electronics
R1723,Mumbai,Singapore,3720,15,2,Alternative,1990,Electronics
R1724,Mumbai,Singapore,3775,16,1,Alternative,2105,Electronics
R1725,Mumbai,Singapore,3850,17,0,Standard,2050,Electronics
R1726,Mumbai,Singapore,3600,14,0,Standard,2225,Automotive
R1727,Mumbai,Singapore,3675,15,1,Alternative,2280,Automotive
R1728,Mumbai,Singapore,3720,15,2,Alternative,2190,Automotive
R1729,Mumbai,Singapore,3775,16,1,Alternative,2305,Automotive
R1730,Mumbai,Singapore,3850,17,0,Standard,2250,Automotive
R1731,Mumbai,Singapore,3600,14,0,Standard,2275,Machinery and Equipment
R1732,Mumbai,Singapore,3675,15,1,Alternative,2330,Machinery and Equipment
R1733,Mumbai,Singapore,3720,15,2,Alternative,2240,Machinery and Equipment
R1734,Mumbai,Singapore,3775,16,1,Alternative,2355,Machinery and Equipment
R1735,Mumbai,Singapore,3850,17,0,Standard,2300,Machinery and Equipment
R1736,Mumbai,Singapore,3600,14,0,Standard,1700,General Cargo
R1737,Mumbai,Singapore,3675,15,1,Alternative,1755,General Cargo
R1738,Mumbai,Singapore,3720,15,2,Alternative,1665,General Cargo
R1739,Mumbai,Singapore,3775,16,1,Alternative,1780,General Cargo
R1740,Mumbai,Singapore,3850,17,0,Standard,1725,General Cargo
R1741,Mumbai,Colombo,3000,12,0,Standard,2050,Electronics
R1742,Mumbai,Colombo,3075,13,1,Alternative,2105,Electronics
R1743,Mumbai,Colombo,3120,13,2,Alternative,2015,Electronics
R1744,Mumbai,Colombo,3175,14,1,Alternative,2130,Electronics
R1745,Mumbai,Colombo,3250,15,0,Standard,2075,Electronics
R1746,Mumbai,Colombo,3000,12,0,Standard,2250,Automotive
R1747,Mumbai,Colombo,3075,13,1,Alternative,2305,Automotive
R1748,Mumbai,Colombo,3120,13,2,Alternative,2215,Automotive
R1749,Mumbai,Colombo,3175,14,1,Alternative,2330,Automotive
R1750,Mumbai,Colombo,3250,15,0,Standard,2275,Automotive
R1751,Mumbai,Colombo,3000,12,0,Standard,2300,Machinery and Equipment
R1752,Mumbai,Colombo,3075,13,1,Alternative,2355,Machinery and Equipment
R1753,Mumbai,Colombo,3120,13,2,Alternative,2265,Machinery and Equipment
R1754,Mumbai,Colombo,3175,14,1,Alternative,2380,Machinery and Equipment
R1755,Mumbai,Colombo,3250,15,0,Standard,2325,Machinery and Equipment
R1756,Mumbai,Colombo,3000,12,0,Standard,1750,General Cargo
R1757,Mumbai,Colombo,3075,13,1,Alternative,1805,General Cargo
R1758,Mumbai,Colombo,3120,13,2,Alternative,1715,General Cargo
R1759,Mumbai,Colombo,3175,14,1,Alternative,1830,General Cargo
R1760,Mumbai,Colombo,3250,15,0,Standard,1775,General Cargo
R1761,Mumbai,Port Said,6100,22,0,Standard,2075,Electronics
R1762,Mumbai,Port Said,6175,23,1,Alternative,2130,Electronics
R1763,Mumbai,Port Said,6220,23,2,Alternative,2040,Electronics
R1764,Mumbai,Port Said,6275,24,1,Alternative,2155,Electronics
R1765,Mumbai,Port Said,6350,25,0,Standard,2100,Electronics
R1766,Mumbai,Port Said,6100,22,0,Standard,2275,Automotive
R1767,Mumbai,Port Said,6175,23,1,Alternative,2330,Automotive
R1768,Mumbai,Port Said,6220,23,2,Alternative,2240,Automotive
R1769,Mumbai,Port Said,6275,24,1,Alternative,2355,Automotive
R1770,Mumbai,Port Said,6350,25,0,Standard,2300,Automotive
R1771,Mumbai,Port Said,6100,22,0,Standard,2300,Machinery and Equipment
R1772,Mumbai,Port Said,6175,23,1,Alternative,2355,Machinery and Equipment
R1773,Mumbai,Port Said,6220,23,2,Alternative,2265,Machinery and Equipment
R1774,Mumbai,Port Said,6275,24,1,Alternative,2380,Machinery and Equipment
R1775,Mumbai,Port Said,6350,25,0,Standard,2325,Machinery and Equipment
R1776,Mumbai,Port Said,6100,22,0,Standard,1750,General Cargo
R1777,Mumbai,Port Said,6175,23,1,Alternative,1805,General Cargo
R1778,Mumbai,Port Said,6220,23,2,Alternative,1715,General Cargo
R1779,Mumbai,Port Said,6275,24,1,Alternative,1830,General Cargo
R1780,Mumbai,Port Said,6350,25,0,Standard,1775,General Cargo
R1781,Mumbai,Durban,5100,19,0,Standard,2100,Electronics
R1782,Mumbai,Durban,5175,20,1,Alternative,2155,Electronics
R1783,Mumbai,Durban,5220,20,2,Alternative,2065,Electronics
R1784,Mumbai,Durban,5275,21,1,Alternative,2180,Electronics
R1785,Mumbai,Durban,5350,22,0,Standard,2125,Electronics
R1786,Mumbai,Durban,5100,19,0,Standard,2300,Automotive
R1787,Mumbai,Durban,5175,20,1,Alternative,2355,Automotive
R1788,Mumbai,Durban,5220,20,2,Alternative,2265,Automotive
R1789,Mumbai,Durban,5275,21,1,Alternative,2380,Automotive
R1790,Mumbai,Durban,5350,22,0,Standard,2325,Automotive
R1791,Mumbai,Durban,5100,19,0,Standard,2350,Machinery and Equipment
R1792,Mumbai,Durban,5175,20,1,Alternative,2405,Machinery and Equipment
R1793,Mumbai,Durban,5220,20,2,Alternative,2315,Machinery and Equipment
R1794,Mumbai,Durban,5275,21,1,Alternative,2430,Machinery and Equipment
R1795,Mumbai,Durban,5350,22,0,Standard,2375,Machinery and Equipment
R1796,Mumbai,Durban,5100,19,0,Standard,1775,General Cargo
R1797,Mumbai,Durban,5175,20,1,Alternative,1830,General Cargo
R1798,Mumbai,Durban,5220,20,2,Alternative,1740,General Cargo
R1799,Mumbai,Durban,5275,21,1,Alternative,1855,General Cargo
R1800,Mumbai,Durban,5350,22,0,Standard,1800,General Cargo
R1801,Mumbai,Port Klang,3300,13,0,Standard,2125,Electronics
R1802,Mumbai,Port Klang,3375,14,1,Alternative,2180,Electronics
R1803,Mumbai,Port Klang,3420,14,2,Alternative,2090,Electronics
R1804,Mumbai,Port Klang,3475,15,1,Alternative,2205,Electronics
R1805,Mumbai,Port Klang,3550,16,0,Standard,2150,Electronics
R1806,Mumbai,Port Klang,3300,13,0,Standard,2325,Automotive
R1807,Mumbai,Port Klang,3375,14,1,Alternative,2380,Automotive
R1808,Mumbai,Port Klang,3420,14,2,Alternative,2290,Automotive
R1809,Mumbai,Port Klang,3475,15,1,Alternative,2405,Automotive
R1810,Mumbai,Port Klang,3550,16,0,Standard,2350,Automotive
R1811,Mumbai,Port Klang,3300,13,0,Standard,2375,Machinery and Equipment
R1812,Mumbai,Port Klang,3375,14,1,Alternative,2430,Machinery and Equipment
R1813,Mumbai,Port Klang,3420,14,2,Alternative,2340,Machinery and Equipment
R1814,Mumbai,Port Klang,3475,15,1,Alternative,2455,Machinery and Equipment
R1815,Mumbai,Port Klang,3550,16,0,Standard,2400,Machinery and Equipment
R1816,Mumbai,Port Klang,3300,13,0,Standard,1800,General Cargo
R1817,Mumbai,Port Klang,3375,14,1,Alternative,1855,General Cargo
R1818,Mumbai,Port Klang,3420,14,2,Alternative,1765,General Cargo
R1819,Mumbai,Port Klang,3475,15,1,Alternative,1880,General Cargo
R1820,Mumbai,Port Klang,3550,16,0,Standard,1825,General Cargo
R1821,Mumbai,Piraeus,6900,22,0,Standard,2150,Electronics
R1822,Mumbai,Piraeus,6975,23,1,Alternative,2205,Electronics
R1823,Mumbai,Piraeus,7020,23,2,Alternative,2115,Electronics
R1824,Mumbai,Piraeus,7075,24,1,Alternative,2230,Electronics
R1825,Mumbai,Piraeus,7150,25,0,Standard,2175,Electronics
R1826,Mumbai,Piraeus,6900,22,0,Standard,2350,Automotive
R1827,Mumbai,Piraeus,6975,23,1,Alternative,2405,Automotive
R1828,Mumbai,Piraeus,7020,23,2,Alternative,2315,Automotive
R1829,Mumbai,Piraeus,7075,24,1,Alternative,2430,Automotive
R1830,Mumbai,Piraeus,7150,25,0,Standard,2375,Automotive
R1831,Mumbai,Piraeus,6900,22,0,Standard,2400,Machinery and Equipment
R1832,Mumbai,Piraeus,6975,23,1,Alternative,2455,Machinery and Equipment
R1833,Mumbai,Piraeus,7020,23,2,Alternative,2365,Machinery and Equipment
R1834,Mumbai,Piraeus,7075,24,1,Alternative,2480,Machinery and Equipment
R1835,Mumbai,Piraeus,7150,25,0,Standard,2425,Machinery and Equipment
R1836,Mumbai,Piraeus,6900,22,0,Standard,1825,General Cargo
R1837,Mumbai,Piraeus,6975,23,1,Alternative,1880,General Cargo
R1838,Mumbai,Piraeus,7020,23,2,Alternative,1790,General Cargo
R1839,Mumbai,Piraeus,7075,24,1,Alternative,1905,General Cargo
R1840,Mumbai,Piraeus,7150,25,0,Standard,1850,General Cargo
R1841,Mumbai,Valencia,6100,20,0,Standard,2175,Electronics
R1842,Mumbai,Valencia,6175,21,1,Alternative,2230,Electronics
R1843,Mumbai,Valencia,6220,21,2,Alternative,2140,Electronics
R1844,Mumbai,Valencia,6275,22,1,Alternative,2255,Electronics
R1845,Mumbai,Valencia,6350,23,0,Standard,2200,Electronics
R1846,Mumbai,Valencia,6100,20,0,Standard,2375,Automotive
R1847,Mumbai,Valencia,6175,21,1,Alternative,2430,Automotive
R1848,Mumbai,Valencia,6220,21,2,Alternative,2340,Automotive
R1849,Mumbai,Valencia,6275,22,1,Alternative,2455,Automotive
R1850,Mumbai,Valencia,6350,23,0,Standard,2400,Automotive
R1851,Mumbai,Valencia,6100,20,0,Standard,2425,Machinery and Equipment
R1852,Mumbai,Valencia,6175,21,1,Alternative,2480,Machinery and Equipment
R1853,Mumbai,Valencia,6220,21,2,Alternative,2390,Machinery and Equipment
R1854,Mumbai,Valencia,6275,22,1,Alternative,2505,Machinery and Equipment
R1855,Mumbai,Valencia,6350,23,0,Standard,2450,Machinery and Equipment
R1856,Mumbai,Valencia,6100,20,0,Standard,1850,General Cargo
R1857,Mumbai,Valencia,6175,21,1,Alternative,1905,General Cargo
R1858,Mumbai,Valencia,6220,21,2,Alternative,1815,General Cargo
R1859,Mumbai,Valencia,6275,22,1,Alternative,1930,General Cargo
R1860,Mumbai,Valencia,6350,23,0,Standard,1875,General Cargo
R1861,Mumbai,Manila,4100,16,0,Standard,2200,Electronics
R1862,Mumbai,Manila,4175,17,1,Alternative,2255,Electronics
R1863,Mumbai,Manila,4220,17,2,Alternative,2165,Electronics
R1864,Mumbai,Manila,4275,18,1,Alternative,2280,Electronics
R1865,Mumbai,Manila,4350,19,0,Standard,2225,Electronics
R1866,Mumbai,Manila,4100,16,0,Standard,2400,Automotive
R1867,Mumbai,Manila,4175,17,1,Alternative,2455,Automotive
R1868,Mumbai,Manila,4220,17,2,Alternative,2365,Automotive
R1869,Mumbai,Manila,4275,18,1,Alternative,2480,Automotive
R1870,Mumbai,Manila,4350,19,0,Standard,2425,Automotive
R1871,Mumbai,Manila,4100,16,0,Standard,2450,Machinery and Equipment
R1872,Mumbai,Manila,4175,17,1,Alternative,2505,Machinery and Equipment
R1873,Mumbai,Manila,4220,17,2,Alternative,2415,Machinery and Equipment
R1874,Mumbai,Manila,4275,18,1,Alternative,2530,Machinery and Equipment
R1875,Mumbai,Manila,4350,19,0,Standard,2475,Machinery and Equipment
R1876,Mumbai,Manila,4100,16,0,Standard,1875,General Cargo
R1877,Mumbai,Manila,4175,17,1,Alternative,1930,General Cargo
R1878,Mumbai,Manila,4220,17,2,Alternative,1840,General Cargo
R1879,Mumbai,Manila,4275,18,1,Alternative,1955,General Cargo
R1880,Mumbai,Manila,4350,19,0,Standard,1900,General Cargo
R1881,Mumbai,Shanghai,5000,19,0,Standard,2225,Electronics
R1882,Mumbai,Shanghai,5075,20,1,Alternative,2280,Electronics
R1883,Mumbai,Shanghai,5120,20,2,Alternative,2190,Electronics
R1884,Mumbai,Shanghai,5175,21,1,Alternative,2305,Electronics
R1885,Mumbai,Shanghai,5250,22,0,Standard,2250,Electronics
R1886,Mumbai,Shanghai,5000,19,0,Standard,2425,Automotive
R1887,Mumbai,Shanghai,5075,20,1,Alternative,2480,Automotive
R1888,Mumbai,Shanghai,5120,20,2,Alternative,2390,Automotive
R1889,Mumbai,Shanghai,5175,21,1,Alternative,2505,Automotive
R1890,Mumbai,Shanghai,5250,22,0,Standard,2450,Automotive
R1891,Mumbai,Shanghai,5000,19,0,Standard,2475,Machinery and Equipment
R1892,Mumbai,Shanghai,5075,20,1,Alternative,2530,Machinery and Equipment
R1893,Mumbai,Shanghai,5120,20,2,Alternative,2440,Machinery and Equipment
R1894,Mumbai,Shanghai,5175,21,1,Alternative,2555,Machinery and Equipment
R1895,Mumbai,Shanghai,5250,22,0,Standard,2500,Machinery and Equipment
R1896,Mumbai,Shanghai,5000,19,0,Standard,1900,General Cargo
R1897,Mumbai,Shanghai,5075,20,1,Alternative,1955,General Cargo
R1898,Mumbai,Shanghai,5120,20,2,Alternative,1865,General Cargo
R1899,Mumbai,Shanghai,5175,21,1,Alternative,1980,General Cargo
R1900,Mumbai,Shanghai,5250,22,0,Standard,1925,General Cargo
R1901,Mumbai,Alexandria,5700,21,0,Standard,2250,Electronics
R1902,Mumbai,Alexandria,5775,22,1,Alternative,2305,Electronics
R1903,Mumbai,Alexandria,5820,22,2,Alternative,2215,Electronics
R1904,Mumbai,Alexandria,5875,23,1,Alternative,2330,Electronics
R1905,Mumbai,Alexandria,5950,24,0,Standard,2275,Electronics
R1906,Mumbai,Alexandria,5700,21,0,Standard,2450,Automotive
R1907,Mumbai,Alexandria,5775,22,1,Alternative,2505,Automotive
R1908,Mumbai,Alexandria,5820,22,2,Alternative,2415,Automotive
R1909,Mumbai,Alexandria,5875,23,1,Alternative,2530,Automotive
R1910,Mumbai,Alexandria,5950,24,0,Standard,2475,Automotive
R1911,Mumbai,Alexandria,5700,21,0,Standard,2500,Machinery and Equipment
R1912,Mumbai,Alexandria,5775,22,1,Alternative,2555,Machinery and Equipment
R1913,Mumbai,Alexandria,5820,22,2,Alternative,2465,Machinery and Equipment
R1914,Mumbai,Alexandria,5875,23,1,Alternative,2580,Machinery and Equipment
R1915,Mumbai,Alexandria,5950,24,0,Standard,2525,Machinery and Equipment
R1916,Mumbai,Alexandria,5700,21,0,Standard,1925,General Cargo
R1917,Mumbai,Alexandria,5775,22,1,Alternative,1980,General Cargo
R1918,Mumbai,Alexandria,5820,22,2,Alternative,1890,General Cargo
R1919,Mumbai,Alexandria,5875,23,1,Alternative,2005,General Cargo
R1920,Mumbai,Alexandria,5950,24,0,Standard,1950,General Cargo
R1921,Mumbai,Barcelona,6700,22,0,Standard,2275,Electronics
R1922,Mumbai,Barcelona,6775,23,1,Alternative,2330,Electronics
R1923,Mumbai,Barcelona,6820,23,2,Alternative,2240,Electronics
R1924,Mumbai,Barcelona,6875,24,1,Alternative,2355,Electronics
R1925,Mumbai,Barcelona,6950,25,0,Standard,2300,Electronics
R1926,Mumbai,Barcelona,6700,22,0,Standard,2475,Automotive
R1927,Mumbai,Barcelona,6775,23,1,Alternative,2530,Automotive
R1928,Mumbai,Barcelona,6820,23,2,Alternative,2440,Automotive
R1929,Mumbai,Barcelona,6875,24,1,Alternative,2555,Automotive
R1930,Mumbai,Barcelona,6950,25,0,Standard,2500,Automotive
R1931,Mumbai,Barcelona,6700,22,0,Standard,2525,Machinery and Equipment
R1932,Mumbai,Barcelona,6775,23,1,Alternative,2580,Machinery and Equipment
R1933,Mumbai,Barcelona,6820,23,2,Alternative,2490,Machinery and Equipment
R1934,Mumbai,Barcelona,6875,24,1,Alternative,2605,Machinery and Equipment
R1935,Mumbai,Barcelona,6950,25,0,Standard,2550,Machinery and Equipment
R1936,Mumbai,Barcelona,6700,22,0,Standard,1950,General Cargo
R1937,Mumbai,Barcelona,6775,23,1,Alternative,2005,General Cargo
R1938,Mumbai,Barcelona,6820,23,2,Alternative,1915,General Cargo
R1939,Mumbai,Barcelona,6875,24,1,Alternative,2030,General Cargo
R1940,Mumbai,Barcelona,6950,25,0,Standard,1975,General Cargo
R1941,Mumbai,Ho Chi Minh City,3000,12,0,Standard,2300,Electronics
R1942,Mumbai,Ho Chi Minh City,3075,13,1,Alternative,2355,Electronics
R1943,Mumbai,Ho Chi Minh City,3120,13,2,Alternative,2265,Electronics
R1944,Mumbai,Ho Chi Minh City,3175,14,1,Alternative,2380,Electronics
R1945,Mumbai,Ho Chi Minh City,3250,15,0,Standard,2325,Electronics
R1946,Mumbai,Ho Chi Minh City,3000,12,0,Standard,2500,Automotive
R1947,Mumbai,Ho Chi Minh City,3075,13,1,Alternative,2555,Automotive
R1948,Mumbai,Ho Chi Minh City,3120,13,2,Alternative,2465,Automotive
R1949,Mumbai,Ho Chi Minh City,3175,14,1,Alternative,2580,Automotive
R1950,Mumbai,Ho Chi Minh City,3250,15,0,Standard,2525,Automotive
R1951,Mumbai,Ho Chi Minh City,3000,12,0,Standard,2550,Machinery and Equipment
R1952,Mumbai,Ho Chi Minh City,3075,13,1,Alternative,2605,Machinery and Equipment
R1953,Mumbai,Ho Chi Minh City,3120,13,2,Alternative,2515,Machinery and Equipment
R1954,Mumbai,Ho Chi Minh City,3175,14,1,Alternative,2630,Machinery and Equipment
R1955,Mumbai,Ho Chi Minh City,3250,15,0,Standard,2575,Machinery and Equipment
R1956,Mumbai,Ho Chi Minh City,3000,12,0,Standard,1975,General Cargo
R1957,Mumbai,Ho Chi Minh City,3075,13,1,Alternative,2030,General Cargo
R1958,Mumbai,Ho Chi Minh City,3120,13,2,Alternative,1940,General Cargo
R1959,Mumbai,Ho Chi Minh City,3175,14,1,Alternative,2055,General Cargo
R1960,Mumbai,Ho Chi Minh City,3250,15,0,Standard,2000,General Cargo
R1961,Mumbai,Durban,5100,19,0,Standard,2100,Electronics
R1962,Mumbai,Durban,5175,20,1,Alternative,2155,Electronics
R1963,Mumbai,Durban,5220,20,2,Alternative,2065,Electronics
R1964,Mumbai,Durban,5275,21,1,Alternative,2180,Electronics
R1965,Mumbai,Durban,5350,22,0,Standard,2125,Electronics
R1966,Mumbai,Durban,5100,19,0,Standard,2300,Automotive
R1967,Mumbai,Durban,5175,20,1,Alternative,2355,Automotive
R1968,Mumbai,Durban,5220,20,2,Alternative,2265,Automotive
R1969,Mumbai,Durban,5275,21,1,Alternative,2380,Automotive
R1970,Mumbai,Durban,5350,22,0,Standard,2325,Automotive
R1971,Mumbai,Durban,5100,19,0,Standard,2350,Machinery and Equipment
R1972,Mumbai,Durban,5175,20,1,Alternative,2405,Machinery and Equipment
R1973,Mumbai,Durban,5220,20,2,Alternative,2315,Machinery and Equipment
R1974,Mumbai,Durban,5275,21,1,Alternative,2430,Machinery and Equipment
R1975,Mumbai,Durban,5350,22,0,Standard,2375,Machinery and Equipment
R1976,Mumbai,Durban,5100,19,0,Standard,1775,General Cargo
R1977,Mumbai,Durban,5175,20,1,Alternative,1830,General Cargo
R1978,Mumbai,Durban,5220,20,2,Alternative,1740,General Cargo
R1979,Mumbai,Durban,5275,21,1,Alternative,1855,General Cargo
R1980,Mumbai,Durban,5350,22,0,Standard,1800,General Cargo
R1981,Mumbai,Port Klang,3300,13,0,Standard,2125,Electronics
R1982,Mumbai,Port Klang,3375,14,1,Alternative,2180,Electronics
R1983,Mumbai,Port Klang,3420,14,2,Alternative,2090,Electronics
R1984,Mumbai,Port Klang,3475,15,1,Alternative,2205,Electronics
R1985,Mumbai,Port Klang,3550,16,0,Standard,2150,Electronics
R1986,Mumbai,Port Klang,3300,13,0,Standard,2325,Automotive
R1987,Mumbai,Port Klang,3375,14,1,Alternative,2380,Automotive
R1988,Mumbai,Port Klang,3420,14,2,Alternative,2290,Automotive
R1989,Mumbai,Port Klang,3475,15,1,Alternative,2405,Automotive
R1990,Mumbai,Port Klang,3550,16,0,Standard,2350,Automotive
R1991,Mumbai,Port Klang,3300,13,0,Standard,2375,Machinery and Equipment
R1992,Mumbai,Port Klang,3375,14,1,Alternative,2430,Machinery and Equipment
R1993,Mumbai,Port Klang,3420,14,2,Alternative,2340,Machinery and Equipment
R1994,Mumbai,Port Klang,3475,15,1,Alternative,2455,Machinery and Equipment
R1995,Mumbai,Port Klang,3550,16,0,Standard,2400,Machinery and Equipment
R1996,Mumbai,Port Klang,3300,13,0,Standard,1800,General Cargo
R1997,Mumbai,Port Klang,3375,14,1,Alternative,1855,General Cargo
R1998,Mumbai,Port Klang,3420,14,2,Alternative,1765,General Cargo
R1999,Mumbai,Port Klang,3475,15,1,Alternative,1880,General Cargo
R2000,Mumbai,Port Klang,3550,16,0,Standard,1825,General Cargo
R2001,Mumbai,Port Said,6100,22,0,Standard,2075,Electronics
R2002,Mumbai,Port Said,6175,23,1,Alternative,2130,Electronics
R2003,Mumbai,Port Said,6220,23,2,Alternative,2040,Electronics
R2004,Mumbai,Port Said,6275,24,1,Alternative,2155,Electronics
R2005,Mumbai,Port Said,6350,25,0,Standard,2100,Electronics
R2006,Mumbai,Port Said,6100,22,0,Standard,2250,Automotive
R2007,Mumbai,Port Said,6175,23,1,Alternative,2305,Automotive
R2008,Mumbai,Port Said,6220,23,2,Alternative,2215,Automotive
R2009,Mumbai,Port Said,6275,24,1,Alternative,2330,Automotive
R2010,Mumbai,Port Said,6350,25,0,Standard,2275,Automotive
R2011,Mumbai,Port Said,6100,22,0,Standard,2300,Machinery and Equipment
R2012,Mumbai,Port Said,6175,23,1,Alternative,2355,Machinery and Equipment
R2013,Mumbai,Port Said,6220,23,2,Alternative,2265,Machinery and Equipment
R2014,Mumbai,Port Said,6275,24,1,Alternative,2380,Machinery and Equipment
R2015,Mumbai,Port Said,6350,25,0,Standard,2325,Machinery and Equipment
R2016,Mumbai,Port Said,6100,22,0,Standard,1750,General Cargo
R2017,Mumbai,Port Said,6175,23,1,Alternative,1805,General Cargo
R2018,Mumbai,Port Said,6220,23,2,Alternative,1715,General Cargo
R2019,Mumbai,Port Said,6275,24,1,Alternative,1830,General Cargo
R2020,Mumbai,Port Said,6350,25,0,Standard,1775,General Cargo
R2021,Mumbai,Jebel Ali,1200,6,0,Standard,1950,Electronics
R2022,Mumbai,Jebel Ali,1275,7,1,Alternative,2005,Electronics
R2023,Mumbai,Jebel Ali,1320,7,2,Alternative,1915,Electronics
R2024,Mumbai,Jebel Ali,1375,8,1,Alternative,2030,Electronics
R2025,Mumbai,Jebel Ali,1450,9,0,Standard,1975,Electronics
R2026,Mumbai,Jebel Ali,1200,6,0,Standard,2125,Automotive
R2027,Mumbai,Jebel Ali,1275,7,1,Alternative,2180,Automotive
R2028,Mumbai,Jebel Ali,1320,7,2,Alternative,2090,Automotive
R2029,Mumbai,Jebel Ali,1375,8,1,Alternative,2205,Automotive
R2030,Mumbai,Jebel Ali,1450,9,0,Standard,2150,Automotive
R2031,Mumbai,Jebel Ali,1200,6,0,Standard,2175,Machinery and Equipment
R2032,Mumbai,Jebel Ali,1275,7,1,Alternative,2230,Machinery and Equipment
R2033,Mumbai,Jebel Ali,1320,7,2,Alternative,2140,Machinery and Equipment
R2034,Mumbai,Jebel Ali,1375,8,1,Alternative,2255,Machinery and Equipment
R2035,Mumbai,Jebel Ali,1450,9,0,Standard,2200,Machinery and Equipment
R2036,Mumbai,Jebel Ali,1200,6,0,Standard,1625,General Cargo
R2037,Mumbai,Jebel Ali,1275,7,1,Alternative,1680,General Cargo
R2038,Mumbai,Jebel Ali,1320,7,2,Alternative,1590,General Cargo
R2039,Mumbai,Jebel Ali,1375,8,1,Alternative,1705,General Cargo
R2040,Mumbai,Jebel Ali,1450,9,0,Standard,1650,General Cargo
R2041,Mumbai,Ho Chi Minh City,4300,17,0,Standard,2000,Electronics
R2042,Mumbai,Ho Chi Minh City,4375,18,1,Alternative,2055,Electronics
R2043,Mumbai,Ho Chi Minh City,4420,18,2,Alternative,1965,Electronics
R2044,Mumbai,Ho Chi Minh City,4475,19,1,Alternative,2080,Electronics
R2045,Mumbai,Ho Chi Minh City,4550,20,0,Standard,2025,Electronics
R2046,Mumbai,Ho Chi Minh City,4300,17,0,Standard,2200,Automotive
R2047,Mumbai,Ho Chi Minh City,4375,18,1,Alternative,2255,Automotive
R2048,Mumbai,Ho Chi Minh City,4420,18,2,Alternative,2165,Automotive
R2049,Mumbai,Ho Chi Minh City,4475,19,1,Alternative,2280,Automotive
R2050,Mumbai,Ho Chi Minh City,4550,20,0,Standard,2225,Automotive
R2051,Mumbai,Ho Chi Minh City,4300,17,0,Standard,2250,Machinery and Equipment
R2052,Mumbai,Ho Chi Minh City,4375,18,1,Alternative,2305,Machinery and Equipment
R2053,Mumbai,Ho Chi Minh City,4420,18,2,Alternative,2215,Machinery and Equipment
R2054,Mumbai,Ho Chi Minh City,4475,19,1,Alternative,2330,Machinery and Equipment
R2055,Mumbai,Ho Chi Minh City,4550,20,0,Standard,2275,Machinery and Equipment
R2056,Mumbai,Ho Chi Minh City,4300,17,0,Standard,1675,General Cargo
R2057,Mumbai,Ho Chi Minh City,4375,18,1,Alternative,1730,General Cargo
R2058,Mumbai,Ho Chi Minh City,4420,18,2,Alternative,1640,General Cargo
R2059,Mumbai,Ho Chi Minh City,4475,19,1,Alternative,1755,General Cargo
R2060,Mumbai,Ho Chi Minh City,4550,20,0,Standard,1700,General Cargo
R2061,Mumbai,Manila,3900,16,0,Standard,2025,Electronics
R2062,Mumbai,Manila,3975,17,1,Alternative,2080,Electronics
R2063,Mumbai,Manila,4020,17,2,Alternative,1990,Electronics
R2064,Mumbai,Manila,4075,18,1,Alternative,2105,Electronics
R2065,Mumbai,Manila,4150,19,0,Standard,2050,Electronics
R2066,Mumbai,Manila,3900,16,0,Standard,2225,Automotive
R2067,Mumbai,Manila,3975,17,1,Alternative,2280,Automotive
R2068,Mumbai,Manila,4020,17,2,Alternative,2190,Automotive
R2069,Mumbai,Manila,4075,18,1,Alternative,2305,Automotive
R2070,Mumbai,Manila,4150,19,0,Standard,2250,Automotive
R2071,Mumbai,Manila,3900,16,0,Standard,2275,Machinery and Equipment
R2072,Mumbai,Manila,3975,17,1,Alternative,2330,Machinery and Equipment
R2073,Mumbai,Manila,4020,17,2,Alternative,2240,Machinery and Equipment
R2074,Mumbai,Manila,4075,18,1,Alternative,2355,Machinery and Equipment
R2075,Mumbai,Manila,4150,19,0,Standard,2300,Machinery and Equipment
R2076,Mumbai,Manila,3900,16,0,Standard,1700,General Cargo
R2077,Mumbai,Manila,3975,17,1,Alternative,1755,General Cargo
R2078,Mumbai,Manila,4020,17,2,Alternative,1665,General Cargo
R2079,Mumbai,Manila,4075,18,1,Alternative,1780,General Cargo
R2080,Mumbai,Manila,4150,19,0,Standard,1725,General Cargo
R2081,Mumbai,Barcelona,6500,21,0,Standard,2050,Electronics
R2082,Mumbai,Barcelona,6575,22,1,Alternative,2105,Electronics
R2083,Mumbai,Barcelona,6620,22,2,Alternative,2015,Electronics
R2084,Mumbai,Barcelona,6675,23,1,Alternative,2130,Electronics
R2085,Mumbai,Barcelona,6750,24,0,Standard,2075,Electronics
R2086,Mumbai,Barcelona,6500,21,0,Standard,2250,Automotive
R2087,Mumbai,Barcelona,6575,22,1,Alternative,2305,Automotive
R2088,Mumbai,Barcelona,6620,22,2,Alternative,2215,Automotive
R2089,Mumbai,Barcelona,6675,23,1,Alternative,2330,Automotive
R2090,Mumbai,Barcelona,6750,24,0,Standard,2275,Automotive
R2091,Mumbai,Barcelona,6500,21,0,Standard,2300,Machinery and Equipment
R2092,Mumbai,Barcelona,6575,22,1,Alternative,2355,Machinery and Equipment
R2093,Mumbai,Barcelona,6620,22,2,Alternative,2265,Machinery and Equipment
R2094,Mumbai,Barcelona,6675,23,1,Alternative,2380,Machinery and Equipment
R2095,Mumbai,Barcelona,6750,24,0,Standard,2325,Machinery and Equipment
R2096,Mumbai,Barcelona,6500,21,0,Standard,1750,General Cargo
R2097,Mumbai,Barcelona,6575,22,1,Alternative,1805,General Cargo
R2098,Mumbai,Barcelona,6620,22,2,Alternative,1715,General Cargo
R2099,Mumbai,Barcelona,6675,23,1,Alternative,1830,General Cargo
R2100,Mumbai,Barcelona,6750,24,0,Standard,1775,General Cargo
R2101,Kolkata,Rotterdam,8700,26,0,Standard,2100,Electronics
R2102,Kolkata,Rotterdam,8775,27,1,Alternative,2155,Electronics
R2103,Kolkata,Rotterdam,8820,27,2,Alternative,2065,Electronics
R2104,Kolkata,Rotterdam,8875,28,1,Alternative,2180,Electronics
R2105,Kolkata,Rotterdam,8950,29,0,Standard,2125,Electronics
R2106,Kolkata,Rotterdam,8700,26,0,Standard,2300,Automotive
R2107,Kolkata,Rotterdam,8775,27,1,Alternative,2355,Automotive
R2108,Kolkata,Rotterdam,8820,27,2,Alternative,2265,Automotive
R2109,Kolkata,Rotterdam,8875,28,1,Alternative,2380,Automotive
R2110,Kolkata,Rotterdam,8950,29,0,Standard,2325,Automotive
R2111,Kolkata,Rotterdam,8700,26,0,Standard,2350,Machinery and Equipment
R2112,Kolkata,Rotterdam,8775,27,1,Alternative,2405,Machinery and Equipment
R2113,Kolkata,Rotterdam,8820,27,2,Alternative,2315,Machinery and Equipment
R2114,Kolkata,Rotterdam,8875,28,1,Alternative,2430,Machinery and Equipment
R2115,Kolkata,Rotterdam,8950,29,0,Standard,2375,Machinery and Equipment
R2116,Kolkata,Rotterdam,8700,26,0,Standard,1775,General Cargo
R2117,Kolkata,Rotterdam,8775,27,1,Alternative,1830,General Cargo
R2118,Kolkata,Rotterdam,8820,27,2,Alternative,1740,General Cargo
R2119,Kolkata,Rotterdam,8875,28,1,Alternative,1855,General Cargo
R2120,Kolkata,Rotterdam,8950,29,0,Standard,1800,General Cargo
R2121,Kolkata,Singapore,4100,16,0,Standard,2050,Electronics
R2122,Kolkata,Singapore,4175,17,1,Alternative,2105,Electronics
R2123,Kolkata,Singapore,4220,17,2,Alternative,2015,Electronics
R2124,Kolkata,Singapore,4275,18,1,Alternative,2130,Electronics
R2125,Kolkata,Singapore,4350,19,0,Standard,2075,Electronics
R2126,Kolkata,Singapore,4100,16,0,Standard,2250,Automotive
R2127,Kolkata,Singapore,4175,17,1,Alternative,2305,Automotive
R2128,Kolkata,Singapore,4220,17,2,Alternative,2215,Automotive
R2129,Kolkata,Singapore,4275,18,1,Alternative,2330,Automotive
R2130,Kolkata,Singapore,4350,19,0,Standard,2275,Automotive
R2131,Kolkata,Singapore,4100,16,0,Standard,2300,Machinery and Equipment
R2132,Kolkata,Singapore,4175,17,1,Alternative,2355,Machinery and Equipment
R2133,Kolkata,Singapore,4220,17,2,Alternative,2265,Machinery and Equipment
R2134,Kolkata,Singapore,4275,18,1,Alternative,2380,Machinery and Equipment
R2135,Kolkata,Singapore,4350,19,0,Standard,2325,Machinery and Equipment
R2136,Kolkata,Singapore,4100,16,0,Standard,1800,General Cargo
R2137,Kolkata,Singapore,4175,17,1,Alternative,1855,General Cargo
R2138,Kolkata,Singapore,4220,17,2,Alternative,1765,General Cargo
R2139,Kolkata,Singapore,4275,18,1,Alternative,1880,General Cargo
R2140,Kolkata,Singapore,4350,19,0,Standard,1825,General Cargo
R2141,Kolkata,Jeddah,5000,19,0,Standard,2075,Electronics
R2142,Kolkata,Jeddah,5075,20,1,Alternative,2130,Electronics
R2143,Kolkata,Jeddah,5120,20,2,Alternative,2040,Electronics
R2144,Kolkata,Jeddah,5175,21,1,Alternative,2155,Electronics
R2145,Kolkata,Jeddah,5250,22,0,Standard,2100,Electronics
R2146,Kolkata,Jeddah,5000,19,0,Standard,2275,Automotive
R2147,Kolkata,Jeddah,5075,20,1,Alternative,2330,Automotive
R2148,Kolkata,Jeddah,5120,20,2,Alternative,2240,Automotive
R2149,Kolkata,Jeddah,5175,21,1,Alternative,2355,Automotive
R2150,Kolkata,Jeddah,5250,22,0,Standard,2300,Automotive
R2151,Kolkata,Jeddah,5000,19,0,Standard,2300,Machinery and Equipment
R2152,Kolkata,Jeddah,5075,20,1,Alternative,2355,Machinery and Equipment
R2153,Kolkata,Jeddah,5120,20,2,Alternative,2265,Machinery and Equipment
R2154,Kolkata,Jeddah,5175,21,1,Alternative,2380,Machinery and Equipment
R2155,Kolkata,Jeddah,5250,22,0,Standard,2325,Machinery and Equipment
R2156,Kolkata,Jeddah,5000,19,0,Standard,1825,General Cargo
R2157,Kolkata,Jeddah,5075,20,1,Alternative,1880,General Cargo
R2158,Kolkata,Jeddah,5120,20,2,Alternative,1790,General Cargo
R2159,Kolkata,Jeddah,5175,21,1,Alternative,1905,General Cargo
R2160,Kolkata,Jeddah,5250,22,0,Standard,1850,General Cargo
R2161,Kolkata,Colombo,2600,11,0,Standard,2000,Electronics
R2162,Kolkata,Colombo,2675,12,1,Alternative,2055,Electronics
R2163,Kolkata,Colombo,2720,12,2,Alternative,1965,Electronics
R2164,Kolkata,Colombo,2775,13,1,Alternative,2080,Electronics
R2165,Kolkata,Colombo,2850,14,0,Standard,2025,Electronics
R2166,Kolkata,Colombo,2600,11,0,Standard,2200,Automotive
R2167,Kolkata,Colombo,2675,12,1,Alternative,2255,Automotive
R2168,Kolkata,Colombo,2720,12,2,Alternative,2165,Automotive
R2169,Kolkata,Colombo,2775,13,1,Alternative,2280,Automotive
R2170,Kolkata,Colombo,2850,14,0,Standard,2225,Automotive
R2171,Kolkata,Colombo,2600,11,0,Standard,2250,Machinery and Equipment
R2172,Kolkata,Colombo,2675,12,1,Alternative,2305,Machinery and Equipment
R2173,Kolkata,Colombo,2720,12,2,Alternative,2215,Machinery and Equipment
R2174,Kolkata,Colombo,2775,13,1,Alternative,2330,Machinery and Equipment
R2175,Kolkata,Colombo,2850,14,0,Standard,2275,Machinery and Equipment
R2176,Kolkata,Colombo,2600,11,0,Standard,1775,General Cargo
R2177,Kolkata,Colombo,2675,12,1,Alternative,1830,General Cargo
R2178,Kolkata,Colombo,2720,12,2,Alternative,1740,General Cargo
R2179,Kolkata,Colombo,2775,13,1,Alternative,1855,General Cargo
R2180,Kolkata,Colombo,2850,14,0,Standard,1800,General Cargo
R2181,Kolkata,Port Klang,3500,14,0,Standard,2050,Electronics
R2182,Kolkata,Port Klang,3575,15,1,Alternative,2105,Electronics
R2183,Kolkata,Port Klang,3620,15,2,Alternative,2015,Electronics
R2184,Kolkata,Port Klang,3675,16,1,Alternative,2130,Electronics
R2185,Kolkata,Port Klang,3750,17,0,Standard,2075,Electronics
R2186,Kolkata,Port Klang,3500,14,0,Standard,2250,Automotive
R2187,Kolkata,Port Klang,3575,15,1,Alternative,2305,Automotive
R2188,Kolkata,Port Klang,3620,15,2,Alternative,2215,Automotive
R2189,Kolkata,Port Klang,3675,16,1,Alternative,2330,Automotive
R2190,Kolkata,Port Klang,3750,17,0,Standard,2275,Automotive
R2191,Kolkata,Port Klang,3500,14,0,Standard,2300,Machinery and Equipment
R2192,Kolkata,Port Klang,3575,15,1,Alternative,2355,Machinery and Equipment
R2193,Kolkata,Port Klang,3620,15,2,Alternative,2265,Machinery and Equipment
R2194,Kolkata,Port Klang,3675,16,1,Alternative,2380,Machinery and Equipment
R2195,Kolkata,Port Klang,3750,17,0,Standard,2325,Machinery and Equipment
R2196,Kolkata,Port Klang,3500,14,0,Standard,1800,General Cargo
R2197,Kolkata,Port Klang,3575,15,1,Alternative,1855,General Cargo
R2198,Kolkata,Port Klang,3620,15,2,Alternative,1765,General Cargo
R2199,Kolkata,Port Klang,3675,16,1,Alternative,1880,General Cargo
R2200,Kolkata,Port Klang,3750,17,0,Standard,1825,General Cargo
R2201,Kolkata,Piraeus,7600,24,0,Standard,2100,Electronics
R2202,Kolkata,Piraeus,7675,25,1,Alternative,2155,Electronics
R2203,Kolkata,Piraeus,7720,25,2,Alternative,2065,Electronics
R2204,Kolkata,Piraeus,7775,26,1,Alternative,2180,Electronics
R2205,Kolkata,Piraeus,7850,27,0,Standard,2125,Electronics
R2206,Kolkata,Piraeus,7600,24,0,Standard,2300,Automotive
R2207,Kolkata,Piraeus,7675,25,1,Alternative,2355,Automotive
R2208,Kolkata,Piraeus,7720,25,2,Alternative,2265,Automotive
R2209,Kolkata,Piraeus,7775,26,1,Alternative,2380,Automotive
R2210,Kolkata,Piraeus,7850,27,0,Standard,2325,Automotive
R2211,Kolkata,Piraeus,7600,24,0,Standard,2350,Machinery and Equipment
R2212,Kolkata,Piraeus,7675,25,1,Alternative,2405,Machinery and Equipment
R2213,Kolkata,Piraeus,7720,25,2,Alternative,2315,Machinery and Equipment
R2214,Kolkata,Piraeus,7775,26,1,Alternative,2430,Machinery and Equipment
R2215,Kolkata,Piraeus,7850,27,0,Standard,2375,Machinery and Equipment
R2216,Kolkata,Piraeus,7600,24,0,Standard,1825,General Cargo
R2217,Kolkata,Piraeus,7675,25,1,Alternative,1880,General Cargo
R2218,Kolkata,Piraeus,7720,25,2,Alternative,1790,General Cargo
R2219,Kolkata,Piraeus,7775,26,1,Alternative,1905,General Cargo
R2220,Kolkata,Piraeus,7850,27,0,Standard,1850,General Cargo
R2221,Kolkata,Valencia,7000,22,0,Standard,2150,Electronics
R2222,Kolkata,Valencia,7075,23,1,Alternative,2205,Electronics
R2223,Kolkata,Valencia,7120,23,2,Alternative,2115,Electronics
R2224,Kolkata,Valencia,7175,24,1,Alternative,2230,Electronics
R2225,Kolkata,Valencia,7250,25,0,Standard,2175,Electronics
R2226,Kolkata,Valencia,7000,22,0,Standard,2350,Automotive
R2227,Kolkata,Valencia,7075,23,1,Alternative,2405,Automotive
R2228,Kolkata,Valencia,7120,23,2,Alternative,2315,Automotive
R2229,Kolkata,Valencia,7175,24,1,Alternative,2430,Automotive
R2230,Kolkata,Valencia,7250,25,0,Standard,2375,Automotive
R2231,Kolkata,Valencia,7000,22,0,Standard,2400,Machinery and Equipment
R2232,Kolkata,Valencia,7075,23,1,Alternative,2455,Machinery and Equipment
R2233,Kolkata,Valencia,7120,23,2,Alternative,2365,Machinery and Equipment
R2234,Kolkata,Valencia,7175,24,1,Alternative,2480,Machinery and Equipment
R2235,Kolkata,Valencia,7250,25,0,Standard,2425,Machinery and Equipment
R2236,Kolkata,Valencia,7000,22,0,Standard,1850,General Cargo
R2237,Kolkata,Valencia,7075,23,1,Alternative,1905,General Cargo
R2238,Kolkata,Valencia,7120,23,2,Alternative,1815,General Cargo
R2239,Kolkata,Valencia,7175,24,1,Alternative,1930,General Cargo
R2240,Kolkata,Valencia,7250,25,0,Standard,1875,General Cargo
R2241,Kolkata,Durban,6500,23,0,Standard,2200,Electronics
R2242,Kolkata,Durban,6575,24,1,Alternative,2255,Electronics
R2243,Kolkata,Durban,6620,24,2,Alternative,2165,Electronics
R2244,Kolkata,Durban,6675,25,1,Alternative,2280,Electronics
R2245,Kolkata,Durban,6750,26,0,Standard,2225,Electronics
R2246,Kolkata,Durban,6500,23,0,Standard,2400,Automotive
R2247,Kolkata,Durban,6575,24,1,Alternative,2455,Automotive
R2248,Kolkata,Durban,6620,24,2,Alternative,2365,Automotive
R2249,Kolkata,Durban,6675,25,1,Alternative,2480,Automotive
R2250,Kolkata,Durban,6750,26,0,Standard,2425,Automotive
R2251,Kolkata,Durban,9340,28,2,Alternative,2430,Machinery and Equipment
R2252,Kolkata,Durban,9415,29,1,Alternative,2355,Machinery and Equipment
R2253,Kolkata,Durban,9460,29,0,Standard,2490,Machinery and Equipment
R2254,Kolkata,Durban,9515,30,1,Alternative,2415,Machinery and Equipment
R2255,Kolkata,Durban,9590,31,0,Standard,2570,Machinery and Equipment
R2256,Kolkata,Durban,9340,28,0,Standard,1980,General Cargo
R2257,Kolkata,Durban,9415,29,1,Alternative,1905,General Cargo
R2258,Kolkata,Durban,9460,29,2,Alternative,2040,General Cargo
R2259,Kolkata,Durban,9515,30,1,Alternative,1965,General Cargo
R2260,Kolkata,Durban,9590,31,0,Standard,2120,General Cargo
R2261,Kolkata,Luanda,10250,31,0,Standard,2200,Electronics
R2262,Kolkata,Luanda,10325,32,1,Alternative,2255,Electronics
R2263,Kolkata,Luanda,10370,32,2,Alternative,2165,Electronics
R2264,Kolkata,Luanda,10425,33,1,Alternative,2280,Electronics
R2265,Kolkata,Luanda,10500,34,0,Standard,2225,Electronics
R2266,Kolkata,Luanda,10250,31,0,Standard,2600,Automotive
R2267,Kolkata,Luanda,10325,32,1,Alternative,2655,Automotive
R2268,Kolkata,Luanda,10370,32,2,Alternative,2565,Automotive
R2269,Kolkata,Luanda,10425,33,1,Alternative,2680,Automotive
R2270,Kolkata,Luanda,10500,34,0,Standard,2625,Automotive
R2271,Kolkata,Luanda,10250,31,0,Standard,2450,Machinery and Equipment
R2272,Kolkata,Luanda,10325,32,1,Alternative,2505,Machinery and Equipment
R2273,Kolkata,Luanda,10370,32,2,Alternative,2415,Machinery and Equipment
R2274,Kolkata,Luanda,10425,33,1,Alternative,2530,Machinery and Equipment
R2275,Kolkata,Luanda,10500,34,0,Standard,2475,Machinery and Equipment
R2276,Kolkata,Luanda,10250,31,0,Standard,2000,General Cargo
R2277,Kolkata,Luanda,10325,32,1,Alternative,2055,General Cargo
R2278,Kolkata,Luanda,10370,32,2,Alternative,1965,General Cargo
R2279,Kolkata,Luanda,10425,33,1,Alternative,2080,General Cargo
R2280,Kolkata,Luanda,10500,34,0,Standard,2025,General Cargo
R2281,Kolkata,Manila,3850,15,0,Standard,2050,Electronics
R2282,Kolkata,Manila,3925,16,1,Alternative,2105,Electronics
R2283,Kolkata,Manila,3970,16,2,Alternative,2015,Electronics
R2284,Kolkata,Manila,4025,17,1,Alternative,2130,Electronics
R2285,Kolkata,Manila,4100,18,0,Standard,2075,Electronics
R2286,Kolkata,Manila,3850,15,0,Standard,2250,Automotive
R2287,Kolkata,Manila,3925,16,1,Alternative,2305,Automotive
R2288,Kolkata,Manila,3970,16,2,Alternative,2215,Automotive
R2289,Kolkata,Manila,4025,17,1,Alternative,2330,Automotive
R2290,Kolkata,Manila,4100,18,0,Standard,2275,Automotive
R2291,Kolkata,Manila,3850,15,0,Standard,2300,Machinery and Equipment
R2292,Kolkata,Manila,3925,16,1,Alternative,2355,Machinery and Equipment
R2293,Kolkata,Manila,3970,16,2,Alternative,2265,Machinery and Equipment
R2294,Kolkata,Manila,4025,17,1,Alternative,2380,Machinery and Equipment
R2295,Kolkata,Manila,4100,18,0,Standard,2325,Machinery and Equipment
R2296,Kolkata,Manila,3850,15,0,Standard,1800,General Cargo
R2297,Kolkata,Manila,3925,16,1,Alternative,1855,General Cargo
R2298,Kolkata,Manila,3970,16,2,Alternative,1765,General Cargo
R2299,Kolkata,Manila,4025,17,1,Alternative,1880,General Cargo
R2300,Kolkata,Manila,4100,18,0,Standard,1825,General Cargo
R2301,Kolkata,Shanghai,4100,16,0,Standard,2050,Electronics
R2302,Kolkata,Shanghai,4175,17,1,Alternative,1355,Electronics
R2303,Kolkata,Shanghai,4220,17,2,Alternative,1265,Electronics
R2304,Kolkata,Shanghai,4275,18,1,Alternative,1380,Electronics
R2305,Kolkata,Shanghai,4350,19,0,Standard,1325,Electronics
R2306,Kolkata,Shanghai,4100,16,0,Standard,2250,Automotive
R2307,Kolkata,Shanghai,4175,17,1,Alternative,1615,Automotive
R2308,Kolkata,Shanghai,4220,17,2,Alternative,1525,Automotive
R2309,Kolkata,Shanghai,4275,18,1,Alternative,1640,Automotive
R2310,Kolkata,Shanghai,4350,19,0,Standard,1585,Automotive
R2311,Kolkata,Shanghai,4100,16,0,Standard,2300,Machinery and Equipment
R2312,Kolkata,Shanghai,4175,17,1,Alternative,1485,Machinery and Equipment
R2313,Kolkata,Shanghai,4220,17,2,Alternative,1395,Machinery and Equipment
R2314,Kolkata,Shanghai,4275,18,1,Alternative,1510,Machinery and Equipment
R2315,Kolkata,Shanghai,4350,19,0,Standard,1455,Machinery and Equipment
R2316,Kolkata,Shanghai,4100,16,0,Standard,1800,General Cargo
R2317,Kolkata,Shanghai,4175,17,1,Alternative,1215,General Cargo
R2318,Kolkata,Shanghai,4220,17,2,Alternative,1125,General Cargo
R2319,Kolkata,Shanghai,4275,18,1,Alternative,1240,General Cargo
R2320,Kolkata,Shanghai,4350,19,0,Standard,1185,General Cargo
R2321,Kolkata,Ho Chi Minh City,3650,14,0,Standard,2050,Electronics
R2322,Kolkata,Ho Chi Minh City,3725,15,1,Alternative,2105,Electronics
R2323,Kolkata,Ho Chi Minh City,3770,15,2,Alternative,2015,Electronics
R2324,Kolkata,Ho Chi Minh City,3825,16,1,Alternative,2130,Electronics
R2325,Kolkata,Ho Chi Minh City,3900,17,0,Standard,2075,Electronics
R2326,Kolkata,Ho Chi Minh City,3650,14,0,Standard,2250,Automotive
R2327,Kolkata,Ho Chi Minh City,3725,15,1,Alternative,2305,Automotive
R2328,Kolkata,Ho Chi Minh City,3770,15,2,Alternative,2215,Automotive
R2329,Kolkata,Ho Chi Minh City,3825,16,1,Alternative,2330,Automotive
R2330,Kolkata,Ho Chi Minh City,3900,17,0,Standard,2275,Automotive
R2331,Kolkata,Ho Chi Minh City,3650,14,0,Standard,2300,Machinery and Equipment
R2332,Kolkata,Ho Chi Minh City,3725,15,1,Alternative,2355,Machinery and Equipment
R2333,Kolkata,Ho Chi Minh City,3770,15,2,Alternative,2265,Machinery and Equipment
R2334,Kolkata,Ho Chi Minh City,3825,16,1,Alternative,2380,Machinery and Equipment
R2335,Kolkata,Ho Chi Minh City,3900,17,0,Standard,2325,Machinery and Equipment
R2336,Kolkata,Ho Chi Minh City,3650,14,0,Standard,1800,General Cargo
R2337,Kolkata,Ho Chi Minh City,3725,15,1,Alternative,1855,General Cargo
R2338,Kolkata,Ho Chi Minh City,3770,15,2,Alternative,1765,General Cargo
R2339,Kolkata,Ho Chi Minh City,3825,16,1,Alternative,1880,General Cargo
R2340,Kolkata,Ho Chi Minh City,3900,17,0,Standard,1825,General Cargo
R2341,Kolkata,Port Said,7850,24,0,Standard,2100,Electronics
R2342,Kolkata,Port Said,7925,25,1,Alternative,1840,Electronics
R2343,Kolkata,Port Said,7970,25,2,Alternative,1750,Electronics
R2344,Kolkata,Port Said,8025,26,1,Alternative,1865,Electronics
R2345,Kolkata,Port Said,8100,27,0,Standard,1810,Electronics
R2346,Kolkata,Port Said,7850,24,0,Standard,2300,Automotive
R2347,Kolkata,Port Said,7925,25,1,Alternative,2110,Automotive
R2348,Kolkata,Port Said,7970,25,2,Alternative,2020,Automotive
R2349,Kolkata,Port Said,8025,26,1,Alternative,2135,Automotive
R2350,Kolkata,Port Said,8100,27,0,Standard,2080,Automotive
R2351,Kolkata,Port Said,7850,24,0,Standard,2350,Machinery and Equipment
R2352,Kolkata,Port Said,7925,25,1,Alternative,2333,Machinery and Equipment
R2353,Kolkata,Port Said,7970,25,2,Alternative,2243,Machinery and Equipment
R2354,Kolkata,Port Said,8025,26,1,Alternative,2358,Machinery and Equipment
R2355,Kolkata,Port Said,8100,27,0,Standard,2303,Machinery and Equipment
R2356,Kolkata,Port Said,7850,24,0,Standard,1825,General Cargo
R2357,Kolkata,Port Said,7925,25,1,Alternative,1547,General Cargo
R2358,Kolkata,Port Said,7970,25,2,Alternative,1457,General Cargo
R2359,Kolkata,Port Said,8025,26,1,Alternative,1572,General Cargo
R2360,Kolkata,Port Said,8100,27,0,Standard,1517,General Cargo
R2361,Kolkata,Jebel Ali,5850,19,0,Standard,1480,Electronics
R2362,Kolkata,Jebel Ali,5925,20,1,Alternative,1405,Electronics
R2363,Kolkata,Jebel Ali,5970,20,2,Alternative,1540,Electronics
R2364,Kolkata,Jebel Ali,6025,21,1,Alternative,1465,Electronics
R2365,Kolkata,Jebel Ali,6100,22,0,Standard,1620,Electronics
R2366,Kolkata,Jebel Ali,5850,19,0,Standard,1840,Automotive
R2367,Kolkata,Jebel Ali,5925,20,1,Alternative,1765,Automotive
R2368,Kolkata,Jebel Ali,5970,20,2,Alternative,1900,Automotive
R2369,Kolkata,Jebel Ali,6025,21,1,Alternative,1825,Automotive
R2370,Kolkata,Jebel Ali,6100,22,0,Standard,1980,Automotive
R2371,Kolkata,Jebel Ali,5850,19,0,Standard,1690,Machinery and Equipment
R2372,Kolkata,Jebel Ali,5925,20,1,Alternative,1615,Machinery and Equipment
R2373,Kolkata,Jebel Ali,5970,20,2,Alternative,1750,Machinery and Equipment
R2374,Kolkata,Jebel Ali,6025,21,1,Alternative,1675,Machinery and Equipment
R2375,Kolkata,Jebel Ali,6100,22,0,Standard,1830,Machinery and Equipment
R2376,Kolkata,Jebel Ali,5850,19,0,Standard,1320,General Cargo
R2377,Kolkata,Jebel Ali,5925,20,1,Alternative,1245,General Cargo
R2378,Kolkata,Jebel Ali,5970,20,2,Alternative,1380,General Cargo
R2379,Kolkata,Jebel Ali,6025,21,1,Alternative,1305,General Cargo
R2380,Kolkata,Jebel Ali,6100,22,0,Standard,1460,General Cargo
R2381,Kolkata,Piraeus,7200,23,0,Standard,2100,Electronics
R2382,Kolkata,Piraeus,7275,24,1,Alternative,2155,Electronics
R2383,Kolkata,Piraeus,7320,24,2,Alternative,2065,Electronics
R2384,Kolkata,Piraeus,7375,25,1,Alternative,2180,Electronics
R2385,Kolkata,Piraeus,7450,26,0,Standard,2125,Electronics
R2386,Kolkata,Piraeus,7200,23,0,Standard,2300,Automotive
R2387,Kolkata,Piraeus,7275,24,1,Alternative,2355,Automotive
R2388,Kolkata,Piraeus,7320,24,2,Alternative,2265,Automotive
R2389,Kolkata,Piraeus,7375,25,1,Alternative,2380,Automotive
R2390,Kolkata,Piraeus,7450,26,0,Standard,2325,Automotive
R2391,Kolkata,Piraeus,7200,23,0,Standard,2350,Machinery and Equipment
R2392,Kolkata,Piraeus,7275,24,1,Alternative,2405,Machinery and Equipment
R2393,Kolkata,Piraeus,7320,24,2,Alternative,2315,Machinery and Equipment
R2394,Kolkata,Piraeus,7375,25,1,Alternative,2430,Machinery and Equipment
R2395,Kolkata,Piraeus,7450,26,0,Standard,2375,Machinery and Equipment
R2396,Kolkata,Piraeus,7200,23,0,Standard,1825,General Cargo
R2397,Kolkata,Piraeus,7275,24,1,Alternative,1880,General Cargo
R2398,Kolkata,Piraeus,7320,24,2,Alternative,1790,General Cargo
R2399,Kolkata,Piraeus,7375,25,1,Alternative,1905,General Cargo
R2400,Kolkata,Piraeus,7450,26,0,Standard,1850,General Cargo
R2401,Kolkata,Mombasa,5850,19,0,Standard,1480,Electronics
R2402,Kolkata,Mombasa,5925,20,1,Alternative,1535,Electronics
R2403,Kolkata,Mombasa,5970,20,2,Alternative,1445,Electronics
R2404,Kolkata,Mombasa,6025,21,1,Alternative,1560,Electronics
R2405,Kolkata,Mombasa,6100,22,0,Standard,2225,Electronics
R2406,Kolkata,Mombasa,5850,19,0,Standard,1840,Automotive
R2407,Kolkata,Mombasa,5925,20,1,Alternative,1895,Automotive
R2408,Kolkata,Mombasa,5970,20,2,Alternative,1805,Automotive
R2409,Kolkata,Mombasa,6025,21,1,Alternative,1920,Automotive
R2410,Kolkata,Mombasa,6100,22,0,Standard,2425,Automotive
R2411,Kolkata,Mombasa,5850,19,0,Standard,1690,Machinery and Equipment
R2412,Kolkata,Mombasa,5925,20,1,Alternative,1745,Machinery and Equipment
R2413,Kolkata,Mombasa,5970,20,2,Alternative,1655,Machinery and Equipment
R2414,Kolkata,Mombasa,6025,21,1,Alternative,1770,Machinery and Equipment
R2415,Kolkata,Mombasa,6100,22,0,Standard,1825,Machinery and Equipment
R2416,Kolkata,Mombasa,5850,19,0,Standard,1320,General Cargo
R2417,Kolkata,Mombasa,5925,20,1,Alternative,1375,General Cargo
R2418,Kolkata,Mombasa,5970,20,2,Alternative,1285,General Cargo
R2419,Kolkata,Mombasa,6025,21,1,Alternative,1400,General Cargo
R2420,Kolkata,Mombasa,6100,22,0,Standard,1475,General Cargo
R2421,Kolkata,Durban,8950,27,0,Standard,2180,Electronics
R2422,Kolkata,Durban,9025,28,1,Alternative,2105,Electronics
R2423,Kolkata,Durban,9070,28,2,Alternative,2240,Electronics
R2424,Kolkata,Durban,9125,29,1,Alternative,2165,Electronics
R2425,Kolkata,Durban,9200,30,0,Standard,2320,Electronics
R2426,Kolkata,Durban,8950,27,0,Standard,2580,Automotive
R2427,Kolkata,Durban,9025,28,1,Alternative,2505,Automotive
R2428,Kolkata,Durban,9070,28,2,Alternative,2640,Automotive
R2429,Kolkata,Durban,9125,29,1,Alternative,2565,Automotive
R2430,Kolkata,Durban,9200,30,0,Standard,2720,Automotive
R2431,Kolkata,Durban,8950,27,0,Standard,2430,Machinery and Equipment
R2432,Kolkata,Durban,9025,28,1,Alternative,2355,Machinery and Equipment
R2433,Kolkata,Durban,9070,28,2,Alternative,2490,Machinery and Equipment
R2434,Kolkata,Durban,9125,29,1,Alternative,2415,Machinery and Equipment
R2435,Kolkata,Durban,9200,30,0,Standard,2570,Machinery and Equipment
R2436,Kolkata,Durban,8950,27,0,Standard,1980,General Cargo
R2437,Kolkata,Durban,9025,28,1,Alternative,1905,General Cargo
R2438,Kolkata,Durban,9070,28,2,Alternative,2040,General Cargo
R2439,Kolkata,Durban,9125,29,1,Alternative,1965,General Cargo
R2440,Kolkata,Durban,9200,30,0,Standard,2120,General Cargo
R2441,Kolkata,Valencia,7200,23,0,Standard,2150,Electronics
R2442,Kolkata,Valencia,7275,24,1,Alternative,2205,Electronics
R2443,Kolkata,Valencia,7320,24,2,Alternative,2115,Electronics
R2444,Kolkata,Valencia,7375,25,1,Alternative,2230,Electronics
R2445,Kolkata,Valencia,7450,26,0,Standard,2175,Electronics
R2446,Kolkata,Valencia,7200,23,0,Standard,2350,Automotive
R2447,Kolkata,Valencia,7275,24,1,Alternative,2405,Automotive
R2448,Kolkata,Valencia,7320,24,2,Alternative,2315,Automotive
R2449,Kolkata,Valencia,7375,25,1,Alternative,2430,Automotive
R2450,Kolkata,Valencia,7450,26,0,Standard,2375,Automotive
R2451,Kolkata,Valencia,7200,23,0,Standard,2400,Machinery and Equipment
R2452,Kolkata,Valencia,7275,24,1,Alternative,2455,Machinery and Equipment
R2453,Kolkata,Valencia,7320,24,2,Alternative,2365,Machinery and Equipment
R2454,Kolkata,Valencia,7375,25,1,Alternative,2480,Machinery and Equipment
R2455,Kolkata,Valencia,7450,26,0,Standard,2425,Machinery and Equipment
R2456,Kolkata,Valencia,7200,23,0,Standard,1850,General Cargo
R2457,Kolkata,Valencia,7275,24,1,Alternative,1905,General Cargo
R2458,Kolkata,Valencia,7320,24,2,Alternative,1815,General Cargo
R2459,Kolkata,Valencia,7375,25,1,Alternative,1930,General Cargo
R2460,Kolkata,Valencia,7450,26,0,Standard,1875,General Cargo
R2461,Visakhapatnam,Rotterdam,10800,33,0,Standard,2072,Electronics
R2462,Visakhapatnam,Rotterdam,10875,34,1,Alternative,2108,Electronics
R2463,Visakhapatnam,Rotterdam,10920,34,2,Alternative,2128,Electronics
R2464,Visakhapatnam,Rotterdam,10975,35,1,Alternative,2152,Electronics
R2465,Visakhapatnam,Rotterdam,11050,36,0,Standard,2188,Electronics
R2466,Visakhapatnam,Rotterdam,10800,33,0,Standard,1980,Automotive
R2467,Visakhapatnam,Rotterdam,10875,34,1,Alternative,2015,Automotive
R2468,Visakhapatnam,Rotterdam,10920,34,2,Alternative,2035,Automotive
R2469,Visakhapatnam,Rotterdam,10975,35,1,Alternative,2060,Automotive
R2470,Visakhapatnam,Rotterdam,11050,36,0,Standard,2095,Automotive
R2471,Visakhapatnam,Rotterdam,10800,33,0,Standard,2258,Machinery and Equipment
R2472,Visakhapatnam,Rotterdam,10875,34,1,Alternative,2292,Machinery and Equipment
R2473,Visakhapatnam,Rotterdam,10920,34,2,Alternative,2312,Machinery and Equipment
R2474,Visakhapatnam,Rotterdam,10975,35,1,Alternative,2338,Machinery and Equipment
R2475,Visakhapatnam,Rotterdam,11050,36,0,Standard,2372,Machinery and Equipment
R2476,Visakhapatnam,Rotterdam,10800,33,0,Standard,1610,General Cargo
R2477,Visakhapatnam,Rotterdam,10875,34,1,Alternative,1645,General Cargo
R2478,Visakhapatnam,Rotterdam,10920,34,2,Alternative,1665,General Cargo
R2479,Visakhapatnam,Rotterdam,10975,35,1,Alternative,1690,General Cargo
R2480,Visakhapatnam,Rotterdam,11050,36,0,Standard,1725,General Cargo
R2481,Visakhapatnam,Singapore,3100,12,0,Standard,1072,Electronics
R2482,Visakhapatnam,Singapore,3175,13,1,Alternative,1185,Electronics
R2483,Visakhapatnam,Singapore,3220,13,2,Alternative,1320,Electronics
R2484,Visakhapatnam,Singapore,3275,14,1,Alternative,1245,Electronics
R2485,Visakhapatnam,Singapore,3350,15,0,Standard,1400,Electronics
R2486,Visakhapatnam,Singapore,3100,12,0,Standard,1023,Automotive
R2487,Visakhapatnam,Singapore,3175,13,1,Alternative,1445,Automotive
R2488,Visakhapatnam,Singapore,3220,13,2,Alternative,1580,Automotive
R2489,Visakhapatnam,Singapore,3275,14,1,Alternative,1505,Automotive
R2490,Visakhapatnam,Singapore,3350,15,0,Standard,1660,Automotive
R2491,Visakhapatnam,Singapore,3100,12,0,Standard,1170,Machinery and Equipment
R2492,Visakhapatnam,Singapore,3175,13,1,Alternative,1315,Machinery and Equipment
R2493,Visakhapatnam,Singapore,3220,13,2,Alternative,1450,Machinery and Equipment
R2494,Visakhapatnam,Singapore,3275,14,1,Alternative,1375,Machinery and Equipment
R2495,Visakhapatnam,Singapore,3350,15,0,Standard,1530,Machinery and Equipment
R2496,Visakhapatnam,Singapore,3100,12,0,Standard,827,General Cargo
R2497,Visakhapatnam,Singapore,3175,13,1,Alternative,1045,General Cargo
R2498,Visakhapatnam,Singapore,3220,13,2,Alternative,1180,General Cargo
R2499,Visakhapatnam,Singapore,3275,14,1,Alternative,1105,General Cargo
R2500,Visakhapatnam,Singapore,3350,15,0,Standard,1260,General Cargo
R2501,Visakhapatnam,Antwerp,10900,33,0,Standard,2150,Electronics
R2502,Visakhapatnam,Antwerp,10975,34,1,Alternative,2075,Electronics
R2503,Visakhapatnam,Antwerp,11020,34,2,Alternative,2210,Electronics
R2504,Visakhapatnam,Antwerp,11075,35,1,Alternative,2135,Electronics
R2505,Visakhapatnam,Antwerp,11150,36,0,Standard,2290,Electronics
R2506,Visakhapatnam,Antwerp,10900,33,0,Standard,2550,Automotive
R2507,Visakhapatnam,Antwerp,10975,34,1,Alternative,2475,Automotive
R2508,Visakhapatnam,Antwerp,11020,34,2,Alternative,2610,Automotive
R2509,Visakhapatnam,Antwerp,11075,35,1,Alternative,2535,Automotive
R2510,Visakhapatnam,Antwerp,11150,36,0,Standard,2690,Automotive
R2511,Visakhapatnam,Antwerp,10900,33,0,Standard,2400,Machinery and Equipment
R2512,Visakhapatnam,Antwerp,10975,34,1,Alternative,2325,Machinery and Equipment
R2513,Visakhapatnam,Antwerp,11020,34,2,Alternative,2460,Machinery and Equipment
R2514,Visakhapatnam,Antwerp,11075,35,1,Alternative,2385,Machinery and Equipment
R2515,Visakhapatnam,Antwerp,11150,36,0,Standard,2540,Machinery and Equipment
R2516,Visakhapatnam,Antwerp,10900,33,0,Standard,1930,General Cargo
R2517,Visakhapatnam,Antwerp,10975,34,1,Alternative,1855,General Cargo
R2518,Visakhapatnam,Antwerp,11020,34,2,Alternative,1990,General Cargo
R2519,Visakhapatnam,Antwerp,11075,35,1,Alternative,1915,General Cargo
R2520,Visakhapatnam,Antwerp,11150,36,0,Standard,2070,General Cargo
R2521,Visakhapatnam,Dubai,5900,19,0,Standard,1640,Electronics
R2522,Visakhapatnam,Dubai,5975,20,1,Alternative,1565,Electronics
R2523,Visakhapatnam,Dubai,6020,20,2,Alternative,1700,Electronics
R2524,Visakhapatnam,Dubai,6075,21,1,Alternative,1625,Electronics
R2525,Visakhapatnam,Dubai,6150,22,0,Standard,1780,Electronics
R2526,Visakhapatnam,Dubai,5900,19,0,Standard,1900,Automotive
R2527,Visakhapatnam,Dubai,5975,20,1,Alternative,1825,Automotive
R2528,Visakhapatnam,Dubai,6020,20,2,Alternative,1960,Automotive
R2529,Visakhapatnam,Dubai,6075,21,1,Alternative,1885,Automotive
R2530,Visakhapatnam,Dubai,6150,22,0,Standard,2040,Automotive
R2531,Visakhapatnam,Dubai,5900,19,0,Standard,1770,Machinery and Equipment
R2532,Visakhapatnam,Dubai,5975,20,1,Alternative,1695,Machinery and Equipment
R2533,Visakhapatnam,Dubai,6020,20,2,Alternative,1830,Machinery and Equipment
R2534,Visakhapatnam,Dubai,6075,21,1,Alternative,1755,Machinery and Equipment
R2535,Visakhapatnam,Dubai,6150,22,0,Standard,1910,Machinery and Equipment
R2536,Visakhapatnam,Dubai,5900,19,0,Standard,1400,General Cargo
R2537,Visakhapatnam,Dubai,5975,20,1,Alternative,1325,General Cargo
R2538,Visakhapatnam,Dubai,6020,20,2,Alternative,1460,General Cargo
R2539,Visakhapatnam,Dubai,6075,21,1,Alternative,1385,General Cargo
R2540,Visakhapatnam,Dubai,6150,22,0,Standard,1540,General Cargo
R2541,Visakhapatnam,Jeddah,6200,20,0,Standard,1640,Electronics
R2542,Visakhapatnam,Jeddah,6275,21,1,Alternative,1565,Electronics
R2543,Visakhapatnam,Jeddah,6320,21,2,Alternative,1700,Electronics
R2544,Visakhapatnam,Jeddah,6375,22,1,Alternative,1625,Electronics
R2545,Visakhapatnam,Jeddah,6450,23,0,Standard,1780,Electronics
R2546,Visakhapatnam,Jeddah,6200,20,0,Standard,1900,Automotive
R2547,Visakhapatnam,Jeddah,6275,21,1,Alternative,1825,Automotive
R2548,Visakhapatnam,Jeddah,6320,21,2,Alternative,1960,Automotive
R2549,Visakhapatnam,Jeddah,6375,22,1,Alternative,1885,Automotive
R2550,Visakhapatnam,Jeddah,6450,23,0,Standard,2040,Automotive
R2551,Visakhapatnam,Jeddah,6200,20,0,Standard,1770,Machinery and Equipment
R2552,Visakhapatnam,Jeddah,6275,21,1,Alternative,1695,Machinery and Equipment
R2553,Visakhapatnam,Jeddah,6320,21,2,Alternative,1830,Machinery and Equipment
R2554,Visakhapatnam,Jeddah,6375,22,1,Alternative,1755,Machinery and Equipment
R2555,Visakhapatnam,Jeddah,6450,23,0,Standard,1910,Machinery and Equipment
R2556,Visakhapatnam,Jeddah,6200,20,0,Standard,1400,General Cargo
R2557,Visakhapatnam,Jeddah,6275,21,1,Alternative,1325,General Cargo
R2558,Visakhapatnam,Jeddah,6320,21,2,Alternative,1460,General Cargo
R2559,Visakhapatnam,Jeddah,6375,22,1,Alternative,1385,General Cargo
R2560,Visakhapatnam,Jeddah,6450,23,0,Standard,1540,General Cargo
R2561,Visakhapatnam,Colombo,1450,7,0,Standard,1080,Electronics
R2562,Visakhapatnam,Colombo,1525,8,1,Alternative,1005,Electronics
R2563,Visakhapatnam,Colombo,1570,8,2,Alternative,1140,Electronics
R2564,Visakhapatnam,Colombo,1625,9,1,Alternative,1065,Electronics
R2565,Visakhapatnam,Colombo,1700,10,0,Standard,1220,Electronics
R2566,Visakhapatnam,Colombo,1450,7,0,Standard,1340,Automotive
R2567,Visakhapatnam,Colombo,1525,8,1,Alternative,1265,Automotive
R2568,Visakhapatnam,Colombo,1570,8,2,Alternative,1400,Automotive
R2569,Visakhapatnam,Colombo,1625,9,1,Alternative,1325,Automotive
R2570,Visakhapatnam,Colombo,1700,10,0,Standard,1480,Automotive
R2571,Visakhapatnam,Colombo,1450,7,0,Standard,1190,Machinery and Equipment
R2572,Visakhapatnam,Colombo,1525,8,1,Alternative,1115,Machinery and Equipment
R2573,Visakhapatnam,Colombo,1570,8,2,Alternative,1250,Machinery and Equipment
R2574,Visakhapatnam,Colombo,1625,9,1,Alternative,1175,Machinery and Equipment
R2575,Visakhapatnam,Colombo,1700,10,0,Standard,1330,Machinery and Equipment
R2576,Visakhapatnam,Colombo,1450,7,0,Standard,950,General Cargo
R2577,Visakhapatnam,Colombo,1525,8,1,Alternative,875,General Cargo
R2578,Visakhapatnam,Colombo,1570,8,2,Alternative,1010,General Cargo
R2579,Visakhapatnam,Colombo,1625,9,1,Alternative,935,General Cargo
R2580,Visakhapatnam,Colombo,1700,10,0,Standard,1090,General Cargo
R2581,Visakhapatnam,Felixstowe,10850,33,0,Standard,2150,Electronics
R2582,Visakhapatnam,Felixstowe,10925,34,1,Alternative,2075,Electronics
R2583,Visakhapatnam,Felixstowe,10970,34,2,Alternative,2210,Electronics
R2584,Visakhapatnam,Felixstowe,11025,35,1,Alternative,2135,Electronics
R2585,Visakhapatnam,Felixstowe,11100,36,0,Standard,2290,Electronics
R2586,Visakhapatnam,Felixstowe,10850,33,0,Standard,2550,Automotive
R2587,Visakhapatnam,Felixstowe,10925,34,1,Alternative,2475,Automotive
R2588,Visakhapatnam,Felixstowe,10970,34,2,Alternative,2610,Automotive
R2589,Visakhapatnam,Felixstowe,11025,35,1,Alternative,2535,Automotive
R2590,Visakhapatnam,Felixstowe,11100,36,0,Standard,2690,Automotive
R2591,Visakhapatnam,Felixstowe,10850,33,0,Standard,2400,Machinery and Equipment
R2592,Visakhapatnam,Felixstowe,10925,34,1,Alternative,2325,Machinery and Equipment
R2593,Visakhapatnam,Felixstowe,10970,34,2,Alternative,2460,Machinery and Equipment
R2594,Visakhapatnam,Felixstowe,11025,35,1,Alternative,2385,Machinery and Equipment
R2595,Visakhapatnam,Felixstowe,11100,36,0,Standard,2540,Machinery and Equipment
R2596,Visakhapatnam,Felixstowe,10850,33,0,Standard,1930,General Cargo
R2597,Visakhapatnam,Felixstowe,10925,34,1,Alternative,1855,General Cargo
R2598,Visakhapatnam,Felixstowe,10970,34,2,Alternative,1990,General Cargo
R2599,Visakhapatnam,Felixstowe,11025,35,1,Alternative,1915,General Cargo
R2600,Visakhapatnam,Felixstowe,11100,36,0,Standard,2070,General Cargo
R2601,Visakhapatnam,Valencia,10400,32,0,Standard,1980,Electronics
R2602,Visakhapatnam,Valencia,10475,33,1,Alternative,1905,Electronics
R2603,Visakhapatnam,Valencia,10520,33,2,Alternative,2040,Electronics
R2604,Visakhapatnam,Valencia,10575,34,1,Alternative,1965,Electronics
R2605,Visakhapatnam,Valencia,10650,35,0,Standard,2120,Electronics
R2606,Visakhapatnam,Valencia,10400,32,0,Standard,2380,Automotive
R2607,Visakhapatnam,Valencia,10475,33,1,Alternative,2305,Automotive
R2608,Visakhapatnam,Valencia,10520,33,2,Alternative,2440,Automotive
R2609,Visakhapatnam,Valencia,10575,34,1,Alternative,2365,Automotive
R2610,Visakhapatnam,Valencia,10650,35,0,Standard,2520,Automotive
R2611,Visakhapatnam,Valencia,10400,32,0,Standard,2230,Machinery and Equipment
R2612,Visakhapatnam,Valencia,10475,33,1,Alternative,2155,Machinery and Equipment
R2613,Visakhapatnam,Valencia,10520,33,2,Alternative,2290,Machinery and Equipment
R2614,Visakhapatnam,Valencia,10575,34,1,Alternative,2215,Machinery and Equipment
R2615,Visakhapatnam,Valencia,10650,35,0,Standard,2370,Machinery and Equipment
R2616,Visakhapatnam,Valencia,10400,32,0,Standard,1760,General Cargo
R2617,Visakhapatnam,Valencia,10475,33,1,Alternative,1685,General Cargo
R2618,Visakhapatnam,Valencia,10520,33,2,Alternative,1820,General Cargo
R2619,Visakhapatnam,Valencia,10575,34,1,Alternative,1745,General Cargo
R2620,Visakhapatnam,Valencia,10650,35,0,Standard,1900,General Cargo
R2621,Visakhapatnam,Dar es Salaam,6100,20,0,Standard,1640,Electronics
R2622,Visakhapatnam,Dar es Salaam,6175,21,1,Alternative,1565,Electronics
R2623,Visakhapatnam,Dar es Salaam,6220,21,2,Alternative,1700,Electronics
R2624,Visakhapatnam,Dar es Salaam,6275,22,1,Alternative,1625,Electronics
R2625,Visakhapatnam,Dar es Salaam,6350,23,0,Standard,1780,Electronics
R2626,Visakhapatnam,Dar es Salaam,6100,20,0,Standard,1900,Automotive
R2627,Visakhapatnam,Dar es Salaam,6175,21,1,Alternative,1825,Automotive
R2628,Visakhapatnam,Dar es Salaam,6220,21,2,Alternative,1960,Automotive
R2629,Visakhapatnam,Dar es Salaam,6275,22,1,Alternative,1885,Automotive
R2630,Visakhapatnam,Dar es Salaam,6350,23,0,Standard,2040,Automotive
R2631,Visakhapatnam,Dar es Salaam,6100,20,0,Standard,1770,Machinery and Equipment
R2632,Visakhapatnam,Dar es Salaam,6175,21,1,Alternative,1695,Machinery and Equipment
R2633,Visakhapatnam,Dar es Salaam,6220,21,2,Alternative,1830,Machinery and Equipment
R2634,Visakhapatnam,Dar es Salaam,6275,22,1,Alternative,1755,Machinery and Equipment
R2635,Visakhapatnam,Dar es Salaam,6350,23,0,Standard,1910,Machinery and Equipment
R2636,Visakhapatnam,Dar es Salaam,6100,20,0,Standard,1400,General Cargo
R2637,Visakhapatnam,Dar es Salaam,6175,21,1,Alternative,1325,General Cargo
R2638,Visakhapatnam,Dar es Salaam,6220,21,2,Alternative,1460,General Cargo
R2639,Visakhapatnam,Dar es Salaam,6275,22,1,Alternative,1385,General Cargo
R2640,Visakhapatnam,Dar es Salaam,6350,23,0,Standard,1540,General Cargo
R2641,Visakhapatnam,Port Louis,4200,16,0,Standard,1260,Electronics
R2642,Visakhapatnam,Port Louis,4275,17,1,Alternative,1185,Electronics
R2643,Visakhapatnam,Port Louis,4320,17,2,Alternative,1320,Electronics
R2644,Visakhapatnam,Port Louis,4375,18,1,Alternative,1245,Electronics
R2645,Visakhapatnam,Port Louis,4450,19,0,Standard,1560,Electronics
R2646,Visakhapatnam,Port Louis,4200,16,0,Standard,1520,Automotive
R2647,Visakhapatnam,Port Louis,4275,17,1,Alternative,1445,Automotive
R2648,Visakhapatnam,Port Louis,4320,17,2,Alternative,1580,Automotive
R2649,Visakhapatnam,Port Louis,4375,18,1,Alternative,1505,Automotive
R2650,Visakhapatnam,Port Louis,4450,19,0,Standard,1820,Automotive
R2651,Visakhapatnam,Port Louis,4200,16,0,Standard,1390,Machinery and Equipment
R2652,Visakhapatnam,Port Louis,4275,17,1,Alternative,1315,Machinery and Equipment
R2653,Visakhapatnam,Port Louis,4320,17,2,Alternative,1450,Machinery and Equipment
R2654,Visakhapatnam,Port Louis,4375,18,1,Alternative,1375,Machinery and Equipment
R2655,Visakhapatnam,Port Louis,4450,19,0,Standard,1690,Machinery and Equipment
R2656,Visakhapatnam,Port Louis,4200,16,0,Standard,1120,General Cargo
R2657,Visakhapatnam,Port Louis,4275,17,1,Alternative,1045,General Cargo
R2658,Visakhapatnam,Port Louis,4320,17,2,Alternative,1180,General Cargo
R2659,Visakhapatnam,Port Louis,4375,18,1,Alternative,1105,General Cargo
R2660,Visakhapatnam,Port Louis,4450,19,0,Standard,1420,General Cargo
R2661,Visakhapatnam,Mombasa,5600,18,0,Standard,1420,Electronics
R2662,Visakhapatnam,Mombasa,5675,19,1,Alternative,1345,Electronics
R2663,Visakhapatnam,Mombasa,5720,19,2,Alternative,1480,Electronics
R2664,Visakhapatnam,Mombasa,5775,20,1,Alternative,1625,Electronics
R2665,Visakhapatnam,Mombasa,5850,21,0,Standard,1780,Electronics
R2666,Visakhapatnam,Mombasa,5600,18,0,Standard,1680,Automotive
R2667,Visakhapatnam,Mombasa,5675,19,1,Alternative,1605,Automotive
R2668,Visakhapatnam,Mombasa,5720,19,2,Alternative,1740,Automotive
R2669,Visakhapatnam,Mombasa,5775,20,1,Alternative,1885,Automotive
R2670,Visakhapatnam,Mombasa,5850,21,0,Standard,2040,Automotive
R2671,Visakhapatnam,Mombasa,5600,18,0,Standard,1550,Machinery and Equipment
R2672,Visakhapatnam,Mombasa,5675,19,1,Alternative,1475,Machinery and Equipment
R2673,Visakhapatnam,Mombasa,5720,19,2,Alternative,1610,Machinery and Equipment
R2674,Visakhapatnam,Mombasa,5775,20,1,Alternative,1755,Machinery and Equipment
R2675,Visakhapatnam,Mombasa,5850,21,0,Standard,1910,Machinery and Equipment
R2676,Visakhapatnam,Mombasa,5600,18,0,Standard,1280,General Cargo
R2677,Visakhapatnam,Mombasa,5675,19,1,Alternative,1205,General Cargo
R2678,Visakhapatnam,Mombasa,5720,19,2,Alternative,1340,General Cargo
R2679,Visakhapatnam,Mombasa,5775,20,1,Alternative,1385,General Cargo
R2680,Visakhapatnam,Mombasa,5850,21,0,Standard,1540,General Cargo
R2681,Visakhapatnam,Jebel Ali,5900,19,0,Standard,1420,Electronics
R2682,Visakhapatnam,Jebel Ali,5975,20,1,Alternative,1345,Electronics
R2683,Visakhapatnam,Jebel Ali,6020,20,2,Alternative,1480,Electronics
R2684,Visakhapatnam,Jebel Ali,6075,21,1,Alternative,1405,Electronics
R2685,Visakhapatnam,Jebel Ali,6150,22,0,Standard,1560,Electronics
R2686,Visakhapatnam,Jebel Ali,5900,19,0,Standard,1680,Automotive
R2687,Visakhapatnam,Jebel Ali,5975,20,1,Alternative,1605,Automotive
R2688,Visakhapatnam,Jebel Ali,6020,20,2,Alternative,1740,Automotive
R2689,Visakhapatnam,Jebel Ali,6075,21,1,Alternative,1665,Automotive
R2690,Visakhapatnam,Jebel Ali,6150,22,0,Standard,1820,Automotive
R2691,Visakhapatnam,Jebel Ali,5900,19,0,Standard,1550,Machinery and Equipment
R2692,Visakhapatnam,Jebel Ali,5975,20,1,Alternative,1475,Machinery and Equipment
R2693,Visakhapatnam,Jebel Ali,6020,20,2,Alternative,1610,Machinery and Equipment
R2694,Visakhapatnam,Jebel Ali,6075,21,1,Alternative,1535,Machinery and Equipment
R2695,Visakhapatnam,Jebel Ali,6150,22,0,Standard,1690,Machinery and Equipment
R2696,Visakhapatnam,Jebel Ali,5900,19,0,Standard,1280,General Cargo
R2697,Visakhapatnam,Jebel Ali,5975,20,1,Alternative,1205,General Cargo
R2698,Visakhapatnam,Jebel Ali,6020,20,2,Alternative,1340,General Cargo
R2699,Visakhapatnam,Jebel Ali,6075,21,1,Alternative,1265,General Cargo
R2700,Visakhapatnam,Jebel Ali,6150,22,0,Standard,1420,General Cargo
R2701,Visakhapatnam,Manila,4300,16,0,Standard,1260,Electronics
R2702,Visakhapatnam,Manila,4375,17,1,Alternative,1185,Electronics
R2703,Visakhapatnam,Manila,4420,17,2,Alternative,1480,Electronics
R2704,Visakhapatnam,Manila,4475,18,1,Alternative,1405,Electronics
R2705,Visakhapatnam,Manila,4550,19,0,Standard,1560,Electronics
R2706,Visakhapatnam,Manila,4300,16,0,Standard,1520,Automotive
R2707,Visakhapatnam,Manila,4375,17,1,Alternative,1445,Automotive
R2708,Visakhapatnam,Manila,4420,17,2,Alternative,1740,Automotive
R2709,Visakhapatnam,Manila,4475,18,1,Alternative,1665,Automotive
R2710,Visakhapatnam,Manila,4550,19,0,Standard,1820,Automotive
R2711,Visakhapatnam,Manila,4300,16,0,Standard,1390,Machinery and Equipment
R2712,Visakhapatnam,Manila,4375,17,1,Alternative,1315,Machinery and Equipment
R2713,Visakhapatnam,Manila,4420,17,2,Alternative,1610,Machinery and Equipment
R2714,Visakhapatnam,Manila,4475,18,1,Alternative,1535,Machinery and Equipment
R2715,Visakhapatnam,Manila,4550,19,0,Standard,1690,Machinery and Equipment
R2716,Visakhapatnam,Manila,4300,16,0,Standard,1120,General Cargo
R2717,Visakhapatnam,Manila,4375,17,1,Alternative,1045,General Cargo
R2718,Visakhapatnam,Manila,4420,17,2,Alternative,1340,General Cargo
R2719,Visakhapatnam,Manila,4475,18,1,Alternative,1265,General Cargo
R2720,Visakhapatnam,Manila,4550,19,0,Standard,1420,General Cargo
R2721,Visakhapatnam,Shanghai,4700,17,0,Standard,1420,Electronics
R2722,Visakhapatnam,Shanghai,4775,18,1,Alternative,1345,Electronics
R2723,Visakhapatnam,Shanghai,4820,18,2,Alternative,1480,Electronics
R2724,Visakhapatnam,Shanghai,4875,19,1,Alternative,1405,Electronics
R2725,Visakhapatnam,Shanghai,4950,20,0,Standard,1560,Electronics
R2726,Visakhapatnam,Shanghai,4700,17,0,Standard,1680,Automotive
R2727,Visakhapatnam,Shanghai,4775,18,1,Alternative,1605,Automotive
R2728,Visakhapatnam,Shanghai,4820,18,2,Alternative,1740,Automotive
R2729,Visakhapatnam,Shanghai,4875,19,1,Alternative,1665,Automotive
R2730,Visakhapatnam,Shanghai,4950,20,0,Standard,1820,Automotive
R2731,Visakhapatnam,Shanghai,4700,17,0,Standard,1550,Machinery and Equipment
R2732,Visakhapatnam,Shanghai,4775,18,1,Alternative,1475,Machinery and Equipment
R2733,Visakhapatnam,Shanghai,4820,18,2,Alternative,1610,Machinery and Equipment
R2734,Visakhapatnam,Shanghai,4875,19,1,Alternative,1535,Machinery and Equipment
R2735,Visakhapatnam,Shanghai,4950,20,0,Standard,1690,Machinery and Equipment
R2736,Visakhapatnam,Shanghai,4700,17,0,Standard,1280,General Cargo
R2737,Visakhapatnam,Shanghai,4775,18,1,Alternative,1205,General Cargo
R2738,Visakhapatnam,Shanghai,4820,18,2,Alternative,1340,General Cargo
R2739,Visakhapatnam,Shanghai,4875,19,1,Alternative,1265,General Cargo
R2740,Visakhapatnam,Shanghai,4950,20,0,Standard,1420,General Cargo
R2741,Visakhapatnam,Ho Chi Minh City,3850,15,0,Standard,1260,Electronics
R2742,Visakhapatnam,Ho Chi Minh City,3925,16,1,Alternative,1185,Electronics
R2743,Visakhapatnam,Ho Chi Minh City,3970,16,2,Alternative,1320,Electronics
R2744,Visakhapatnam,Ho Chi Minh City,4025,17,1,Alternative,1245,Electronics
R2745,Visakhapatnam,Ho Chi Minh City,4100,18,0,Standard,1400,Electronics
R2746,Visakhapatnam,Ho Chi Minh City,3850,15,0,Standard,1520,Automotive
R2747,Visakhapatnam,Ho Chi Minh City,3925,16,1,Alternative,1445,Automotive
R2748,Visakhapatnam,Ho Chi Minh City,3970,16,2,Alternative,1580,Automotive
R2749,Visakhapatnam,Ho Chi Minh City,4025,17,1,Alternative,1505,Automotive
R2750,Visakhapatnam,Ho Chi Minh City,4100,18,0,Standard,1660,Automotive
R2751,Visakhapatnam,Ho Chi Minh City,3850,15,0,Standard,1390,Machinery and Equipment
R2752,Visakhapatnam,Ho Chi Minh City,3925,16,1,Alternative,1315,Machinery and Equipment
R2753,Visakhapatnam,Ho Chi Minh City,3970,16,2,Alternative,1450,Machinery and Equipment
R2754,Visakhapatnam,Ho Chi Minh City,4025,17,1,Alternative,1375,Machinery and Equipment
R2755,Visakhapatnam,Ho Chi Minh City,4100,18,0,Standard,1530,Machinery and Equipment
R2756,Visakhapatnam,Ho Chi Minh City,3850,15,0,Standard,1120,General Cargo
R2757,Visakhapatnam,Ho Chi Minh City,3925,16,1,Alternative,1045,General Cargo
R2758,Visakhapatnam,Ho Chi Minh City,3970,16,2,Alternative,1180,General Cargo
R2759,Visakhapatnam,Ho Chi Minh City,4025,17,1,Alternative,1105,General Cargo
R2760,Visakhapatnam,Ho Chi Minh City,4100,18,0,Standard,1260,General Cargo
R2761,Visakhapatnam,Port Klang,3600,14,0,Standard,825,Electronics
R2762,Visakhapatnam,Port Klang,3675,15,1,Alternative,792,Electronics
R2763,Visakhapatnam,Port Klang,3720,15,2,Alternative,852,Electronics
R2764,Visakhapatnam,Port Klang,3775,16,1,Alternative,775,Electronics
R2765,Visakhapatnam,Port Klang,3850,17,0,Standard,838,Electronics
R2766,Visakhapatnam,Port Klang,3600,14,0,Standard,1015,Automotive
R2767,Visakhapatnam,Port Klang,3675,15,1,Alternative,978,Automotive
R2768,Visakhapatnam,Port Klang,3720,15,2,Alternative,1048,Automotive
R2769,Visakhapatnam,Port Klang,3775,16,1,Alternative,958,Automotive
R2770,Visakhapatnam,Port Klang,3850,17,0,Standard,1002,Automotive
R2771,Visakhapatnam,Port Klang,3600,14,0,Standard,1165,Machinery and Equipment
R2772,Visakhapatnam,Port Klang,3675,15,1,Alternative,1128,Machinery and Equipment
R2773,Visakhapatnam,Port Klang,3720,15,2,Alternative,1198,Machinery and Equipment
R2774,Visakhapatnam,Port Klang,3775,16,1,Alternative,1105,Machinery and Equipment
R2775,Visakhapatnam,Port Klang,3850,17,0,Standard,1152,Machinery and Equipment
R2776,Visakhapatnam,Port Klang,3600,14,0,Standard,635,General Cargo
R2777,Visakhapatnam,Port Klang,3675,15,1,Alternative,602,General Cargo
R2778,Visakhapatnam,Port Klang,3720,15,2,Alternative,668,General Cargo
R2779,Visakhapatnam,Port Klang,3775,16,1,Alternative,585,General Cargo
R2780,Visakhapatnam,Port Klang,3850,17,0,Standard,648,General Cargo
R2781,Visakhapatnam,Piraeus,7600,24,0,Standard,1695,Electronics
R2782,Visakhapatnam,Piraeus,7675,25,1,Alternative,1638,Electronics
R2783,Visakhapatnam,Piraeus,7720,25,2,Alternative,1752,Electronics
R2784,Visakhapatnam,Piraeus,7775,26,1,Alternative,1622,Electronics
R2785,Visakhapatnam,Piraeus,7850,27,0,Standard,1681,Electronics
R2786,Visakhapatnam,Piraeus,7600,24,0,Standard,1945,Automotive
R2787,Visakhapatnam,Piraeus,7675,25,1,Alternative,1898,Automotive
R2788,Visakhapatnam,Piraeus,7720,25,2,Alternative,2012,Automotive
R2789,Visakhapatnam,Piraeus,7775,26,1,Alternative,1875,Automotive
R2790,Visakhapatnam,Piraeus,7850,27,0,Standard,1928,Automotive
R2791,Visakhapatnam,Piraeus,7600,24,0,Standard,2185,Machinery and Equipment
R2792,Visakhapatnam,Piraeus,7675,25,1,Alternative,2132,Machinery and Equipment
R2793,Visakhapatnam,Piraeus,7720,25,2,Alternative,2248,Machinery and Equipment
R2794,Visakhapatnam,Piraeus,7775,26,1,Alternative,2105,Machinery and Equipment
R2795,Visakhapatnam,Piraeus,7850,27,0,Standard,2162,Machinery and Equipment
R2796,Visakhapatnam,Piraeus,7600,24,0,Standard,1425,General Cargo
R2797,Visakhapatnam,Piraeus,7675,25,1,Alternative,1378,General Cargo
R2798,Visakhapatnam,Piraeus,7720,25,2,Alternative,1452,General Cargo
R2799,Visakhapatnam,Piraeus,7775,26,1,Alternative,1362,General Cargo
R2800,Visakhapatnam,Piraeus,7850,27,0,Standard,1408,General Cargo
R2801,Visakhapatnam,Jeddah,6300,20,0,Standard,1640,Electronics
R2802,Visakhapatnam,Jeddah,6375,21,1,Alternative,1565,Electronics
R2803,Visakhapatnam,Jeddah,6420,21,2,Alternative,1700,Electronics
R2804,Visakhapatnam,Jeddah,6475,22,1,Alternative,1625,Electronics
R2805,Visakhapatnam,Jeddah,6550,23,0,Standard,1780,Electronics
R2806,Visakhapatnam,Jeddah,6300,20,0,Standard,1900,Automotive
R2807,Visakhapatnam,Jeddah,6375,21,1,Alternative,1825,Automotive
R2808,Visakhapatnam,Jeddah,6420,21,2,Alternative,1960,Automotive
R2809,Visakhapatnam,Jeddah,6475,22,1,Alternative,1885,Automotive
R2810,Visakhapatnam,Jeddah,6550,23,0,Standard,2040,Automotive
R2811,Visakhapatnam,Jeddah,6300,20,0,Standard,1770,Machinery and Equipment
R2812,Visakhapatnam,Jeddah,6375,21,1,Alternative,1695,Machinery and Equipment
R2813,Visakhapatnam,Jeddah,6420,21,2,Alternative,1830,Machinery and Equipment
R2814,Visakhapatnam,Jeddah,6475,22,1,Alternative,1755,Machinery and Equipment
R2815,Visakhapatnam,Jeddah,6550,23,0,Standard,1910,Machinery and Equipment
R2816,Visakhapatnam,Jeddah,6300,20,0,Standard,1400,General Cargo
R2817,Visakhapatnam,Jeddah,6375,21,1,Alternative,1325,General Cargo
R2818,Visakhapatnam,Jeddah,6420,21,2,Alternative,1460,General Cargo
R2819,Visakhapatnam,Jeddah,6475,22,1,Alternative,1385,General Cargo
R2820,Visakhapatnam,Jeddah,6550,23,0,Standard,1540,General Cargo
R2821,Visakhapatnam,Durban,9200,28,0,Standard,2150,Electronics
R2822,Visakhapatnam,Durban,9275,29,1,Alternative,2075,Electronics
R2823,Visakhapatnam,Durban,9320,29,2,Alternative,2210,Electronics
R2824,Visakhapatnam,Durban,9375,30,1,Alternative,2135,Electronics
R2825,Visakhapatnam,Durban,9450,31,0,Standard,2290,Electronics
R2826,Visakhapatnam,Durban,9200,28,0,Standard,2550,Automotive
R2827,Visakhapatnam,Durban,9275,29,1,Alternative,2475,Automotive
R2828,Visakhapatnam,Durban,9320,29,2,Alternative,2610,Automotive
R2829,Visakhapatnam,Durban,9375,30,1,Alternative,2535,Automotive
R2830,Visakhapatnam,Durban,9450,31,0,Standard,2690,Automotive
R2831,Visakhapatnam,Durban,9200,28,0,Standard,2400,Machinery and Equipment
R2832,Visakhapatnam,Durban,9275,29,1,Alternative,2325,Machinery and Equipment
R2833,Visakhapatnam,Durban,9320,29,2,Alternative,2460,Machinery and Equipment
R2834,Visakhapatnam,Durban,9375,30,1,Alternative,2385,Machinery and Equipment
R2835,Visakhapatnam,Durban,9450,31,0,Standard,2540,Machinery and Equipment
R2836,Visakhapatnam,Durban,9200,28,0,Standard,1930,General Cargo
R2837,Visakhapatnam,Durban,9275,29,1,Alternative,1855,General Cargo
R2838,Visakhapatnam,Durban,9320,29,2,Alternative,1990,General Cargo
R2839,Visakhapatnam,Durban,9375,30,1,Alternative,1915,General Cargo
R2840,Visakhapatnam,Durban,9450,31,0,Standard,2070,General Cargo
R2841,Kochi,Rotterdam,9000,27,0,Standard,2015,Electronics
R2842,Kochi,Rotterdam,9075,28,1,Alternative,2050,Electronics
R2843,Kochi,Rotterdam,9120,28,2,Alternative,2070,Electronics
R2844,Kochi,Rotterdam,9175,29,1,Alternative,2095,Electronics
R2845,Kochi,Rotterdam,9250,30,0,Standard,2130,Electronics
R2846,Kochi,Rotterdam,9000,27,0,Standard,1925,Automotive
R2847,Kochi,Rotterdam,9075,28,1,Alternative,1960,Automotive
R2848,Kochi,Rotterdam,9120,28,2,Alternative,1980,Automotive
R2849,Kochi,Rotterdam,9175,29,1,Alternative,2005,Automotive
R2850,Kochi,Rotterdam,9250,30,0,Standard,2040,Automotive
R2851,Kochi,Rotterdam,9000,27,0,Standard,2195,Machinery and Equipment
R2852,Kochi,Rotterdam,9075,28,1,Alternative,2230,Machinery and Equipment
R2853,Kochi,Rotterdam,9120,28,2,Alternative,2250,Machinery and Equipment
R2854,Kochi,Rotterdam,9175,29,1,Alternative,2275,Machinery and Equipment
R2855,Kochi,Rotterdam,9250,30,0,Standard,2310,Machinery and Equipment
R2856,Kochi,Rotterdam,9000,27,0,Standard,1565,General Cargo
R2857,Kochi,Rotterdam,9075,28,1,Alternative,1600,General Cargo
R2858,Kochi,Rotterdam,9120,28,2,Alternative,1620,General Cargo
R2859,Kochi,Rotterdam,9175,29,1,Alternative,1645,General Cargo
R2860,Kochi,Rotterdam,9250,30,0,Standard,1680,General Cargo
R2861,Kochi,Singapore,2500,10,0,Standard,1380,Electronics
R2862,Kochi,Singapore,2575,11,1,Alternative,1305,Electronics
R2863,Kochi,Singapore,2620,11,2,Alternative,1440,Electronics
R2864,Kochi,Singapore,2675,12,1,Alternative,1365,Electronics
R2865,Kochi,Singapore,2750,13,0,Standard,1520,Electronics
R2866,Kochi,Singapore,2500,10,0,Standard,1640,Automotive
R2867,Kochi,Singapore,2575,11,1,Alternative,1565,Automotive
R2868,Kochi,Singapore,2620,11,2,Alternative,1700,Automotive
R2869,Kochi,Singapore,2675,12,1,Alternative,1625,Automotive
R2870,Kochi,Singapore,2750,13,0,Standard,1780,Automotive
R2871,Kochi,Singapore,2500,10,0,Standard,1510,Machinery and Equipment
R2872,Kochi,Singapore,2575,11,1,Alternative,1435,Machinery and Equipment
R2873,Kochi,Singapore,2620,11,2,Alternative,1570,Machinery and Equipment
R2874,Kochi,Singapore,2675,12,1,Alternative,1495,Machinery and Equipment
R2875,Kochi,Singapore,2750,13,0,Standard,1650,Machinery and Equipment
R2876,Kochi,Singapore,2500,10,0,Standard,1240,General Cargo
R2877,Kochi,Singapore,2575,11,1,Alternative,1165,General Cargo
R2878,Kochi,Singapore,2620,11,2,Alternative,1300,General Cargo
R2879,Kochi,Singapore,2675,12,1,Alternative,1225,General Cargo
R2880,Kochi,Singapore,2750,13,0,Standard,1380,General Cargo
R2881,Kochi,Antwerp,9200,28,0,Standard,2015,Electronics
R2882,Kochi,Antwerp,9275,29,1,Alternative,1940,Electronics
R2883,Kochi,Antwerp,9320,29,2,Alternative,2075,Electronics
R2884,Kochi,Antwerp,9375,30,1,Alternative,2000,Electronics
R2885,Kochi,Antwerp,9450,31,0,Standard,2155,Electronics
R2886,Kochi,Antwerp,9200,28,0,Standard,1925,Automotive
R2887,Kochi,Antwerp,9275,29,1,Alternative,1850,Automotive
R2888,Kochi,Antwerp,9320,29,2,Alternative,1985,Automotive
R2889,Kochi,Antwerp,9375,30,1,Alternative,1910,Automotive
R2890,Kochi,Antwerp,9450,31,0,Standard,2065,Automotive
R2891,Kochi,Antwerp,9200,28,0,Standard,2195,Machinery and Equipment
R2892,Kochi,Antwerp,9275,29,1,Alternative,2120,Machinery and Equipment
R2893,Kochi,Antwerp,9320,29,2,Alternative,2255,Machinery and Equipment
R2894,Kochi,Antwerp,9375,30,1,Alternative,2180,Machinery and Equipment
R2895,Kochi,Antwerp,9450,31,0,Standard,2335,Machinery and Equipment
R2896,Kochi,Antwerp,9200,28,0,Standard,1565,General Cargo
R2897,Kochi,Antwerp,9275,29,1,Alternative,1490,General Cargo
R2898,Kochi,Antwerp,9320,29,2,Alternative,1625,General Cargo
R2899,Kochi,Antwerp,9375,30,1,Alternative,1550,General Cargo
R2900,Kochi,Antwerp,9450,31,0,Standard,1705,General Cargo
R2901,Kochi,Dubai,1900,8,0,Standard,735,Electronics
R2902,Kochi,Dubai,1975,9,1,Alternative,660,Electronics
R2903,Kochi,Dubai,2020,9,2,Alternative,795,Electronics
R2904,Kochi,Dubai,2075,10,1,Alternative,720,Electronics
R2905,Kochi,Dubai,2150,11,0,Standard,875,Electronics
R2906,Kochi,Dubai,1900,8,0,Standard,925,Automotive
R2907,Kochi,Dubai,1975,9,1,Alternative,850,Automotive
R2908,Kochi,Dubai,2020,9,2,Alternative,985,Automotive
R2909,Kochi,Dubai,2075,10,1,Alternative,910,Automotive
R2910,Kochi,Dubai,2150,11,0,Standard,1065,Automotive
R2911,Kochi,Dubai,1900,8,0,Standard,1065,Machinery and Equipment
R2912,Kochi,Dubai,1975,9,1,Alternative,990,Machinery and Equipment
R2913,Kochi,Dubai,2020,9,2,Alternative,1125,Machinery and Equipment
R2914,Kochi,Dubai,2075,10,1,Alternative,1050,Machinery and Equipment
R2915,Kochi,Dubai,2150,11,0,Standard,1205,Machinery and Equipment
R2916,Kochi,Dubai,1900,8,0,Standard,565,General Cargo
R2917,Kochi,Dubai,1975,9,1,Alternative,490,General Cargo
R2918,Kochi,Dubai,2020,9,2,Alternative,625,General Cargo
R2919,Kochi,Dubai,2075,10,1,Alternative,550,General Cargo
R2920,Kochi,Dubai,2150,11,0,Standard,705,General Cargo
R2921,Kochi,Jeddah,3200,13,0,Standard,1195,Electronics
R2922,Kochi,Jeddah,3275,14,1,Alternative,1230,Electronics
R2923,Kochi,Jeddah,3320,14,2,Alternative,1250,Electronics
R2924,Kochi,Jeddah,3375,15,1,Alternative,1275,Electronics
R2925,Kochi,Jeddah,3450,16,0,Standard,1310,Electronics
R2926,Kochi,Jeddah,3200,13,0,Standard,1140,Automotive
R2927,Kochi,Jeddah,3275,14,1,Alternative,1175,Automotive
R2928,Kochi,Jeddah,3320,14,2,Alternative,1195,Automotive
R2929,Kochi,Jeddah,3375,15,1,Alternative,1220,Automotive
R2930,Kochi,Jeddah,3450,16,0,Standard,1255,Automotive
R2931,Kochi,Jeddah,3200,13,0,Standard,1325,Machinery and Equipment
R2932,Kochi,Jeddah,3275,14,1,Alternative,1360,Machinery and Equipment
R2933,Kochi,Jeddah,3320,14,2,Alternative,1380,Machinery and Equipment
R2934,Kochi,Jeddah,3375,15,1,Alternative,1405,Machinery and Equipment
R2935,Kochi,Jeddah,3450,16,0,Standard,1440,Machinery and Equipment
R2936,Kochi,Jeddah,3200,13,0,Standard,920,General Cargo
R2937,Kochi,Jeddah,3275,14,1,Alternative,955,General Cargo
R2938,Kochi,Jeddah,3320,14,2,Alternative,975,General Cargo
R2939,Kochi,Jeddah,3375,15,1,Alternative,1000,General Cargo
R2940,Kochi,Jeddah,3450,16,0,Standard,1035,General Cargo
R2941,Kochi,Colombo,750,4,0,Standard,520,Electronics
R2942,Kochi,Colombo,825,5,1,Alternative,555,Electronics
R2943,Kochi,Colombo,870,5,2,Alternative,575,Electronics
R2944,Kochi,Colombo,925,6,1,Alternative,600,Electronics
R2945,Kochi,Colombo,1000,7,0,Standard,635,Electronics
R2946,Kochi,Colombo,750,4,0,Standard,495,Automotive
R2947,Kochi,Colombo,825,5,1,Alternative,530,Automotive
R2948,Kochi,Colombo,870,5,2,Alternative,550,Automotive
R2949,Kochi,Colombo,925,6,1,Alternative,575,Automotive
R2950,Kochi,Colombo,1000,7,0,Standard,610,Automotive
R2951,Kochi,Colombo,750,4,0,Standard,570,Machinery and Equipment
R2952,Kochi,Colombo,825,5,1,Alternative,595,Machinery and Equipment
R2953,Kochi,Colombo,870,5,2,Alternative,615,Machinery and Equipment
R2954,Kochi,Colombo,925,6,1,Alternative,640,Machinery and Equipment
R2955,Kochi,Colombo,1000,7,0,Standard,675,Machinery and Equipment
R2956,Kochi,Colombo,750,4,0,Standard,390,General Cargo
R2957,Kochi,Colombo,825,5,1,Alternative,425,General Cargo
R2958,Kochi,Colombo,870,5,2,Alternative,445,General Cargo
R2959,Kochi,Colombo,925,6,1,Alternative,470,General Cargo
R2960,Kochi,Colombo,1000,7,0,Standard,505,General Cargo
R2961,Kochi,Felixstowe,9100,28,0,Standard,2015,Electronics
R2962,Kochi,Felixstowe,9175,29,1,Alternative,1940,Electronics
R2963,Kochi,Felixstowe,9220,29,2,Alternative,2075,Electronics
R2964,Kochi,Felixstowe,9275,30,1,Alternative,2000,Electronics
R2965,Kochi,Felixstowe,9350,31,0,Standard,2155,Electronics
R2966,Kochi,Felixstowe,9100,28,0,Standard,1925,Automotive
R2967,Kochi,Felixstowe,9175,29,1,Alternative,1850,Automotive
R2968,Kochi,Felixstowe,9220,29,2,Alternative,1985,Automotive
R2969,Kochi,Felixstowe,9275,30,1,Alternative,1910,Automotive
R2970,Kochi,Felixstowe,9350,31,0,Standard,2065,Automotive
R2971,Kochi,Felixstowe,9100,28,0,Standard,2195,Machinery and Equipment
R2972,Kochi,Felixstowe,9175,29,1,Alternative,2120,Machinery and Equipment
R2973,Kochi,Felixstowe,9220,29,2,Alternative,2255,Machinery and Equipment
R2974,Kochi,Felixstowe,9275,30,1,Alternative,2180,Machinery and Equipment
R2975,Kochi,Felixstowe,9350,31,0,Standard,2335,Machinery and Equipment
R2976,Kochi,Felixstowe,9100,28,0,Standard,1565,General Cargo
R2977,Kochi,Felixstowe,9175,29,1,Alternative,1490,General Cargo
R2978,Kochi,Felixstowe,9220,29,2,Alternative,1625,General Cargo
R2979,Kochi,Felixstowe,9275,30,1,Alternative,1550,General Cargo
R2980,Kochi,Felixstowe,9350,31,0,Standard,1705,General Cargo
R2981,Kochi,Valencia,8500,26,0,Standard,2015,Electronics
R2982,Kochi,Valencia,8575,27,1,Alternative,1940,Electronics
R2983,Kochi,Valencia,8620,27,2,Alternative,2075,Electronics
R2984,Kochi,Valencia,8675,28,1,Alternative,2000,Electronics
R2985,Kochi,Valencia,8750,29,0,Standard,2155,Electronics
R2986,Kochi,Valencia,8500,26,0,Standard,1925,Automotive
R2987,Kochi,Valencia,8575,27,1,Alternative,1850,Automotive
R2988,Kochi,Valencia,8620,27,2,Alternative,1985,Automotive
R2989,Kochi,Valencia,8675,28,1,Alternative,1910,Automotive
R2990,Kochi,Valencia,8750,29,0,Standard,2065,Automotive
R2991,Kochi,Valencia,8500,26,0,Standard,2195,Machinery and Equipment
R2992,Kochi,Valencia,8575,27,1,Alternative,2120,Machinery and Equipment
R2993,Kochi,Valencia,8620,27,2,Alternative,2255,Machinery and Equipment
R2994,Kochi,Valencia,8675,28,1,Alternative,2180,Machinery and Equipment
R2995,Kochi,Valencia,8750,29,0,Standard,2335,Machinery and Equipment
R2996,Kochi,Valencia,8500,26,0,Standard,1565,General Cargo
R2997,Kochi,Valencia,8575,27,1,Alternative,1490,General Cargo
R2998,Kochi,Valencia,8620,27,2,Alternative,1625,General Cargo
R2999,Kochi,Valencia,8675,28,1,Alternative,1550,General Cargo
R3000,Kochi,Valencia,8750,29,0,Standard,1705,General Cargo
R3001,Kochi,Port Klang,2200,9,0,Standard,735,Electronics
R3002,Kochi,Port Klang,2275,10,1,Alternative,660,Electronics
R3003,Kochi,Port Klang,2320,10,2,Alternative,795,Electronics
R3004,Kochi,Port Klang,2375,11,1,Alternative,720,Electronics
R3005,Kochi,Port Klang,2450,12,0,Standard,1125,Electronics
R3006,Kochi,Port Klang,2200,9,0,Standard,925,Automotive
R3007,Kochi,Port Klang,2275,10,1,Alternative,850,Automotive
R3008,Kochi,Port Klang,2320,10,2,Alternative,985,Automotive
R3009,Kochi,Port Klang,2375,11,1,Alternative,910,Automotive
R3010,Kochi,Port Klang,2450,12,0,Standard,1355,Automotive
R3011,Kochi,Port Klang,2200,9,0,Standard,1065,Machinery and Equipment
R3012,Kochi,Port Klang,2275,10,1,Alternative,990,Machinery and Equipment
R3013,Kochi,Port Klang,2320,10,2,Alternative,1125,Machinery and Equipment
R3014,Kochi,Port Klang,2375,11,1,Alternative,1050,Machinery and Equipment
R3015,Kochi,Port Klang,2450,12,0,Standard,1535,Machinery and Equipment
R3016,Kochi,Port Klang,2200,9,0,Standard,565,General Cargo
R3017,Kochi,Port Klang,2275,10,1,Alternative,490,General Cargo
R3018,Kochi,Port Klang,2320,10,2,Alternative,625,General Cargo
R3019,Kochi,Port Klang,2375,11,1,Alternative,550,General Cargo
R3020,Kochi,Port Klang,2450,12,0,Standard,888,General Cargo
R3021,Kochi,Mombasa,3300,13,0,Standard,1085,Electronics
R3022,Kochi,Mombasa,3375,14,1,Alternative,1048,Electronics
R3023,Kochi,Mombasa,3420,14,2,Alternative,1122,Electronics
R3024,Kochi,Mombasa,3475,15,1,Alternative,1035,Electronics
R3025,Kochi,Mombasa,3550,16,0,Standard,1098,Electronics
R3026,Kochi,Mombasa,3300,13,0,Standard,1325,Automotive
R3027,Kochi,Mombasa,3375,14,1,Alternative,1288,Automotive
R3028,Kochi,Mombasa,3420,14,2,Alternative,1362,Automotive
R3029,Kochi,Mombasa,3475,15,1,Alternative,1268,Automotive
R3030,Kochi,Mombasa,3550,16,0,Standard,1311,Automotive
R3031,Kochi,Mombasa,3300,13,0,Standard,1515,Machinery and Equipment
R3032,Kochi,Mombasa,3375,14,1,Alternative,1478,Machinery and Equipment
R3033,Kochi,Mombasa,3420,14,2,Alternative,1552,Machinery and Equipment
R3034,Kochi,Mombasa,3475,15,1,Alternative,1458,Machinery and Equipment
R3035,Kochi,Mombasa,3550,16,0,Standard,1522,Machinery and Equipment
R3036,Kochi,Mombasa,3300,13,0,Standard,825,General Cargo
R3037,Kochi,Mombasa,3375,14,1,Alternative,788,General Cargo
R3038,Kochi,Mombasa,3420,14,2,Alternative,858,General Cargo
R3039,Kochi,Mombasa,3475,15,1,Alternative,772,General Cargo
R3040,Kochi,Mombasa,3550,16,0,Standard,838,General Cargo
R3041,Kochi,Durban,5200,18,0,Standard,1740,Electronics
R3042,Kochi,Durban,5275,19,1,Alternative,1665,Electronics
R3043,Kochi,Durban,5320,19,2,Alternative,1800,Electronics
R3044,Kochi,Durban,5375,20,1,Alternative,1725,Electronics
R3045,Kochi,Durban,5450,21,0,Standard,1880,Electronics
R3046,Kochi,Durban,5200,18,0,Standard,2100,Automotive
R3047,Kochi,Durban,5275,19,1,Alternative,2025,Automotive
R3048,Kochi,Durban,5320,19,2,Alternative,2160,Automotive
R3049,Kochi,Durban,5375,20,1,Alternative,2085,Automotive
R3050,Kochi,Durban,5450,21,0,Standard,2240,Automotive
R3051,Kochi,Durban,5200,18,0,Standard,1950,Machinery and Equipment
R3052,Kochi,Durban,5275,19,1,Alternative,1875,Machinery and Equipment
R3053,Kochi,Durban,5320,19,2,Alternative,2010,Machinery and Equipment
R3054,Kochi,Durban,5375,20,1,Alternative,1935,Machinery and Equipment
R3055,Kochi,Durban,5450,21,0,Standard,2090,Machinery and Equipment
R3056,Kochi,Durban,5200,18,0,Standard,1560,General Cargo
R3057,Kochi,Durban,5275,19,1,Alternative,1485,General Cargo
R3058,Kochi,Durban,5320,19,2,Alternative,1620,General Cargo
R3059,Kochi,Durban,5375,20,1,Alternative,1545,General Cargo
R3060,Kochi,Durban,5450,21,0,Standard,1700,General Cargo
R3061,Mundra,Rotterdam,11200,34,0,Standard,2015,Electronics
R3062,Mundra,Rotterdam,11275,35,1,Alternative,2050,Electronics
R3063,Mundra,Rotterdam,11320,35,2,Alternative,2070,Electronics
R3064,Mundra,Rotterdam,11375,36,1,Alternative,2095,Electronics
R3065,Mundra,Rotterdam,11450,37,0,Standard,2130,Electronics
R3066,Mundra,Rotterdam,11200,34,0,Standard,1925,Automotive
R3067,Mundra,Rotterdam,11275,35,1,Alternative,1960,Automotive
R3068,Mundra,Rotterdam,11320,35,2,Alternative,1980,Automotive
R3069,Mundra,Rotterdam,11375,36,1,Alternative,2005,Automotive
R3070,Mundra,Rotterdam,11450,37,0,Standard,2040,Automotive
R3071,Mundra,Rotterdam,11200,34,0,Standard,2195,Machinery and Equipment
R3072,Mundra,Rotterdam,11275,35,1,Alternative,2230,Machinery and Equipment
R3073,Mundra,Rotterdam,11320,35,2,Alternative,2250,Machinery and Equipment
R3074,Mundra,Rotterdam,11375,36,1,Alternative,2275,Machinery and Equipment
R3075,Mundra,Rotterdam,11450,37,0,Standard,2310,Machinery and Equipment
R3076,Mundra,Rotterdam,11200,34,0,Standard,1565,General Cargo
R3077,Mundra,Rotterdam,11275,35,1,Alternative,1600,General Cargo
R3078,Mundra,Rotterdam,11320,35,2,Alternative,1620,General Cargo
R3079,Mundra,Rotterdam,11375,36,1,Alternative,1645,General Cargo
R3080,Mundra,Rotterdam,11450,37,0,Standard,1680,General Cargo
R3081,Mundra,Antwerp,11000,33,0,Standard,2040,Electronics
R3082,Mundra,Antwerp,11075,34,1,Alternative,1965,Electronics
R3083,Mundra,Antwerp,11120,34,2,Alternative,2100,Electronics
R3084,Mundra,Antwerp,11175,35,1,Alternative,2025,Electronics
R3085,Mundra,Antwerp,11250,36,0,Standard,2180,Electronics
R3086,Mundra,Antwerp,11000,33,0,Standard,2440,Automotive
R3087,Mundra,Antwerp,11075,34,1,Alternative,2365,Automotive
R3088,Mundra,Antwerp,11120,34,2,Alternative,2500,Automotive
R3089,Mundra,Antwerp,11175,35,1,Alternative,2425,Automotive
R3090,Mundra,Antwerp,11250,36,0,Standard,2580,Automotive
R3091,Mundra,Antwerp,11000,33,0,Standard,2290,Machinery and Equipment
R3092,Mundra,Antwerp,11075,34,1,Alternative,2215,Machinery and Equipment
R3093,Mundra,Antwerp,11120,34,2,Alternative,2350,Machinery and Equipment
R3094,Mundra,Antwerp,11175,35,1,Alternative,2275,Machinery and Equipment
R3095,Mundra,Antwerp,11250,36,0,Standard,2430,Machinery and Equipment
R3096,Mundra,Antwerp,11000,33,0,Standard,1840,General Cargo
R3097,Mundra,Antwerp,11075,34,1,Alternative,1765,General Cargo
R3098,Mundra,Antwerp,11120,34,2,Alternative,1900,General Cargo
R3099,Mundra,Antwerp,11175,35,1,Alternative,1825,General Cargo
R3100,Mundra,Antwerp,11250,36,0,Standard,1980,General Cargo
R3101,Mundra,Dubai,1250,5,0,Standard,815,Electronics
R3102,Mundra,Dubai,1325,6,1,Alternative,740,Electronics
R3103,Mundra,Dubai,1370,6,2,Alternative,875,Electronics
R3104,Mundra,Dubai,1425,7,1,Alternative,800,Electronics
R3105,Mundra,Dubai,1500,8,0,Standard,955,Electronics
R3106,Mundra,Dubai,1250,5,0,Standard,775,Automotive
R3107,Mundra,Dubai,1325,6,1,Alternative,700,Automotive
R3108,Mundra,Dubai,1370,6,2,Alternative,835,Automotive
R3109,Mundra,Dubai,1425,7,1,Alternative,760,Automotive
R3110,Mundra,Dubai,1500,8,0,Standard,915,Automotive
R3111,Mundra,Dubai,1250,5,0,Standard,895,Machinery and Equipment
R3112,Mundra,Dubai,1325,6,1,Alternative,820,Machinery and Equipment
R3113,Mundra,Dubai,1370,6,2,Alternative,955,Machinery and Equipment
R3114,Mundra,Dubai,1425,7,1,Alternative,880,Machinery and Equipment
R3115,Mundra,Dubai,1500,8,0,Standard,1035,Machinery and Equipment
R3116,Mundra,Dubai,1250,5,0,Standard,585,General Cargo
R3117,Mundra,Dubai,1325,6,1,Alternative,510,General Cargo
R3118,Mundra,Dubai,1370,6,2,Alternative,645,General Cargo
R3119,Mundra,Dubai,1425,7,1,Alternative,570,General Cargo
R3120,Mundra,Dubai,1500,8,0,Standard,725,General Cargo
R3121,Mundra,Jeddah,1900,8,0,Standard,815,Electronics
R3122,Mundra,Jeddah,1975,9,1,Alternative,850,Electronics
R3123,Mundra,Jeddah,2020,9,2,Alternative,870,Electronics
R3124,Mundra,Jeddah,2075,10,1,Alternative,895,Electronics
R3125,Mundra,Jeddah,2150,11,0,Standard,930,Electronics
R3126,Mundra,Jeddah,1900,8,0,Standard,775,Automotive
R3127,Mundra,Jeddah,1975,9,1,Alternative,810,Automotive
R3128,Mundra,Jeddah,2020,9,2,Alternative,830,Automotive
R3129,Mundra,Jeddah,2075,10,1,Alternative,855,Automotive
R3130,Mundra,Jeddah,2150,11,0,Standard,890,Automotive
R3131,Mundra,Jeddah,1900,8,0,Standard,895,Machinery and Equipment
R3132,Mundra,Jeddah,1975,9,1,Alternative,930,Machinery and Equipment
R3133,Mundra,Jeddah,2020,9,2,Alternative,950,Machinery and Equipment
R3134,Mundra,Jeddah,2075,10,1,Alternative,975,Machinery and Equipment
R3135,Mundra,Jeddah,2150,11,0,Standard,1010,Machinery and Equipment
R3136,Mundra,Jeddah,1900,8,0,Standard,585,General Cargo
R3137,Mundra,Jeddah,1975,9,1,Alternative,620,General Cargo
R3138,Mundra,Jeddah,2020,9,2,Alternative,640,General Cargo
R3139,Mundra,Jeddah,2075,10,1,Alternative,665,General Cargo
R3140,Mundra,Jeddah,2150,11,0,Standard,700,General Cargo
R3141,Mundra,Durban,7600,24,0,Standard,1585,Electronics
R3142,Mundra,Durban,7675,25,1,Alternative,1528,Electronics
R3143,Mundra,Durban,7720,25,2,Alternative,1642,Electronics
R3144,Mundra,Durban,7775,26,1,Alternative,1508,Electronics
R3145,Mundra,Durban,7850,27,0,Standard,1569,Electronics
R3146,Mundra,Durban,7600,24,0,Standard,1885,Automotive
R3147,Mundra,Durban,7675,25,1,Alternative,1828,Automotive
R3148,Mundra,Durban,7720,25,2,Alternative,1942,Automotive
R3149,Mundra,Durban,7775,26,1,Alternative,1808,Automotive
R3150,Mundra,Durban,7850,27,0,Standard,1867,Automotive
R3151,Mundra,Durban,7600,24,0,Standard,2115,Machinery and Equipment
R3152,Mundra,Durban,7675,25,1,Alternative,2068,Machinery and Equipment
R3153,Mundra,Durban,7720,25,2,Alternative,2182,Machinery and Equipment
R3154,Mundra,Durban,7775,26,1,Alternative,2048,Machinery and Equipment
R3155,Mundra,Durban,7850,27,0,Standard,2142,Machinery and Equipment
R3156,Mundra,Durban,7600,24,0,Standard,1325,General Cargo
R3157,Mundra,Durban,7675,25,1,Alternative,1278,General Cargo
R3158,Mundra,Durban,7720,25,2,Alternative,1352,General Cargo
R3159,Mundra,Durban,7775,26,1,Alternative,1262,General Cargo
R3160,Mundra,Durban,7850,27,0,Standard,1318,General Cargo
R3161,Mundra,Mombasa,6200,20,0,Standard,1720,Electronics
R3162,Mundra,Mombasa,6275,21,1,Alternative,1645,Electronics
R3163,Mundra,Mombasa,6320,21,2,Alternative,1780,Electronics
R3164,Mundra,Mombasa,6375,22,1,Alternative,1705,Electronics
R3165,Mundra,Mombasa,6450,23,0,Standard,1860,Electronics
R3166,Mundra,Mombasa,6200,20,0,Standard,2080,Automotive
R3167,Mundra,Mombasa,6275,21,1,Alternative,2005,Automotive
R3168,Mundra,Mombasa,6320,21,2,Alternative,2140,Automotive
R3169,Mundra,Mombasa,6375,22,1,Alternative,2065,Automotive
R3170,Mundra,Mombasa,6450,23,0,Standard,2220,Automotive
R3171,Mundra,Mombasa,6200,20,0,Standard,1930,Machinery and Equipment
R3172,Mundra,Mombasa,6275,21,1,Alternative,1855,Machinery and Equipment
R3173,Mundra,Mombasa,6320,21,2,Alternative,1990,Machinery and Equipment
R3174,Mundra,Mombasa,6375,22,1,Alternative,1915,Machinery and Equipment
R3175,Mundra,Mombasa,6450,23,0,Standard,2070,Machinery and Equipment
R3176,Mundra,Mombasa,6200,20,0,Standard,1520,General Cargo
R3177,Mundra,Mombasa,6275,21,1,Alternative,1445,General Cargo
R3178,Mundra,Mombasa,6320,21,2,Alternative,1580,General Cargo
R3179,Mundra,Mombasa,6375,22,1,Alternative,1505,General Cargo
R3180,Mundra,Mombasa,6450,23,0,Standard,1660,General Cargo
R3181,Mundra,Luanda,9000,28,0,Standard,1665,Electronics
R3182,Mundra,Luanda,9075,29,1,Alternative,1608,Electronics
R3183,Mundra,Luanda,9120,29,2,Alternative,1722,Electronics
R3184,Mundra,Luanda,9175,30,1,Alternative,1588,Electronics
R3185,Mundra,Luanda,9250,31,0,Standard,1649,Electronics
R3186,Mundra,Luanda,9000,28,0,Standard,1975,Automotive
R3187,Mundra,Luanda,9075,29,1,Alternative,1918,Automotive
R3188,Mundra,Luanda,9120,29,2,Alternative,2032,Automotive
R3189,Mundra,Luanda,9175,30,1,Alternative,1898,Automotive
R3190,Mundra,Luanda,9250,31,0,Standard,1957,Automotive
R3191,Mundra,Luanda,9000,28,0,Standard,2215,Machinery and Equipment
R3192,Mundra,Luanda,9075,29,1,Alternative,2168,Machinery and Equipment
R3193,Mundra,Luanda,9120,29,2,Alternative,2282,Machinery and Equipment
R3194,Mundra,Luanda,9175,30,1,Alternative,2148,Machinery and Equipment
R3195,Mundra,Luanda,9250,31,0,Standard,2242,Machinery and Equipment
R3196,Mundra,Luanda,9000,28,0,Standard,1395,General Cargo
R3197,Mundra,Luanda,9075,29,1,Alternative,1348,General Cargo
R3198,Mundra,Luanda,9120,29,2,Alternative,1422,General Cargo
R3199,Mundra,Luanda,9175,30,1,Alternative,1332,General Cargo
R3200,Mundra,Luanda,9250,31,0,Standard,1388,General Cargo
R3201,Paradip,Singapore,2700,11,0,Standard,945,Electronics
R3202,Paradip,Singapore,2775,12,1,Alternative,980,Electronics
R3203,Paradip,Singapore,2820,12,2,Alternative,1000,Electronics
R3204,Paradip,Singapore,2875,13,1,Alternative,1025,Electronics
R3205,Paradip,Singapore,2950,14,0,Standard,1060,Electronics
R3206,Paradip,Singapore,2700,11,0,Standard,900,Automotive
R3207,Paradip,Singapore,2775,12,1,Alternative,935,Automotive
R3208,Paradip,Singapore,2820,12,2,Alternative,955,Automotive
R3209,Paradip,Singapore,2875,13,1,Alternative,980,Automotive
R3210,Paradip,Singapore,2950,14,0,Standard,1015,Automotive
R3211,Paradip,Singapore,2700,11,0,Standard,1035,Machinery and Equipment
R3212,Paradip,Singapore,2775,12,1,Alternative,1070,Machinery and Equipment
R3213,Paradip,Singapore,2820,12,2,Alternative,1090,Machinery and Equipment
R3214,Paradip,Singapore,2875,13,1,Alternative,1115,Machinery and Equipment
R3215,Paradip,Singapore,2950,14,0,Standard,1150,Machinery and Equipment
R3216,Paradip,Singapore,2700,11,0,Standard,700,General Cargo
R3217,Paradip,Singapore,2775,12,1,Alternative,735,General Cargo
R3218,Paradip,Singapore,2820,12,2,Alternative,755,General Cargo
R3219,Paradip,Singapore,2875,13,1,Alternative,780,General Cargo
R3220,Paradip,Singapore,2950,14,0,Standard,815,General Cargo
R3221,Paradip,Shanghai,4000,16,0,Standard,1455,Electronics
R3222,Paradip,Shanghai,4075,17,1,Alternative,1408,Electronics
R3223,Paradip,Shanghai,4120,17,2,Alternative,1518,Electronics
R3224,Paradip,Shanghai,4175,18,1,Alternative,1392,Electronics
R3225,Paradip,Shanghai,4250,19,0,Standard,1442,Electronics
R3226,Paradip,Shanghai,4000,16,0,Standard,1745,Automotive
R3227,Paradip,Shanghai,4075,17,1,Alternative,1698,Automotive
R3228,Paradip,Shanghai,4120,17,2,Alternative,1802,Automotive
R3229,Paradip,Shanghai,4175,18,1,Alternative,1678,Automotive
R3230,Paradip,Shanghai,4250,19,0,Standard,1728,Automotive
R3231,Paradip,Shanghai,4000,16,0,Standard,1985,Machinery and Equipment
R3232,Paradip,Shanghai,4075,17,1,Alternative,1938,Machinery and Equipment
R3233,Paradip,Shanghai,4120,17,2,Alternative,2052,Machinery and Equipment
R3234,Paradip,Shanghai,4175,18,1,Alternative,1918,Machinery and Equipment
R3235,Paradip,Shanghai,4250,19,0,Standard,2012,Machinery and Equipment
R3236,Paradip,Shanghai,4000,16,0,Standard,1265,General Cargo
R3237,Paradip,Shanghai,4075,17,1,Alternative,1218,General Cargo
R3238,Paradip,Shanghai,4120,17,2,Alternative,1292,General Cargo
R3239,Paradip,Shanghai,4175,18,1,Alternative,1202,General Cargo
R3240,Paradip,Shanghai,4250,19,0,Standard,1258,General Cargo
R3241,Paradip,Manila,4300,16,0,Standard,1325,Electronics
R3242,Paradip,Manila,4375,17,1,Alternative,1278,Electronics
R3243,Paradip,Manila,4420,17,2,Alternative,1388,Electronics
R3244,Paradip,Manila,4475,18,1,Alternative,1262,Electronics
R3245,Paradip,Manila,4550,19,0,Standard,1312,Electronics
R3246,Paradip,Manila,4300,16,0,Standard,1585,Automotive
R3247,Paradip,Manila,4375,17,1,Alternative,1538,Automotive
R3248,Paradip,Manila,4420,17,2,Alternative,1642,Automotive
R3249,Paradip,Manila,4475,18,1,Alternative,1518,Automotive
R3250,Paradip,Manila,4550,19,0,Standard,1572,Automotive
R3251,Paradip,Manila,4300,16,0,Standard,1815,Machinery and Equipment
R3252,Paradip,Manila,4375,17,1,Alternative,1768,Machinery and Equipment
R3253,Paradip,Manila,4420,17,2,Alternative,1882,Machinery and Equipment
R3254,Paradip,Manila,4475,18,1,Alternative,1748,Machinery and Equipment
R3255,Paradip,Manila,4550,19,0,Standard,1842,Machinery and Equipment
R3256,Paradip,Manila,4300,16,0,Standard,1125,General Cargo
R3257,Paradip,Manila,4375,17,1,Alternative,1078,General Cargo
R3258,Paradip,Manila,4420,17,2,Alternative,1152,General Cargo
R3259,Paradip,Manila,4475,18,1,Alternative,1062,General Cargo
R3260,Paradip,Manila,4550,19,0,Standard,1118,General Cargo
R3261,Paradip,Rotterdam,10500,32,0,Standard,2185,Electronics
R3262,Paradip,Rotterdam,10575,33,1,Alternative,2220,Electronics
R3263,Paradip,Rotterdam,10620,33,2,Alternative,2240,Electronics
R3264,Paradip,Rotterdam,10675,34,1,Alternative,2265,Electronics
R3265,Paradip,Rotterdam,10750,35,0,Standard,2300,Electronics
R3266,Paradip,Rotterdam,10500,32,0,Standard,2085,Automotive
R3267,Paradip,Rotterdam,10575,33,1,Alternative,2120,Automotive
R3268,Paradip,Rotterdam,10620,33,2,Alternative,2140,Automotive
R3269,Paradip,Rotterdam,10675,34,1,Alternative,2165,Automotive
R3270,Paradip,Rotterdam,10750,35,0,Standard,2200,Automotive
R3271,Paradip,Rotterdam,10500,32,0,Standard,2385,Machinery and Equipment
R3272,Paradip,Rotterdam,10575,33,1,Alternative,2420,Machinery and Equipment
R3273,Paradip,Rotterdam,10620,33,2,Alternative,2440,Machinery and Equipment
R3274,Paradip,Rotterdam,10675,34,1,Alternative,2465,Machinery and Equipment
R3275,Paradip,Rotterdam,10750,35,0,Standard,2500,Machinery and Equipment
R3276,Paradip,Rotterdam,10500,32,0,Standard,1715,General Cargo
R3277,Paradip,Rotterdam,10575,33,1,Alternative,1750,General Cargo
R3278,Paradip,Rotterdam,10620,33,2,Alternative,1770,General Cargo
R3279,Paradip,Rotterdam,10675,34,1,Alternative,1795,General Cargo
R3280,Paradip,Rotterdam,10750,35,0,Standard,1830,General Cargo
R3281,Paradip,Antwerp,10400,31,0,Standard,2160,Electronics
R3282,Paradip,Antwerp,10475,32,1,Alternative,2085,Electronics
R3283,Paradip,Antwerp,10520,32,2,Alternative,2220,Electronics
R3284,Paradip,Antwerp,10575,33,1,Alternative,2145,Electronics
R3285,Paradip,Antwerp,10650,34,0,Standard,2300,Electronics
R3286,Paradip,Antwerp,10400,31,0,Standard,2560,Automotive
R3287,Paradip,Antwerp,10475,32,1,Alternative,2485,Automotive
R3288,Paradip,Antwerp,10520,32,2,Alternative,2620,Automotive
R3289,Paradip,Antwerp,10575,33,1,Alternative,2545,Automotive
R3290,Paradip,Antwerp,10650,34,0,Standard,2700,Automotive
R3291,Paradip,Antwerp,10400,31,0,Standard,2410,Machinery and Equipment
R3292,Paradip,Antwerp,10475,32,1,Alternative,2335,Machinery and Equipment
R3293,Paradip,Antwerp,10520,32,2,Alternative,2470,Machinery and Equipment
R3294,Paradip,Antwerp,10575,33,1,Alternative,2395,Machinery and Equipment
R3295,Paradip,Antwerp,10650,34,0,Standard,2550,Machinery and Equipment
R3296,Paradip,Antwerp,10400,31,0,Standard,1920,General Cargo
R3297,Paradip,Antwerp,10475,32,1,Alternative,1845,General Cargo
R3298,Paradip,Antwerp,10520,32,2,Alternative,1980,General Cargo
R3299,Paradip,Antwerp,10575,33,1,Alternative,1905,General Cargo
R3300,Paradip,Antwerp,10650,34,0,Standard,2060,General Cargo
R3301,Paradip,Dubai,4200,15,0,Standard,1240,Electronics
R3302,Paradip,Dubai,4275,16,1,Alternative,1165,Electronics
R3303,Paradip,Dubai,4320,16,2,Alternative,1300,Electronics
R3304,Paradip,Dubai,4375,17,1,Alternative,1540,Electronics
R3305,Paradip,Dubai,4450,18,0,Standard,1695,Electronics
R3306,Paradip,Dubai,4200,15,0,Standard,1500,Automotive
R3307,Paradip,Dubai,4275,16,1,Alternative,1425,Automotive
R3308,Paradip,Dubai,4320,16,2,Alternative,1560,Automotive
R3309,Paradip,Dubai,4375,17,1,Alternative,1470,Automotive
R3310,Paradip,Dubai,4450,18,0,Standard,1625,Automotive
R3311,Paradip,Dubai,4200,15,0,Standard,1700,Machinery and Equipment
R3312,Paradip,Dubai,4275,16,1,Alternative,1625,Machinery and Equipment
R3313,Paradip,Dubai,4320,16,2,Alternative,1760,Machinery and Equipment
R3314,Paradip,Dubai,4375,17,1,Alternative,1685,Machinery and Equipment
R3315,Paradip,Dubai,4450,18,0,Standard,1840,Machinery and Equipment
R3316,Paradip,Dubai,4200,15,0,Standard,1145,General Cargo
R3317,Paradip,Dubai,4275,16,1,Alternative,1070,General Cargo
R3318,Paradip,Dubai,4320,16,2,Alternative,1205,General Cargo
R3319,Paradip,Dubai,4375,17,1,Alternative,1130,General Cargo
R3320,Paradip,Dubai,4450,18,0,Standard,1285,General Cargo
R3321,Paradip,Jeddah,5200,17,0,Standard,1555,Electronics
R3322,Paradip,Jeddah,5275,18,1,Alternative,1590,Electronics
R3323,Paradip,Jeddah,5320,18,2,Alternative,1610,Electronics
R3324,Paradip,Jeddah,5375,19,1,Alternative,1635,Electronics
R3325,Paradip,Jeddah,5450,20,0,Standard,1670,Electronics
R3326,Paradip,Jeddah,5200,17,0,Standard,1485,Automotive
R3327,Paradip,Jeddah,5275,18,1,Alternative,1520,Automotive
R3328,Paradip,Jeddah,5320,18,2,Alternative,1540,Automotive
R3329,Paradip,Jeddah,5375,19,1,Alternative,1565,Automotive
R3330,Paradip,Jeddah,5450,20,0,Standard,1600,Automotive
R3331,Paradip,Jeddah,5200,17,0,Standard,1700,Machinery and Equipment
R3332,Paradip,Jeddah,5275,18,1,Alternative,1735,Machinery and Equipment
R3333,Paradip,Jeddah,5320,18,2,Alternative,1755,Machinery and Equipment
R3334,Paradip,Jeddah,5375,19,1,Alternative,1780,Machinery and Equipment
R3335,Paradip,Jeddah,5450,20,0,Standard,1815,Machinery and Equipment
R3336,Paradip,Jeddah,5200,17,0,Standard,1145,General Cargo
R3337,Paradip,Jeddah,5275,18,1,Alternative,1180,General Cargo
R3338,Paradip,Jeddah,5320,18,2,Alternative,1200,General Cargo
R3339,Paradip,Jeddah,5375,19,1,Alternative,1225,General Cargo
R3340,Paradip,Jeddah,5450,20,0,Standard,1260,General Cargo
R3341,Paradip,Colombo,1150,6,0,Standard,1180,Electronics
R3342,Paradip,Colombo,1225,7,1,Alternative,1105,Electronics
R3343,Paradip,Colombo,1270,7,2,Alternative,1240,Electronics
R3344,Paradip,Colombo,1325,8,1,Alternative,1165,Electronics
R3345,Paradip,Colombo,1400,9,0,Standard,1320,Electronics
R3346,Paradip,Colombo,1150,6,0,Standard,1440,Automotive
R3347,Paradip,Colombo,1225,7,1,Alternative,1365,Automotive
R3348,Paradip,Colombo,1270,7,2,Alternative,1500,Automotive
R3349,Paradip,Colombo,1325,8,1,Alternative,1425,Automotive
R3350,Paradip,Colombo,1400,9,0,Standard,1580,Automotive
R3351,Paradip,Colombo,1150,6,0,Standard,1330,Machinery and Equipment
R3352,Paradip,Colombo,1225,7,1,Alternative,1255,Machinery and Equipment
R3353,Paradip,Colombo,1270,7,2,Alternative,1390,Machinery and Equipment
R3354,Paradip,Colombo,1325,8,1,Alternative,1315,Machinery and Equipment
R3355,Paradip,Colombo,1400,9,0,Standard,1470,Machinery and Equipment
R3356,Paradip,Colombo,1150,6,0,Standard,1060,General Cargo
R3357,Paradip,Colombo,1225,7,1,Alternative,985,General Cargo
R3358,Paradip,Colombo,1270,7,2,Alternative,1120,General Cargo
R3359,Paradip,Colombo,1325,8,1,Alternative,1045,General Cargo
R3360,Paradip,Colombo,1400,9,0,Standard,1200,General Cargo
R3361,Paradip,Felixstowe,10600,32,0,Standard,2160,Electronics
R3362,Paradip,Felixstowe,10675,33,1,Alternative,2085,Electronics
R3363,Paradip,Felixstowe,10720,33,2,Alternative,2220,Electronics
R3364,Paradip,Felixstowe,10775,34,1,Alternative,2145,Electronics
R3365,Paradip,Felixstowe,10850,35,0,Standard,2300,Electronics
R3366,Paradip,Felixstowe,10600,32,0,Standard,2560,Automotive
R3367,Paradip,Felixstowe,10675,33,1,Alternative,2485,Automotive
R3368,Paradip,Felixstowe,10720,33,2,Alternative,2620,Automotive
R3369,Paradip,Felixstowe,10775,34,1,Alternative,2545,Automotive
R3370,Paradip,Felixstowe,10850,35,0,Standard,2700,Automotive
R3371,Paradip,Felixstowe,10600,32,0,Standard,2410,Machinery and Equipment
R3372,Paradip,Felixstowe,10675,33,1,Alternative,2335,Machinery and Equipment
R3373,Paradip,Felixstowe,10720,33,2,Alternative,2470,Machinery and Equipment
R3374,Paradip,Felixstowe,10775,34,1,Alternative,2395,Machinery and Equipment
R3375,Paradip,Felixstowe,10850,35,0,Standard,2550,Machinery and Equipment
R3376,Paradip,Felixstowe,10600,32,0,Standard,1920,General Cargo
R3377,Paradip,Felixstowe,10675,33,1,Alternative,1845,General Cargo
R3378,Paradip,Felixstowe,10720,33,2,Alternative,1980,General Cargo
R3379,Paradip,Felixstowe,10775,34,1,Alternative,1905,General Cargo
R3380,Paradip,Felixstowe,10850,35,0,Standard,2060,General Cargo
R3381,Paradip,Valencia,10300,31,0,Standard,2160,Electronics
R3382,Paradip,Valencia,10375,32,1,Alternative,2085,Electronics
R3383,Paradip,Valencia,10420,32,2,Alternative,2220,Electronics
R3384,Paradip,Valencia,10475,33,1,Alternative,2145,Electronics
R3385,Paradip,Valencia,10550,34,0,Standard,2300,Electronics
R3386,Paradip,Valencia,10300,31,0,Standard,2560,Automotive
R3387,Paradip,Valencia,10375,32,1,Alternative,2485,Automotive
R3388,Paradip,Valencia,10420,32,2,Alternative,2620,Automotive
R3389,Paradip,Valencia,10475,33,1,Alternative,2545,Automotive
R3390,Paradip,Valencia,10550,34,0,Standard,2700,Automotive
R3391,Paradip,Valencia,10300,31,0,Standard,2410,Machinery and Equipment
R3392,Paradip,Valencia,10375,32,1,Alternative,2335,Machinery and Equipment
R3393,Paradip,Valencia,10420,32,2,Alternative,2470,Machinery and Equipment
R3394,Paradip,Valencia,10475,33,1,Alternative,2395,Machinery and Equipment
R3395,Paradip,Valencia,10550,34,0,Standard,2550,Machinery and Equipment
R3396,Paradip,Valencia,10300,31,0,Standard,1920,General Cargo
R3397,Paradip,Valencia,10375,32,1,Alternative,1845,General Cargo
R3398,Paradip,Valencia,10420,32,2,Alternative,1980,General Cargo
R3399,Paradip,Valencia,10475,33,1,Alternative,1905,General Cargo
R3400,Paradip,Valencia,10550,34,0,Standard,2060,General Cargo
R3401,Paradip,Jebel Ali,4300,16,0,Standard,1240,Electronics
R3402,Paradip,Jebel Ali,4375,17,1,Alternative,1480,Electronics
R3403,Paradip,Jebel Ali,4420,17,2,Alternative,1615,Electronics
R3404,Paradip,Jebel Ali,4475,18,1,Alternative,1540,Electronics
R3405,Paradip,Jebel Ali,4550,19,0,Standard,1695,Electronics
R3406,Paradip,Jebel Ali,4300,16,0,Standard,1500,Automotive
R3407,Paradip,Jebel Ali,4375,17,1,Alternative,1410,Automotive
R3408,Paradip,Jebel Ali,4420,17,2,Alternative,1545,Automotive
R3409,Paradip,Jebel Ali,4475,18,1,Alternative,1470,Automotive
R3410,Paradip,Jebel Ali,4550,19,0,Standard,1625,Automotive
R3411,Paradip,Jebel Ali,4300,16,0,Standard,1700,Machinery and Equipment
R3412,Paradip,Jebel Ali,4375,17,1,Alternative,1625,Machinery and Equipment
R3413,Paradip,Jebel Ali,4420,17,2,Alternative,1760,Machinery and Equipment
R3414,Paradip,Jebel Ali,4475,18,1,Alternative,1685,Machinery and Equipment
R3415,Paradip,Jebel Ali,4550,19,0,Standard,1840,Machinery and Equipment
R3416,Paradip,Jebel Ali,4300,16,0,Standard,1145,General Cargo
R3417,Paradip,Jebel Ali,4375,17,1,Alternative,1070,General Cargo
R3418,Paradip,Jebel Ali,4420,17,2,Alternative,1205,General Cargo
R3419,Paradip,Jebel Ali,4475,18,1,Alternative,1130,General Cargo
R3420,Paradip,Jebel Ali,4550,19,0,Standard,1285,General Cargo
R3421,Paradip,Port Klang,3200,13,0,Standard,1120,Electronics
R3422,Paradip,Port Klang,3275,14,1,Alternative,1045,Electronics
R3423,Paradip,Port Klang,3320,14,2,Alternative,1180,Electronics
R3424,Paradip,Port Klang,3375,15,1,Alternative,1105,Electronics
R3425,Paradip,Port Klang,3450,16,0,Standard,1260,Electronics
R3426,Paradip,Port Klang,3200,13,0,Standard,1380,Automotive
R3427,Paradip,Port Klang,3275,14,1,Alternative,1305,Automotive
R3428,Paradip,Port Klang,3320,14,2,Alternative,1440,Automotive
R3429,Paradip,Port Klang,3375,15,1,Alternative,1365,Automotive
R3430,Paradip,Port Klang,3450,16,0,Standard,1520,Automotive
R3431,Paradip,Port Klang,3200,13,0,Standard,1270,Machinery and Equipment
R3432,Paradip,Port Klang,3275,14,1,Alternative,1195,Machinery and Equipment
R3433,Paradip,Port Klang,3320,14,2,Alternative,1330,Machinery and Equipment
R3434,Paradip,Port Klang,3375,15,1,Alternative,1255,Machinery and Equipment
R3435,Paradip,Port Klang,3450,16,0,Standard,1410,Machinery and Equipment
R3436,Paradip,Port Klang,3200,13,0,Standard,1000,General Cargo
R3437,Paradip,Port Klang,3275,14,1,Alternative,925,General Cargo
R3438,Paradip,Port Klang,3320,14,2,Alternative,1060,General Cargo
R3439,Paradip,Port Klang,3375,15,1,Alternative,985,General Cargo
R3440,Paradip,Port Klang,3450,16,0,Standard,1140,General Cargo
R3441,Paradip,Piraeus,7600,24,0,Standard,2185,Electronics
R3442,Paradip,Piraeus,7675,25,1,Alternative,2110,Electronics
R3443,Paradip,Piraeus,7720,25,2,Alternative,2245,Electronics
R3444,Paradip,Piraeus,7775,26,1,Alternative,2170,Electronics
R3445,Paradip,Piraeus,7850,27,0,Standard,2325,Electronics
R3446,Paradip,Piraeus,7600,24,0,Standard,2085,Automotive
R3447,Paradip,Piraeus,7675,25,1,Alternative,2010,Automotive
R3448,Paradip,Piraeus,7720,25,2,Alternative,2145,Automotive
R3449,Paradip,Piraeus,7775,26,1,Alternative,2070,Automotive
R3450,Paradip,Piraeus,7850,27,0,Standard,2225,Automotive
R3451,Paradip,Piraeus,7600,24,0,Standard,2385,Machinery and Equipment
R3452,Paradip,Piraeus,7675,25,1,Alternative,2310,Machinery and Equipment
R3453,Paradip,Piraeus,7720,25,2,Alternative,2445,Machinery and Equipment
R3454,Paradip,Piraeus,7775,26,1,Alternative,2370,Machinery and Equipment
R3455,Paradip,Piraeus,7850,27,0,Standard,2525,Machinery and Equipment
R3456,Paradip,Piraeus,7600,24,0,Standard,1715,General Cargo
R3457,Paradip,Piraeus,7675,25,1,Alternative,1640,General Cargo
R3458,Paradip,Piraeus,7720,25,2,Alternative,1775,General Cargo
R3459,Paradip,Piraeus,7775,26,1,Alternative,1700,General Cargo
R3460,Paradip,Piraeus,7850,27,0,Standard,1855,General Cargo
R3461,Paradip,Mombasa,5200,18,0,Standard,1325,Electronics
R3462,Paradip,Mombasa,5275,19,1,Alternative,1250,Electronics
R3463,Paradip,Mombasa,5320,19,2,Alternative,1385,Electronics
R3464,Paradip,Mombasa,5375,20,1,Alternative,1310,Electronics
R3465,Paradip,Mombasa,5450,21,0,Standard,1465,Electronics
R3466,Paradip,Mombasa,5200,18,0,Standard,1585,Automotive
R3467,Paradip,Mombasa,5275,19,1,Alternative,1510,Automotive
R3468,Paradip,Mombasa,5320,19,2,Alternative,1645,Automotive
R3469,Paradip,Mombasa,5375,20,1,Alternative,1570,Automotive
R3470,Paradip,Mombasa,5450,21,0,Standard,1725,Automotive
R3471,Paradip,Mombasa,5200,18,0,Standard,1815,Machinery and Equipment
R3472,Paradip,Mombasa,5275,19,1,Alternative,1740,Machinery and Equipment
R3473,Paradip,Mombasa,5320,19,2,Alternative,1875,Machinery and Equipment
R3474,Paradip,Mombasa,5375,20,1,Alternative,1800,Machinery and Equipment
R3475,Paradip,Mombasa,5450,21,0,Standard,1955,Machinery and Equipment
R3476,Paradip,Mombasa,5200,18,0,Standard,1125,General Cargo
R3477,Paradip,Mombasa,5275,19,1,Alternative,1050,General Cargo
R3478,Paradip,Mombasa,5320,19,2,Alternative,1185,General Cargo
R3479,Paradip,Mombasa,5375,20,1,Alternative,1110,General Cargo
R3480,Paradip,Mombasa,5450,21,0,Standard,1265,General Cargo
R3481,Paradip,Durban,7400,23,0,Standard,2140,Electronics
R3482,Paradip,Durban,7475,24,1,Alternative,2065,Electronics
R3483,Paradip,Durban,7520,24,2,Alternative,2200,Electronics
R3484,Paradip,Durban,7575,25,1,Alternative,2125,Electronics
R3485,Paradip,Durban,7650,26,0,Standard,2280,Electronics
R3486,Paradip,Durban,7400,23,0,Standard,2540,Automotive
R3487,Paradip,Durban,7475,24,1,Alternative,2465,Automotive
R3488,Paradip,Durban,7520,24,2,Alternative,2600,Automotive
R3489,Paradip,Durban,7575,25,1,Alternative,2525,Automotive
R3490,Paradip,Durban,7650,26,0,Standard,2680,Automotive
R3491,Paradip,Durban,7400,23,0,Standard,2390,Machinery and Equipment
R3492,Paradip,Durban,7475,24,1,Alternative,2315,Machinery and Equipment
R3493,Paradip,Durban,7520,24,2,Alternative,2450,Machinery and Equipment
R3494,Paradip,Durban,7575,25,1,Alternative,2375,Machinery and Equipment
R3495,Paradip,Durban,7650,26,0,Standard,2530,Machinery and Equipment
R3496,Paradip,Durban,7400,23,0,Standard,1920,General Cargo
R3497,Paradip,Durban,7475,24,1,Alternative,1845,General Cargo
R3498,Paradip,Durban,7520,24,2,Alternative,1980,General Cargo
R3499,Paradip,Durban,7575,25,1,Alternative,1905,General Cargo
R3500,Paradip,Durban,7650,26,0,Standard,2060,General Cargo
R3501,Paradip,Luanda,8500,27,0,Standard,2185,Electronics
R3502,Paradip,Luanda,8575,28,1,Alternative,2110,Electronics
R3503,Paradip,Luanda,8620,28,2,Alternative,2245,Electronics
R3504,Paradip,Luanda,8675,29,1,Alternative,2170,Electronics
R3505,Paradip,Luanda,8750,30,0,Standard,2325,Electronics
R3506,Paradip,Luanda,8500,27,0,Standard,2085,Automotive
R3507,Paradip,Luanda,8575,28,1,Alternative,2010,Automotive
R3508,Paradip,Luanda,8620,28,2,Alternative,2145,Automotive
R3509,Paradip,Luanda,8675,29,1,Alternative,2070,Automotive
R3510,Paradip,Luanda,8750,30,0,Standard,2225,Automotive
R3511,Paradip,Luanda,8500,27,0,Standard,2385,Machinery and Equipment
R3512,Paradip,Luanda,8575,28,1,Alternative,2310,Machinery and Equipment
R3513,Paradip,Luanda,8620,28,2,Alternative,2445,Machinery and Equipment
R3514,Paradip,Luanda,8675,29,1,Alternative,2370,Machinery and Equipment
R3515,Paradip,Luanda,8750,30,0,Standard,2525,Machinery and Equipment
R3516,Paradip,Luanda,8500,27,0,Standard,1715,General Cargo
R3517,Paradip,Luanda,8575,28,1,Alternative,1640,General Cargo
R3518,Paradip,Luanda,8620,28,2,Alternative,1775,General Cargo
R3519,Paradip,Luanda,8675,29,1,Alternative,1700,General Cargo
R3520,Paradip,Luanda,8750,30,0,Standard,1855,General Cargo
R3521,New Mangalore,Rotterdam,10400,32,0,Standard,2095,Electronics
R3522,New Mangalore,Rotterdam,10475,33,1,Alternative,2130,Electronics
R3523,New Mangalore,Rotterdam,10520,33,2,Alternative,2150,Electronics
R3524,New Mangalore,Rotterdam,10575,34,1,Alternative,2175,Electronics
R3525,New Mangalore,Rotterdam,10650,35,0,Standard,2210,Electronics
R3526,New Mangalore,Rotterdam,10400,32,0,Standard,1995,Automotive
R3527,New Mangalore,Rotterdam,10475,33,1,Alternative,2030,Automotive
R3528,New Mangalore,Rotterdam,10520,33,2,Alternative,2050,Automotive
R3529,New Mangalore,Rotterdam,10575,34,1,Alternative,2075,Automotive
R3530,New Mangalore,Rotterdam,10650,35,0,Standard,2110,Automotive
R3531,New Mangalore,Rotterdam,10400,32,0,Standard,2295,Machinery and Equipment
R3532,New Mangalore,Rotterdam,10475,33,1,Alternative,2330,Machinery and Equipment
R3533,New Mangalore,Rotterdam,10520,33,2,Alternative,2350,Machinery and Equipment
R3534,New Mangalore,Rotterdam,10575,34,1,Alternative,2375,Machinery and Equipment
R3535,New Mangalore,Rotterdam,10650,35,0,Standard,2410,Machinery and Equipment
R3536,New Mangalore,Rotterdam,10400,32,0,Standard,1675,General Cargo
R3537,New Mangalore,Rotterdam,10475,33,1,Alternative,1710,General Cargo
R3538,New Mangalore,Rotterdam,10520,33,2,Alternative,1730,General Cargo
R3539,New Mangalore,Rotterdam,10575,34,1,Alternative,1755,General Cargo
R3540,New Mangalore,Rotterdam,10650,35,0,Standard,1790,General Cargo
R3541,New Mangalore,Singapore,2600,11,0,Standard,1125,Electronics
R3542,New Mangalore,Singapore,2675,12,1,Alternative,1160,Electronics
R3543,New Mangalore,Singapore,2720,12,2,Alternative,1180,Electronics
R3544,New Mangalore,Singapore,2775,13,1,Alternative,1205,Electronics
R3545,New Mangalore,Singapore,2850,14,0,Standard,1240,Electronics
R3546,New Mangalore,Singapore,2600,11,0,Standard,1075,Automotive
R3547,New Mangalore,Singapore,2675,12,1,Alternative,1110,Automotive
R3548,New Mangalore,Singapore,2720,12,2,Alternative,1130,Automotive
R3549,New Mangalore,Singapore,2775,13,1,Alternative,1155,Automotive
R3550,New Mangalore,Singapore,2850,14,0,Standard,1190,Automotive
R3551,New Mangalore,Singapore,2600,11,0,Standard,1235,Machinery and Equipment
R3552,New Mangalore,Singapore,2675,12,1,Alternative,1270,Machinery and Equipment
R3553,New Mangalore,Singapore,2720,12,2,Alternative,1290,Machinery and Equipment
R3554,New Mangalore,Singapore,2775,13,1,Alternative,1315,Machinery and Equipment
R3555,New Mangalore,Singapore,2850,14,0,Standard,1350,Machinery and Equipment
R3556,New Mangalore,Singapore,2600,11,0,Standard,865,General Cargo
R3557,New Mangalore,Singapore,2675,12,1,Alternative,900,General Cargo
R3558,New Mangalore,Singapore,2720,12,2,Alternative,920,General Cargo
R3559,New Mangalore,Singapore,2775,13,1,Alternative,945,General Cargo
R3560,New Mangalore,Singapore,2850,14,0,Standard,980,General Cargo
R3561,New Mangalore,Antwerp,10300,31,0,Standard,2095,Electronics
R3562,New Mangalore,Antwerp,10375,32,1,Alternative,2130,Electronics
R3563,New Mangalore,Antwerp,10420,32,2,Alternative,2150,Electronics
R3564,New Mangalore,Antwerp,10475,33,1,Alternative,2175,Electronics
R3565,New Mangalore,Antwerp,10550,34,0,Standard,2210,Electronics
R3566,New Mangalore,Antwerp,10300,31,0,Standard,1995,Automotive
R3567,New Mangalore,Antwerp,10375,32,1,Alternative,2030,Automotive
R3568,New Mangalore,Antwerp,10420,32,2,Alternative,2050,Automotive
R3569,New Mangalore,Antwerp,10475,33,1,Alternative,2075,Automotive
R3570,New Mangalore,Antwerp,10550,34,0,Standard,2110,Automotive
R3571,New Mangalore,Antwerp,10300,31,0,Standard,2295,Machinery and Equipment
R3572,New Mangalore,Antwerp,10375,32,1,Alternative,2330,Machinery and Equipment
R3573,New Mangalore,Antwerp,10420,32,2,Alternative,2350,Machinery and Equipment
R3574,New Mangalore,Antwerp,10475,33,1,Alternative,2375,Machinery and Equipment
R3575,New Mangalore,Antwerp,10550,34,0,Standard,2410,Machinery and Equipment
R3576,New Mangalore,Antwerp,10300,31,0,Standard,1675,General Cargo
R3577,New Mangalore,Antwerp,10375,32,1,Alternative,1710,General Cargo
R3578,New Mangalore,Antwerp,10420,32,2,Alternative,1730,General Cargo
R3579,New Mangalore,Antwerp,10475,33,1,Alternative,1755,General Cargo
R3580,New Mangalore,Antwerp,10550,34,0,Standard,1790,General Cargo
R3581,New Mangalore,Dubai,2300,9,0,Standard,1125,Electronics
R3582,New Mangalore,Dubai,2375,10,1,Alternative,1160,Electronics
R3583,New Mangalore,Dubai,2420,10,2,Alternative,1180,Electronics
R3584,New Mangalore,Dubai,2475,11,1,Alternative,1205,Electronics
R3585,New Mangalore,Dubai,2550,12,0,Standard,1240,Electronics
R3586,New Mangalore,Dubai,2300,9,0,Standard,1075,Automotive
R3587,New Mangalore,Dubai,2375,10,1,Alternative,1110,Automotive
R3588,New Mangalore,Dubai,2420,10,2,Alternative,1130,Automotive
R3589,New Mangalore,Dubai,2475,11,1,Alternative,1155,Automotive
R3590,New Mangalore,Dubai,2550,12,0,Standard,1190,Automotive
R3591,New Mangalore,Dubai,2300,9,0,Standard,1235,Machinery and Equipment
R3592,New Mangalore,Dubai,2375,10,1,Alternative,1270,Machinery and Equipment
R3593,New Mangalore,Dubai,2420,10,2,Alternative,1290,Machinery and Equipment
R3594,New Mangalore,Dubai,2475,11,1,Alternative,1315,Machinery and Equipment
R3595,New Mangalore,Dubai,2550,12,0,Standard,1350,Machinery and Equipment
R3596,New Mangalore,Dubai,2300,9,0,Standard,865,General Cargo
R3597,New Mangalore,Dubai,2375,10,1,Alternative,900,General Cargo
R3598,New Mangalore,Dubai,2420,10,2,Alternative,920,General Cargo
R3599,New Mangalore,Dubai,2475,11,1,Alternative,945,General Cargo
R3600,New Mangalore,Dubai,2550,12,0,Standard,980,General Cargo
R3601,New Mangalore,Jeddah,3400,14,0,Standard,1215,Electronics
R3602,New Mangalore,Jeddah,3475,15,1,Alternative,1250,Electronics
R3603,New Mangalore,Jeddah,3520,15,2,Alternative,1270,Electronics
R3604,New Mangalore,Jeddah,3575,16,1,Alternative,1295,Electronics
R3605,New Mangalore,Jeddah,3650,17,0,Standard,1330,Electronics
R3606,New Mangalore,Jeddah,3400,14,0,Standard,1160,Automotive
R3607,New Mangalore,Jeddah,3475,15,1,Alternative,1195,Automotive
R3608,New Mangalore,Jeddah,3520,15,2,Alternative,1215,Automotive
R3609,New Mangalore,Jeddah,3575,16,1,Alternative,1240,Automotive
R3610,New Mangalore,Jeddah,3650,17,0,Standard,1275,Automotive
R3611,New Mangalore,Jeddah,3400,14,0,Standard,1345,Machinery and Equipment
R3612,New Mangalore,Jeddah,3475,15,1,Alternative,1380,Machinery and Equipment
R3613,New Mangalore,Jeddah,3520,15,2,Alternative,1400,Machinery and Equipment
R3614,New Mangalore,Jeddah,3575,16,1,Alternative,1425,Machinery and Equipment
R3615,New Mangalore,Jeddah,3650,17,0,Standard,1460,Machinery and Equipment
R3616,New Mangalore,Jeddah,3400,14,0,Standard,940,General Cargo
R3617,New Mangalore,Jeddah,3475,15,1,Alternative,975,General Cargo
R3618,New Mangalore,Jeddah,3520,15,2,Alternative,995,General Cargo
R3619,New Mangalore,Jeddah,3575,16,1,Alternative,1020,General Cargo
R3620,New Mangalore,Jeddah,3650,17,0,Standard,1055,General Cargo
R3621,New Mangalore,Colombo,950,5,0,Standard,485,Electronics
R3622,New Mangalore,Colombo,1025,6,1,Alternative,462,Electronics
R3623,New Mangalore,Colombo,1070,6,2,Alternative,512,Electronics
R3624,New Mangalore,Colombo,1125,7,1,Alternative,448,Electronics
R3625,New Mangalore,Colombo,1200,8,0,Standard,498,Electronics
R3626,New Mangalore,Colombo,950,5,0,Standard,625,Automotive
R3627,New Mangalore,Colombo,1025,6,1,Alternative,598,Automotive
R3628,New Mangalore,Colombo,1070,6,2,Alternative,652,Automotive
R3629,New Mangalore,Colombo,1125,7,1,Alternative,578,Automotive
R3630,New Mangalore,Colombo,1200,8,0,Standard,618,Automotive
R3631,New Mangalore,Colombo,950,5,0,Standard,745,Machinery and Equipment
R3632,New Mangalore,Colombo,1025,6,1,Alternative,718,Machinery and Equipment
R3633,New Mangalore,Colombo,1070,6,2,Alternative,772,Machinery and Equipment
R3634,New Mangalore,Colombo,1125,7,1,Alternative,698,Machinery and Equipment
R3635,New Mangalore,Colombo,1200,8,0,Standard,752,Machinery and Equipment
R3636,New Mangalore,Colombo,950,5,0,Standard,365,General Cargo
R3637,New Mangalore,Colombo,1025,6,1,Alternative,342,General Cargo
R3638,New Mangalore,Colombo,1070,6,2,Alternative,392,General Cargo
R3639,New Mangalore,Colombo,1125,7,1,Alternative,328,General Cargo
R3640,New Mangalore,Colombo,1200,8,0,Standard,378,General Cargo
R3641,New Mangalore,Felixstowe,9800,30,0,Standard,2095,Electronics
R3642,New Mangalore,Felixstowe,9875,31,1,Alternative,2130,Electronics
R3643,New Mangalore,Felixstowe,9920,31,2,Alternative,2150,Electronics
R3644,New Mangalore,Felixstowe,9975,32,1,Alternative,2175,Electronics
R3645,New Mangalore,Felixstowe,10050,33,0,Standard,2210,Electronics
R3646,New Mangalore,Felixstowe,9800,30,0,Standard,1995,Automotive
R3647,New Mangalore,Felixstowe,9875,31,1,Alternative,2030,Automotive
R3648,New Mangalore,Felixstowe,9920,31,2,Alternative,2050,Automotive
R3649,New Mangalore,Felixstowe,9975,32,1,Alternative,2075,Automotive
R3650,New Mangalore,Felixstowe,10050,33,0,Standard,2110,Automotive
R3651,New Mangalore,Felixstowe,9800,30,0,Standard,2295,Machinery and Equipment
R3652,New Mangalore,Felixstowe,9875,31,1,Alternative,2330,Machinery and Equipment
R3653,New Mangalore,Felixstowe,9920,31,2,Alternative,2350,Machinery and Equipment
R3654,New Mangalore,Felixstowe,9975,32,1,Alternative,2375,Machinery and Equipment
R3655,New Mangalore,Felixstowe,10050,33,0,Standard,2410,Machinery and Equipment
R3656,New Mangalore,Felixstowe,9800,30,0,Standard,1675,General Cargo
R3657,New Mangalore,Felixstowe,9875,31,1,Alternative,1710,General Cargo
R3658,New Mangalore,Felixstowe,9920,31,2,Alternative,1730,General Cargo
R3659,New Mangalore,Felixstowe,9975,32,1,Alternative,1755,General Cargo
R3660,New Mangalore,Felixstowe,10050,33,0,Standard,1790,General Cargo
R3661,New Mangalore,Valencia,9300,28,0,Standard,2095,Electronics
R3662,New Mangalore,Valencia,9375,29,1,Alternative,2130,Electronics
R3663,New Mangalore,Valencia,9420,29,2,Alternative,2150,Electronics
R3664,New Mangalore,Valencia,9475,30,1,Alternative,2175,Electronics
R3665,New Mangalore,Valencia,9550,31,0,Standard,2210,Electronics
R3666,New Mangalore,Valencia,9300,28,0,Standard,1995,Automotive
R3667,New Mangalore,Valencia,9375,29,1,Alternative,2030,Automotive
R3668,New Mangalore,Valencia,9420,29,2,Alternative,2050,Automotive
R3669,New Mangalore,Valencia,9475,30,1,Alternative,2075,Automotive
R3670,New Mangalore,Valencia,9550,31,0,Standard,2110,Automotive
R3671,New Mangalore,Valencia,9300,28,0,Standard,2295,Machinery and Equipment
R3672,New Mangalore,Valencia,9375,29,1,Alternative,2330,Machinery and Equipment
R3673,New Mangalore,Valencia,9420,29,2,Alternative,2350,Machinery and Equipment
R3674,New Mangalore,Valencia,9475,30,1,Alternative,2375,Machinery and Equipment
R3675,New Mangalore,Valencia,9550,31,0,Standard,2410,Machinery and Equipment
R3676,New Mangalore,Valencia,9300,28,0,Standard,1675,General Cargo
R3677,New Mangalore,Valencia,9375,29,1,Alternative,1710,General Cargo
R3678,New Mangalore,Valencia,9420,29,2,Alternative,1730,General Cargo
R3679,New Mangalore,Valencia,9475,30,1,Alternative,1755,General Cargo
R3680,New Mangalore,Valencia,9550,31,0,Standard,1790,General Cargo
R3681,New Mangalore,Port Klang,2900,12,0,Standard,1125,Electronics
R3682,New Mangalore,Port Klang,2975,13,1,Alternative,1160,Electronics
R3683,New Mangalore,Port Klang,3020,13,2,Alternative,1180,Electronics
R3684,New Mangalore,Port Klang,3075,14,1,Alternative,1205,Electronics
R3685,New Mangalore,Port Klang,3150,15,0,Standard,1240,Electronics
R3686,New Mangalore,Port Klang,2900,12,0,Standard,1075,Automotive
R3687,New Mangalore,Port Klang,2975,13,1,Alternative,1110,Automotive
R3688,New Mangalore,Port Klang,3020,13,2,Alternative,1130,Automotive
R3689,New Mangalore,Port Klang,3075,14,1,Alternative,1155,Automotive
R3690,New Mangalore,Port Klang,3150,15,0,Standard,1190,Automotive
R3691,New Mangalore,Port Klang,2900,12,0,Standard,1235,Machinery and Equipment
R3692,New Mangalore,Port Klang,2975,13,1,Alternative,1270,Machinery and Equipment
R3693,New Mangalore,Port Klang,3020,13,2,Alternative,1290,Machinery and Equipment
R3694,New Mangalore,Port Klang,3075,14,1,Alternative,1315,Machinery and Equipment
R3695,New Mangalore,Port Klang,3150,15,0,Standard,1350,Machinery and Equipment
R3696,New Mangalore,Port Klang,2900,12,0,Standard,865,General Cargo
R3697,New Mangalore,Port Klang,2975,13,1,Alternative,900,General Cargo
R3698,New Mangalore,Port Klang,3020,13,2,Alternative,920,General Cargo
R3699,New Mangalore,Port Klang,3075,14,1,Alternative,945,General Cargo
R3700,New Mangalore,Port Klang,3150,15,0,Standard,980,General Cargo
R3701,New Mangalore,Piraeus,7800,25,0,Standard,1880,Electronics
R3702,New Mangalore,Piraeus,7875,26,1,Alternative,1915,Electronics
R3703,New Mangalore,Piraeus,7920,26,2,Alternative,1935,Electronics
R3704,New Mangalore,Piraeus,7975,27,1,Alternative,1960,Electronics
R3705,New Mangalore,Piraeus,8050,28,0,Standard,1995,Electronics
R3706,New Mangalore,Piraeus,7800,25,0,Standard,2240,Automotive
R3707,New Mangalore,Piraeus,7875,26,1,Alternative,2275,Automotive
R3708,New Mangalore,Piraeus,7920,26,2,Alternative,2295,Automotive
R3709,New Mangalore,Piraeus,7975,27,1,Alternative,2320,Automotive
R3710,New Mangalore,Piraeus,8050,28,0,Standard,2355,Automotive
R3711,New Mangalore,Piraeus,7800,25,0,Standard,2090,Machinery and Equipment
R3712,New Mangalore,Piraeus,7875,26,1,Alternative,2125,Machinery and Equipment
R3713,New Mangalore,Piraeus,7920,26,2,Alternative,2145,Machinery and Equipment
R3714,New Mangalore,Piraeus,7975,27,1,Alternative,2170,Machinery and Equipment
R3715,New Mangalore,Piraeus,8050,28,0,Standard,2205,Machinery and Equipment
R3716,New Mangalore,Piraeus,7800,25,0,Standard,1720,General Cargo
R3717,New Mangalore,Piraeus,7875,26,1,Alternative,1755,General Cargo
R3718,New Mangalore,Piraeus,7920,26,2,Alternative,1775,General Cargo
R3719,New Mangalore,Piraeus,7975,27,1,Alternative,1800,General Cargo
R3720,New Mangalore,Piraeus,8050,28,0,Standard,1835,General Cargo
R3721,New Mangalore,Mombasa,4800,17,0,Standard,1215,Electronics
R3722,New Mangalore,Mombasa,4875,18,1,Alternative,1250,Electronics
R3723,New Mangalore,Mombasa,4920,18,2,Alternative,1270,Electronics
R3724,New Mangalore,Mombasa,4975,19,1,Alternative,1295,Electronics
R3725,New Mangalore,Mombasa,5050,20,0,Standard,1330,Electronics
R3726,New Mangalore,Mombasa,4800,17,0,Standard,1160,Automotive
R3727,New Mangalore,Mombasa,4875,18,1,Alternative,1195,Automotive
R3728,New Mangalore,Mombasa,4920,18,2,Alternative,1215,Automotive
R3729,New Mangalore,Mombasa,4975,19,1,Alternative,1240,Automotive
R3730,New Mangalore,Mombasa,5050,20,0,Standard,1275,Automotive
R3731,New Mangalore,Mombasa,4800,17,0,Standard,1345,Machinery and Equipment
R3732,New Mangalore,Mombasa,4875,18,1,Alternative,1380,Machinery and Equipment
R3733,New Mangalore,Mombasa,4920,18,2,Alternative,1400,Machinery and Equipment
R3734,New Mangalore,Mombasa,4975,19,1,Alternative,1425,Machinery and Equipment
R3735,New Mangalore,Mombasa,5050,20,0,Standard,1460,Machinery and Equipment
R3736,New Mangalore,Mombasa,4800,17,0,Standard,940,General Cargo
R3737,New Mangalore,Mombasa,4875,18,1,Alternative,975,General Cargo
R3738,New Mangalore,Mombasa,4920,18,2,Alternative,995,General Cargo
R3739,New Mangalore,Mombasa,4975,19,1,Alternative,1020,General Cargo
R3740,New Mangalore,Mombasa,5050,20,0,Standard,1055,General Cargo
R3741,New Mangalore,Durban,7000,22,0,Standard,1880,Electronics
R3742,New Mangalore,Durban,7075,23,1,Alternative,1805,Electronics
R3743,New Mangalore,Durban,7120,23,2,Alternative,1940,Electronics
R3744,New Mangalore,Durban,7175,24,1,Alternative,1865,Electronics
R3745,New Mangalore,Durban,7250,25,0,Standard,2020,Electronics
R3746,New Mangalore,Durban,7000,22,0,Standard,2240,Automotive
R3747,New Mangalore,Durban,7075,23,1,Alternative,2165,Automotive
R3748,New Mangalore,Durban,7120,23,2,Alternative,2300,Automotive
R3749,New Mangalore,Durban,7175,24,1,Alternative,2225,Automotive
R3750,New Mangalore,Durban,7250,25,0,Standard,2380,Automotive
R3751,Chennai,Durban,9600,28,0,Standard,2100,Electronics
R3752,Chennai,Durban,9675,29,1,Alternative,2025,Electronics
R3753,Chennai,Durban,9720,29,2,Alternative,2160,Electronics
R3754,Chennai,Durban,9775,30,1,Alternative,2085,Electronics
R3755,Chennai,Durban,9850,31,0,Standard,2240,Electronics
R3756,Chennai,Durban,9600,28,0,Standard,2500,Automotive
R3757,Chennai,Durban,9675,29,1,Alternative,2425,Automotive
R3758,Chennai,Durban,9720,29,2,Alternative,2560,Automotive
R3759,Chennai,Durban,9775,30,1,Alternative,2485,Automotive
R3760,Chennai,Durban,9850,31,0,Standard,2640,Automotive
R3761,Chennai,Durban,9600,28,0,Standard,2350,Machinery and Equipment
R3762,Chennai,Durban,9675,29,1,Alternative,2275,Machinery and Equipment
R3763,Chennai,Durban,9720,29,2,Alternative,2410,Machinery and Equipment
R3764,Chennai,Durban,9775,30,1,Alternative,2335,Machinery and Equipment
R3765,Chennai,Durban,9850,31,0,Standard,2490,Machinery and Equipment
R3766,Chennai,Durban,9600,28,0,Standard,1900,General Cargo
R3767,Chennai,Durban,9675,29,1,Alternative,1825,General Cargo
R3768,Chennai,Durban,9720,29,2,Alternative,1960,General Cargo
R3769,Chennai,Durban,9775,30,1,Alternative,1885,General Cargo
R3770,Chennai,Durban,9850,31,0,Standard,2040,General Cargo
R3771,Chennai,Valencia,7350,23,0,Standard,1810,Electronics
R3772,Chennai,Valencia,7425,24,1,Alternative,1735,Electronics
R3773,Chennai,Valencia,7470,24,2,Alternative,1870,Electronics
R3774,Chennai,Valencia,7525,25,1,Alternative,1795,Electronics
R3775,Chennai,Valencia,7600,26,0,Standard,1950,Electronics
R3776,Chennai,Valencia,7350,23,0,Standard,2210,Automotive
R3777,Chennai,Valencia,7425,24,1,Alternative,2135,Automotive
R3778,Chennai,Valencia,7470,24,2,Alternative,2270,Automotive
R3779,Chennai,Valencia,7525,25,1,Alternative,2195,Automotive
R3780,Chennai,Valencia,7600,26,0,Standard,2350,Automotive
R3781,Chennai,Valencia,7350,23,0,Standard,2060,Machinery and Equipment
R3782,Chennai,Valencia,7425,24,1,Alternative,1985,Machinery and Equipment
R3783,Chennai,Valencia,7470,24,2,Alternative,2120,Machinery and Equipment
R3784,Chennai,Valencia,7525,25,1,Alternative,2045,Machinery and Equipment
R3785,Chennai,Valencia,7600,26,0,Standard,2200,Machinery and Equipment
R3786,Chennai,Valencia,7350,23,0,Standard,1610,General Cargo
R3787,Chennai,Valencia,7425,24,1,Alternative,1535,General Cargo
R3788,Chennai,Valencia,7470,24,2,Alternative,1670,General Cargo
R3789,Chennai,Valencia,7525,25,1,Alternative,1595,General Cargo
R3790,Chennai,Valencia,7600,26,0,Standard,1750,General Cargo
R3791,Chennai,Piraeus,6900,22,0,Standard,1740,Electronics
R3792,Chennai,Piraeus,6975,23,1,Alternative,1665,Electronics
R3793,Chennai,Piraeus,7020,23,2,Alternative,1800,Electronics
R3794,Chennai,Piraeus,7075,24,1,Alternative,1725,Electronics
R3795,Chennai,Piraeus,7150,25,0,Standard,1880,Electronics
R3796,Chennai,Piraeus,6900,22,0,Standard,2140,Automotive
R3797,Chennai,Piraeus,6975,23,1,Alternative,2065,Automotive
R3798,Chennai,Piraeus,7020,23,2,Alternative,2200,Automotive
R3799,Chennai,Piraeus,7075,24,1,Alternative,2125,Automotive
R3800,Chennai,Piraeus,7150,25,0,Standard,2280,Automotive
R3801,Chennai,Piraeus,6900,22,0,Standard,1990,Machinery and Equipment
R3802,Chennai,Piraeus,6975,23,1,Alternative,1915,Machinery and Equipment
R3803,Chennai,Piraeus,7020,23,2,Alternative,2050,Machinery and Equipment
R3804,Chennai,Piraeus,7075,24,1,Alternative,1975,Machinery and Equipment
R3805,Chennai,Piraeus,7150,25,0,Standard,2130,Machinery and Equipment
R3806,Chennai,Piraeus,6900,22,0,Standard,1540,General Cargo
R3807,Chennai,Piraeus,6975,23,1,Alternative,1465,General Cargo
R3808,Chennai,Piraeus,7020,23,2,Alternative,1600,General Cargo
R3809,Chennai,Piraeus,7075,24,1,Alternative,1525,General Cargo
R3810,Chennai,Piraeus,7150,25,0,Standard,1680,General Cargo
R3811,Mumbai,Colombo,3500,12,0,Standard,1280,Electronics
R3812,Mumbai,Colombo,3575,13,1,Alternative,1205,Electronics
R3813,Mumbai,Colombo,3620,13,2,Alternative,1340,Electronics
R3814,Mumbai,Colombo,3675,14,1,Alternative,1265,Electronics
R3815,Mumbai,Colombo,3750,15,0,Standard,1420,Electronics
R3816,Mumbai,Colombo,3500,12,0,Standard,1540,Automotive
R3817,Mumbai,Colombo,3575,13,1,Alternative,1465,Automotive
R3818,Mumbai,Colombo,3620,13,2,Alternative,1600,Automotive
R3819,Mumbai,Colombo,3675,14,1,Alternative,1525,Automotive
R3820,Mumbai,Colombo,3750,15,0,Standard,1680,Automotive
R3821,Mumbai,Colombo,3500,12,0,Standard,1430,Machinery and Equipment
R3822,Mumbai,Colombo,3575,13,1,Alternative,1355,Machinery and Equipment
R3823,Mumbai,Colombo,3620,13,2,Alternative,1490,Machinery and Equipment
R3824,Mumbai,Colombo,3675,14,1,Alternative,1415,Machinery and Equipment
R3825,Mumbai,Colombo,3750,15,0,Standard,1570,Machinery and Equipment
R3826,Mumbai,Colombo,3500,12,0,Standard,1160,General Cargo
R3827,Mumbai,Colombo,3575,13,1,Alternative,1085,General Cargo
R3828,Mumbai,Colombo,3620,13,2,Alternative,1220,General Cargo
R3829,Mumbai,Colombo,3675,14,1,Alternative,1145,General Cargo
R3830,Mumbai,Colombo,3750,15,0,Standard,1300,General Cargo
R3831,Mumbai,Barcelona,7600,24,0,Standard,1860,Electronics
R3832,Mumbai,Barcelona,7675,25,1,Alternative,1785,Electronics
R3833,Mumbai,Barcelona,7720,25,2,Alternative,1920,Electronics
R3834,Mumbai,Barcelona,7775,26,1,Alternative,1845,Electronics
R3835,Mumbai,Barcelona,7850,27,0,Standard,2000,Electronics
R3836,Mumbai,Barcelona,7600,24,0,Standard,2260,Automotive
R3837,Mumbai,Barcelona,7675,25,1,Alternative,2185,Automotive
R3838,Mumbai,Barcelona,7720,25,2,Alternative,2320,Automotive
R3839,Mumbai,Barcelona,7775,26,1,Alternative,2245,Automotive
R3840,Mumbai,Barcelona,7850,27,0,Standard,2400,Automotive
R3841,Mumbai,Barcelona,7600,24,0,Standard,2110,Machinery and Equipment
R3842,Mumbai,Barcelona,7675,25,1,Alternative,2035,Machinery and Equipment
R3843,Mumbai,Barcelona,7720,25,2,Alternative,2170,Machinery and Equipment
R3844,Mumbai,Barcelona,7775,26,1,Alternative,2095,Machinery and Equipment
R3845,Mumbai,Barcelona,7850,27,0,Standard,2250,Machinery and Equipment
R3846,Mumbai,Barcelona,7600,24,0,Standard,1780,General Cargo
R3847,Mumbai,Barcelona,7675,25,1,Alternative,1705,General Cargo
R3848,Mumbai,Barcelona,7720,25,2,Alternative,1840,General Cargo
R3849,Mumbai,Barcelona,7775,26,1,Alternative,1765,General Cargo
R3850,Mumbai,Barcelona,7850,27,0,Standard,1920,General Cargo
R3851,Mumbai,Port Said,6200,20,0,Standard,1580,Electronics
R3852,Mumbai,Port Said,6275,21,1,Alternative,1505,Electronics
R3853,Mumbai,Port Said,6320,21,2,Alternative,1640,Electronics
R3854,Mumbai,Port Said,6375,22,1,Alternative,1565,Electronics
R3855,Mumbai,Port Said,6450,23,0,Standard,1720,Electronics
R3856,Mumbai,Port Said,6200,20,0,Standard,1980,Automotive
R3857,Mumbai,Port Said,6275,21,1,Alternative,1905,Automotive
R3858,Mumbai,Port Said,6320,21,2,Alternative,2040,Automotive
R3859,Mumbai,Port Said,6375,22,1,Alternative,1965,Automotive
R3860,Mumbai,Port Said,6450,23,0,Standard,2120,Automotive
R3861,Mumbai,Port Said,6200,20,0,Standard,1830,Machinery and Equipment
R3862,Mumbai,Port Said,6275,21,1,Alternative,1755,Machinery and Equipment
R3863,Mumbai,Port Said,6320,21,2,Alternative,1890,Machinery and Equipment
R3864,Mumbai,Port Said,6375,22,1,Alternative,1815,Machinery and Equipment
R3865,Mumbai,Port Said,6450,23,0,Standard,1970,Machinery and Equipment
R3866,Mumbai,Port Said,6200,20,0,Standard,1500,General Cargo
R3867,Mumbai,Port Said,6275,21,1,Alternative,1425,General Cargo
R3868,Mumbai,Port Said,6320,21,2,Alternative,1560,General Cargo
R3869,Mumbai,Port Said,6375,22,1,Alternative,1485,General Cargo
R3870,Mumbai,Port Said,6450,23,0,Standard,1640,General Cargo
R3871,Kolkata,Durban,10100,30,0,Standard,2180,Electronics
R3872,Kolkata,Durban,10175,31,1,Alternative,2105,Electronics
R3873,Kolkata,Durban,10220,31,2,Alternative,2240,Electronics
R3874,Kolkata,Durban,10275,32,1,Alternative,2165,Electronics
R3875,Kolkata,Durban,10350,33,0,Standard,2320,Electronics
R3876,Kolkata,Durban,10100,30,0,Standard,2580,Automotive
R3877,Kolkata,Durban,10175,31,1,Alternative,2505,Automotive
R3878,Kolkata,Durban,10220,31,2,Alternative,2640,Automotive
R3879,Kolkata,Durban,10275,32,1,Alternative,2565,Automotive
R3880,Kolkata,Durban,10350,33,0,Standard,2720,Automotive
R3881,Kolkata,Durban,10100,30,0,Standard,2430,Machinery and Equipment
R3882,Kolkata,Durban,10175,31,1,Alternative,2355,Machinery and Equipment
R3883,Kolkata,Durban,10220,31,2,Alternative,2490,Machinery and Equipment
R3884,Kolkata,Durban,10275,32,1,Alternative,2415,Machinery and Equipment
R3885,Kolkata,Durban,10350,33,0,Standard,2570,Machinery and Equipment
R3886,Kolkata,Durban,10100,30,0,Standard,1980,General Cargo
R3887,Kolkata,Durban,10175,31,1,Alternative,1905,General Cargo
R3888,Kolkata,Durban,10220,31,2,Alternative,2040,General Cargo
R3889,Kolkata,Durban,10275,32,1,Alternative,1965,General Cargo
R3890,Kolkata,Durban,10350,33,0,Standard,2120,General Cargo
R3891,Kolkata,Jeddah,6500,21,0,Standard,1650,Electronics
R3892,Kolkata,Jeddah,6575,22,1,Alternative,1575,Electronics
R3893,Kolkata,Jeddah,6620,22,2,Alternative,1710,Electronics
R3894,Kolkata,Jeddah,6675,23,1,Alternative,1635,Electronics
R3895,Kolkata,Jeddah,6750,24,0,Standard,1790,Electronics
R3896,Kolkata,Jeddah,6500,21,0,Standard,1950,Automotive
R3897,Kolkata,Jeddah,6575,22,1,Alternative,1875,Automotive
R3898,Kolkata,Jeddah,6620,22,2,Alternative,2010,Automotive
R3899,Kolkata,Jeddah,6675,23,1,Alternative,1935,Automotive
R3900,Kolkata,Jeddah,6750,24,0,Standard,2090,Automotive
R3901,Kolkata,Jeddah,6500,21,0,Standard,1800,Machinery and Equipment
R3902,Kolkata,Jeddah,6575,22,1,Alternative,1725,Machinery and Equipment
R3903,Kolkata,Jeddah,6620,22,2,Alternative,1860,Machinery and Equipment
R3904,Kolkata,Jeddah,6675,23,1,Alternative,1785,Machinery and Equipment
R3905,Kolkata,Jeddah,6750,24,0,Standard,1940,Machinery and Equipment
R3906,Kolkata,Jeddah,6500,21,0,Standard,1450,General Cargo
R3907,Kolkata,Jeddah,6575,22,1,Alternative,1375,General Cargo
R3908,Kolkata,Jeddah,6620,22,2,Alternative,1510,General Cargo
R3909,Kolkata,Jeddah,6675,23,1,Alternative,1435,General Cargo
R3910,Kolkata,Jeddah,6750,24,0,Standard,1590,General Cargo
R3911,Kolkata,Port Klang,3300,11,0,Standard,1250,Electronics
R3912,Kolkata,Port Klang,3375,12,1,Alternative,1175,Electronics
R3913,Kolkata,Port Klang,3420,12,2,Alternative,1310,Electronics
R3914,Kolkata,Port Klang,3475,13,1,Alternative,1235,Electronics
R3915,Kolkata,Port Klang,3550,14,0,Standard,1390,Electronics
R3916,Kolkata,Port Klang,3300,11,0,Standard,1510,Automotive
R3917,Kolkata,Port Klang,3375,12,1,Alternative,1435,Automotive
R3918,Kolkata,Port Klang,3420,12,2,Alternative,1570,Automotive
R3919,Kolkata,Port Klang,3475,13,1,Alternative,1495,Automotive
R3920,Kolkata,Port Klang,3550,14,0,Standard,1650,Automotive
R3921,Kolkata,Port Klang,3300,11,0,Standard,1400,Machinery and Equipment
R3922,Kolkata,Port Klang,3375,12,1,Alternative,1325,Machinery and Equipment
R3923,Kolkata,Port Klang,3420,12,2,Alternative,1460,Machinery and Equipment
R3924,Kolkata,Port Klang,3475,13,1,Alternative,1385,Machinery and Equipment
R3925,Kolkata,Port Klang,3550,14,0,Standard,1540,Machinery and Equipment
R3926,Kolkata,Port Klang,3300,11,0,Standard,1120,General Cargo
R3927,Kolkata,Port Klang,3375,12,1,Alternative,1045,General Cargo
R3928,Kolkata,Port Klang,3420,12,2,Alternative,1180,General Cargo
R3929,Kolkata,Port Klang,3475,13,1,Alternative,1105,General Cargo
R3930,Kolkata,Port Klang,3550,14,0,Standard,1260,General Cargo
R3931,Visakhapatnam,Durban,9800,29,0,Standard,2150,Electronics
R3932,Visakhapatnam,Durban,9875,30,1,Alternative,2075,Electronics
R3933,Visakhapatnam,Durban,9920,30,2,Alternative,2210,Electronics
R3934,Visakhapatnam,Durban,9975,31,1,Alternative,2135,Electronics
R3935,Visakhapatnam,Durban,10050,32,0,Standard,2290,Electronics
R3936,Visakhapatnam,Durban,9800,29,0,Standard,2550,Automotive
R3937,Visakhapatnam,Durban,9875,30,1,Alternative,2475,Automotive
R3938,Visakhapatnam,Durban,9920,30,2,Alternative,2610,Automotive
R3939,Visakhapatnam,Durban,9975,31,1,Alternative,2535,Automotive
R3940,Visakhapatnam,Durban,10050,32,0,Standard,2690,Automotive
R3941,Visakhapatnam,Durban,9800,29,0,Standard,2400,Machinery and Equipment
R3942,Visakhapatnam,Durban,9875,30,1,Alternative,2325,Machinery and Equipment
R3943,Visakhapatnam,Durban,9920,30,2,Alternative,2460,Machinery and Equipment
R3944,Visakhapatnam,Durban,9975,31,1,Alternative,2385,Machinery and Equipment
R3945,Visakhapatnam,Durban,10050,32,0,Standard,2540,Machinery and Equipment
R3946,Visakhapatnam,Durban,9800,29,0,Standard,1930,General Cargo
R3947,Visakhapatnam,Durban,9875,30,1,Alternative,1855,General Cargo
R3948,Visakhapatnam,Durban,9920,30,2,Alternative,1990,General Cargo
R3949,Visakhapatnam,Durban,9975,31,1,Alternative,1915,General Cargo
R3950,Visakhapatnam,Durban,10050,32,0,Standard,2070,General Cargo
R3951,Visakhapatnam,Colombo,2500,9,0,Standard,1080,Electronics
R3952,Visakhapatnam,Colombo,2575,10,1,Alternative,1005,Electronics
R3953,Visakhapatnam,Colombo,2620,10,2,Alternative,1140,Electronics
R3954,Visakhapatnam,Colombo,2675,11,1,Alternative,1065,Electronics
R3955,Visakhapatnam,Colombo,2750,12,0,Standard,1220,Electronics
R3956,Visakhapatnam,Colombo,2500,9,0,Standard,1340,Automotive
R3957,Visakhapatnam,Colombo,2575,10,1,Alternative,1265,Automotive
R3958,Visakhapatnam,Colombo,2620,10,2,Alternative,1400,Automotive
R3959,Visakhapatnam,Colombo,2675,11,1,Alternative,1325,Automotive
R3960,Visakhapatnam,Colombo,2750,12,0,Standard,1480,Automotive
R3961,Visakhapatnam,Colombo,2500,9,0,Standard,1190,Machinery and Equipment
R3962,Visakhapatnam,Colombo,2575,10,1,Alternative,1115,Machinery and Equipment
R3963,Visakhapatnam,Colombo,2620,10,2,Alternative,1250,Machinery and Equipment
R3964,Visakhapatnam,Colombo,2675,11,1,Alternative,1175,Machinery and Equipment
R3965,Visakhapatnam,Colombo,2750,12,0,Standard,1330,Machinery and Equipment
R3966,Visakhapatnam,Colombo,2500,9,0,Standard,950,General Cargo
R3967,Visakhapatnam,Colombo,2575,10,1,Alternative,875,General Cargo
R3968,Visakhapatnam,Colombo,2620,10,2,Alternative,1010,General Cargo
R3969,Visakhapatnam,Colombo,2675,11,1,Alternative,935,General Cargo
R3970,Visakhapatnam,Colombo,2750,12,0,Standard,1090,General Cargo
R3971,Visakhapatnam,Valencia,8500,27,0,Standard,1980,Electronics
R3972,Visakhapatnam,Valencia,8575,28,1,Alternative,1905,Electronics
R3973,Visakhapatnam,Valencia,8620,28,2,Alternative,2040,Electronics
R3974,Visakhapatnam,Valencia,8675,29,1,Alternative,1965,Electronics
R3975,Visakhapatnam,Valencia,8750,30,0,Standard,2120,Electronics
R3976,Visakhapatnam,Valencia,8500,27,0,Standard,2380,Automotive
R3977,Visakhapatnam,Valencia,8575,28,1,Alternative,2305,Automotive
R3978,Visakhapatnam,Valencia,8620,28,2,Alternative,2440,Automotive
R3979,Visakhapatnam,Valencia,8675,29,1,Alternative,2365,Automotive
R3980,Visakhapatnam,Valencia,8750,30,0,Standard,2520,Automotive
R3981,Visakhapatnam,Valencia,8500,27,0,Standard,2230,Machinery and Equipment
R3982,Visakhapatnam,Valencia,8575,28,1,Alternative,2155,Machinery and Equipment
R3983,Visakhapatnam,Valencia,8620,28,2,Alternative,2290,Machinery and Equipment
R3984,Visakhapatnam,Valencia,8675,29,1,Alternative,2215,Machinery and Equipment
R3985,Visakhapatnam,Valencia,8750,30,0,Standard,2370,Machinery and Equipment
R3986,Visakhapatnam,Valencia,8500,27,0,Standard,1760,General Cargo
R3987,Visakhapatnam,Valencia,8575,28,1,Alternative,1685,General Cargo
R3988,Visakhapatnam,Valencia,8620,28,2,Alternative,1820,General Cargo
R3989,Visakhapatnam,Valencia,8675,29,1,Alternative,1745,General Cargo
R3990,Visakhapatnam,Valencia,8750,30,0,Standard,1900,General Cargo
R3991,Kochi,Durban,7200,23,0,Standard,1740,Electronics
R3992,Kochi,Durban,7275,24,1,Alternative,1665,Electronics
R3993,Kochi,Durban,7320,24,2,Alternative,1800,Electronics
R3994,Kochi,Durban,7375,25,1,Alternative,1725,Electronics
R3995,Kochi,Durban,7450,26,0,Standard,1880,Electronics
R3996,Kochi,Durban,7200,23,0,Standard,2100,Automotive
R3997,Kochi,Durban,7275,24,1,Alternative,2025,Automotive
R3998,Kochi,Durban,7320,24,2,Alternative,2160,Automotive
R3999,Kochi,Durban,7375,25,1,Alternative,2085,Automotive
R4000,Kochi,Durban,7450,26,0,Standard,2240,Automotive
R4001,Kochi,Durban,7200,23,0,Standard,1950,Machinery and Equipment
R4002,Kochi,Durban,7275,24,1,Alternative,1875,Machinery and Equipment
R4003,Kochi,Durban,7320,24,2,Alternative,2010,Machinery and Equipment
R4004,Kochi,Durban,7375,25,1,Alternative,1935,Machinery and Equipment
R4005,Kochi,Durban,7450,26,0,Standard,2090,Machinery and Equipment
R4006,Kochi,Durban,7200,23,0,Standard,1560,General Cargo
R4007,Kochi,Durban,7275,24,1,Alternative,1485,General Cargo
R4008,Kochi,Durban,7320,24,2,Alternative,1620,General Cargo
R4009,Kochi,Durban,7375,25,1,Alternative,1545,General Cargo
R4010,Kochi,Durban,7450,26,0,Standard,1700,General Cargo
R4011,Kochi,Barcelona,7100,22,0,Standard,1690,Electronics
R4012,Kochi,Barcelona,7175,23,1,Alternative,1615,Electronics
R4013,Kochi,Barcelona,7220,23,2,Alternative,1750,Electronics
R4014,Kochi,Barcelona,7275,24,1,Alternative,1675,Electronics
R4015,Kochi,Barcelona,7350,25,0,Standard,1830,Electronics
R4016,Kochi,Barcelona,7100,22,0,Standard,2050,Automotive
R4017,Kochi,Barcelona,7175,23,1,Alternative,1975,Automotive
R4018,Kochi,Barcelona,7220,23,2,Alternative,2110,Automotive
R4019,Kochi,Barcelona,7275,24,1,Alternative,2035,Automotive
R4020,Kochi,Barcelona,7350,25,0,Standard,2190,Automotive
R4021,Kochi,Barcelona,7100,22,0,Standard,1900,Machinery and Equipment
R4022,Kochi,Barcelona,7175,23,1,Alternative,1825,Machinery and Equipment
R4023,Kochi,Barcelona,7220,23,2,Alternative,1960,Machinery and Equipment
R4024,Kochi,Barcelona,7275,24,1,Alternative,1885,Machinery and Equipment
R4025,Kochi,Barcelona,7350,25,0,Standard,2040,Machinery and Equipment
R4026,Kochi,Barcelona,7100,22,0,Standard,1510,General Cargo
R4027,Kochi,Barcelona,7175,23,1,Alternative,1435,General Cargo
R4028,Kochi,Barcelona,7220,23,2,Alternative,1570,General Cargo
R4029,Kochi,Barcelona,7275,24,1,Alternative,1495,General Cargo
R4030,Kochi,Barcelona,7350,25,0,Standard,1650,General Cargo
R4031,Kochi,Port Said,5600,18,0,Standard,1480,Electronics
R4032,Kochi,Port Said,5675,19,1,Alternative,1405,Electronics
R4033,Kochi,Port Said,5720,19,2,Alternative,1540,Electronics
R4034,Kochi,Port Said,5775,20,1,Alternative,1465,Electronics
R4035,Kochi,Port Said,5850,21,0,Standard,1620,Electronics
R4036,Kochi,Port Said,5600,18,0,Standard,1840,Automotive
R4037,Kochi,Port Said,5675,19,1,Alternative,1765,Automotive
R4038,Kochi,Port Said,5720,19,2,Alternative,1900,Automotive
R4039,Kochi,Port Said,5775,20,1,Alternative,1825,Automotive
R4040,Kochi,Port Said,5850,21,0,Standard,1980,Automotive
R4041,Kochi,Port Said,5600,18,0,Standard,1690,Machinery and Equipment
R4042,Kochi,Port Said,5675,19,1,Alternative,1615,Machinery and Equipment
R4043,Kochi,Port Said,5720,19,2,Alternative,1750,Machinery and Equipment
R4044,Kochi,Port Said,5775,20,1,Alternative,1675,Machinery and Equipment
R4045,Kochi,Port Said,5850,21,0,Standard,1830,Machinery and Equipment
R4046,Kochi,Port Said,5600,18,0,Standard,1320,General Cargo
R4047,Kochi,Port Said,5675,19,1,Alternative,1245,General Cargo
R4048,Kochi,Port Said,5720,19,2,Alternative,1380,General Cargo
R4049,Kochi,Port Said,5775,20,1,Alternative,1305,General Cargo
R4050,Kochi,Port Said,5850,21,0,Standard,1460,General Cargo
R4051,Mundra,Barcelona,6900,22,0,Standard,1720,Electronics
R4052,Mundra,Barcelona,6975,23,1,Alternative,1645,Electronics
R4053,Mundra,Barcelona,7020,23,2,Alternative,1780,Electronics
R4054,Mundra,Barcelona,7075,24,1,Alternative,1705,Electronics
R4055,Mundra,Barcelona,7150,25,0,Standard,1860,Electronics
R4056,Mundra,Barcelona,6900,22,0,Standard,2080,Automotive
R4057,Mundra,Barcelona,6975,23,1,Alternative,2005,Automotive
R4058,Mundra,Barcelona,7020,23,2,Alternative,2140,Automotive
R4059,Mundra,Barcelona,7075,24,1,Alternative,2065,Automotive
R4060,Mundra,Barcelona,7150,25,0,Standard,2220,Automotive
R4061,Mundra,Barcelona,6900,22,0,Standard,1930,Machinery and Equipment
R4062,Mundra,Barcelona,6975,23,1,Alternative,1855,Machinery and Equipment
R4063,Mundra,Barcelona,7020,23,2,Alternative,1990,Machinery and Equipment
R4064,Mundra,Barcelona,7075,24,1,Alternative,1915,Machinery and Equipment
R4065,Mundra,Barcelona,7150,25,0,Standard,2070,Machinery and Equipment
R4066,Mundra,Barcelona,6900,22,0,Standard,1520,General Cargo
R4067,Mundra,Barcelona,6975,23,1,Alternative,1445,General Cargo
R4068,Mundra,Barcelona,7020,23,2,Alternative,1580,General Cargo
R4069,Mundra,Barcelona,7075,24,1,Alternative,1505,General Cargo
R4070,Mundra,Barcelona,7150,25,0,Standard,1660,General Cargo
R4071,Mundra,Colombo,4100,14,0,Standard,1320,Electronics
R4072,Mundra,Colombo,4175,15,1,Alternative,1245,Electronics
R4073,Mundra,Colombo,4220,15,2,Alternative,1380,Electronics
R4074,Mundra,Colombo,4275,16,1,Alternative,1305,Electronics
R4075,Mundra,Colombo,4350,17,0,Standard,1460,Electronics
R4076,Mundra,Colombo,4100,14,0,Standard,1580,Automotive
R4077,Mundra,Colombo,4175,15,1,Alternative,1505,Automotive
R4078,Mundra,Colombo,4220,15,2,Alternative,1640,Automotive
R4079,Mundra,Colombo,4275,16,1,Alternative,1565,Automotive
R4080,Mundra,Colombo,4350,17,0,Standard,1720,Automotive
R4081,Mundra,Colombo,4100,14,0,Standard,1450,Machinery and Equipment
R4082,Mundra,Colombo,4175,15,1,Alternative,1375,Machinery and Equipment
R4083,Mundra,Colombo,4220,15,2,Alternative,1510,Machinery and Equipment
R4084,Mundra,Colombo,4275,16,1,Alternative,1435,Machinery and Equipment
R4085,Mundra,Colombo,4350,17,0,Standard,1590,Machinery and Equipment
R4086,Mundra,Colombo,4100,14,0,Standard,1150,General Cargo
R4087,Mundra,Colombo,4175,15,1,Alternative,1075,General Cargo
R4088,Mundra,Colombo,4220,15,2,Alternative,1210,General Cargo
R4089,Mundra,Colombo,4275,16,1,Alternative,1135,General Cargo
R4090,Mundra,Colombo,4350,17,0,Standard,1290,General Cargo
R4091,Mundra,Shanghai,7200,23,0,Standard,1800,Electronics
R4092,Mundra,Shanghai,7275,24,1,Alternative,1725,Electronics
R4093,Mundra,Shanghai,7320,24,2,Alternative,1860,Electronics
R4094,Mundra,Shanghai,7375,25,1,Alternative,1785,Electronics
R4095,Mundra,Shanghai,7450,26,0,Standard,1940,Electronics
R4096,Mundra,Shanghai,7200,23,0,Standard,2160,Automotive
R4097,Mundra,Shanghai,7275,24,1,Alternative,2085,Automotive
R4098,Mundra,Shanghai,7320,24,2,Alternative,2220,Automotive
R4099,Mundra,Shanghai,7375,25,1,Alternative,2145,Automotive
R4100,Mundra,Shanghai,7450,26,0,Standard,2300,Automotive
R4101,Mundra,Shanghai,7200,23,0,Standard,2010,Machinery and Equipment
R4102,Mundra,Shanghai,7275,24,1,Alternative,1935,Machinery and Equipment
R4103,Mundra,Shanghai,7320,24,2,Alternative,2070,Machinery and Equipment
R4104,Mundra,Shanghai,7375,25,1,Alternative,1995,Machinery and Equipment
R4105,Mundra,Shanghai,7450,26,0,Standard,2150,Machinery and Equipment
R4106,Mundra,Shanghai,7200,23,0,Standard,1610,General Cargo
R4107,Mundra,Shanghai,7275,24,1,Alternative,1535,General Cargo
R4108,Mundra,Shanghai,7320,24,2,Alternative,1670,General Cargo
R4109,Mundra,Shanghai,7375,25,1,Alternative,1595,General Cargo
R4110,Mundra,Shanghai,7450,26,0,Standard,1750,General Cargo
R4111,Paradip,Colombo,3100,11,0,Standard,1180,Electronics
R4112,Paradip,Colombo,3175,12,1,Alternative,1105,Electronics
R4113,Paradip,Colombo,3220,12,2,Alternative,1240,Electronics
R4114,Paradip,Colombo,3275,13,1,Alternative,1165,Electronics
R4115,Paradip,Colombo,3350,14,0,Standard,1320,Electronics
R4116,Paradip,Colombo,3100,11,0,Standard,1440,Automotive
R4117,Paradip,Colombo,3175,12,1,Alternative,1365,Automotive
R4118,Paradip,Colombo,3220,12,2,Alternative,1500,Automotive
R4119,Paradip,Colombo,3275,13,1,Alternative,1425,Automotive
R4120,Paradip,Colombo,3350,14,0,Standard,1580,Automotive
R4121,Paradip,Colombo,3100,11,0,Standard,1330,Machinery and Equipment
R4122,Paradip,Colombo,3175,12,1,Alternative,1255,Machinery and Equipment
R4123,Paradip,Colombo,3220,12,2,Alternative,1390,Machinery and Equipment
R4124,Paradip,Colombo,3275,13,1,Alternative,1315,Machinery and Equipment
R4125,Paradip,Colombo,3350,14,0,Standard,1470,Machinery and Equipment
R4126,Paradip,Colombo,3100,11,0,Standard,1060,General Cargo
R4127,Paradip,Colombo,3175,12,1,Alternative,985,General Cargo
R4128,Paradip,Colombo,3220,12,2,Alternative,1120,General Cargo
R4129,Paradip,Colombo,3275,13,1,Alternative,1045,General Cargo
R4130,Paradip,Colombo,3350,14,0,Standard,1200,General Cargo
R4131,Paradip,Durban,9700,29,0,Standard,2140,Electronics
R4132,Paradip,Durban,9775,30,1,Alternative,2065,Electronics
R4133,Paradip,Durban,9820,30,2,Alternative,2200,Electronics
R4134,Paradip,Durban,9875,31,1,Alternative,2125,Electronics
R4135,Paradip,Durban,9950,32,0,Standard,2280,Electronics
R4136,Paradip,Durban,9700,29,0,Standard,2540,Automotive
R4137,Paradip,Durban,9775,30,1,Alternative,2465,Automotive
R4138,Paradip,Durban,9820,30,2,Alternative,2600,Automotive
R4139,Paradip,Durban,9875,31,1,Alternative,2525,Automotive
R4140,Paradip,Durban,9950,32,0,Standard,2680,Automotive
R4141,Paradip,Durban,9700,29,0,Standard,2390,Machinery and Equipment
R4142,Paradip,Durban,9775,30,1,Alternative,2315,Machinery and Equipment
R4143,Paradip,Durban,9820,30,2,Alternative,2450,Machinery and Equipment
R4144,Paradip,Durban,9875,31,1,Alternative,2375,Machinery and Equipment
R4145,Paradip,Durban,9950,32,0,Standard,2530,Machinery and Equipment
R4146,Paradip,Durban,9700,29,0,Standard,1920,General Cargo
R4147,Paradip,Durban,9775,30,1,Alternative,1845,General Cargo
R4148,Paradip,Durban,9820,30,2,Alternative,1980,General Cargo
R4149,Paradip,Durban,9875,31,1,Alternative,1905,General Cargo
R4150,Paradip,Durban,9950,32,0,Standard,2060,General Cargo
R4151,Paradip,Port Klang,2600,10,0,Standard,1120,Electronics
R4152,Paradip,Port Klang,2675,11,1,Alternative,1045,Electronics
R4153,Paradip,Port Klang,2720,11,2,Alternative,1180,Electronics
R4154,Paradip,Port Klang,2775,12,1,Alternative,1105,Electronics
R4155,Paradip,Port Klang,2850,13,0,Standard,1260,Electronics
R4156,Paradip,Port Klang,2600,10,0,Standard,1380,Automotive
R4157,Paradip,Port Klang,2675,11,1,Alternative,1305,Automotive
R4158,Paradip,Port Klang,2720,11,2,Alternative,1440,Automotive
R4159,Paradip,Port Klang,2775,12,1,Alternative,1365,Automotive
R4160,Paradip,Port Klang,2850,13,0,Standard,1520,Automotive
R4161,Paradip,Port Klang,2600,10,0,Standard,1270,Machinery and Equipment
R4162,Paradip,Port Klang,2675,11,1,Alternative,1195,Machinery and Equipment
R4163,Paradip,Port Klang,2720,11,2,Alternative,1330,Machinery and Equipment
R4164,Paradip,Port Klang,2775,12,1,Alternative,1255,Machinery and Equipment
R4165,Paradip,Port Klang,2850,13,0,Standard,1410,Machinery and Equipment
R4166,Paradip,Port Klang,2600,10,0,Standard,1000,General Cargo
R4167,Paradip,Port Klang,2675,11,1,Alternative,925,General Cargo
R4168,Paradip,Port Klang,2720,11,2,Alternative,1060,General Cargo
R4169,Paradip,Port Klang,2775,12,1,Alternative,985,General Cargo
R4170,Paradip,Port Klang,2850,13,0,Standard,1140,General Cargo
R4171,New Mangalore,Durban,7600,24,0,Standard,1880,Electronics
R4172,New Mangalore,Durban,7675,25,1,Alternative,1805,Electronics
R4173,New Mangalore,Durban,7720,25,2,Alternative,1940,Electronics
R4174,New Mangalore,Durban,7775,26,1,Alternative,1865,Electronics
R4175,New Mangalore,Durban,7850,27,0,Standard,2020,Electronics
R4176,New Mangalore,Durban,7600,24,0,Standard,2240,Automotive
R4177,New Mangalore,Durban,7675,25,1,Alternative,2165,Automotive
R4178,New Mangalore,Durban,7720,25,2,Alternative,2300,Automotive
R4179,New Mangalore,Durban,7775,26,1,Alternative,2225,Automotive
R4180,New Mangalore,Durban,7850,27,0,Standard,2380,Automotive
R4181,New Mangalore,Durban,7600,24,0,Standard,2090,Machinery and Equipment
R4182,New Mangalore,Durban,7675,25,1,Alternative,2015,Machinery and Equipment
R4183,New Mangalore,Durban,7720,25,2,Alternative,2150,Machinery and Equipment
R4184,New Mangalore,Durban,7775,26,1,Alternative,2075,Machinery and Equipment
R4185,New Mangalore,Durban,7850,27,0,Standard,2230,Machinery and Equipment
R4186,New Mangalore,Durban,7600,24,0,Standard,1720,General Cargo
R4187,New Mangalore,Durban,7675,25,1,Alternative,1645,General Cargo
R4188,New Mangalore,Durban,7720,25,2,Alternative,1780,General Cargo
R4189,New Mangalore,Durban,7775,26,1,Alternative,1705,General Cargo
R4190,New Mangalore,Durban,7850,27,0,Standard,1860,General Cargo
R4191,New Mangalore,Singapore,3200,11,0,Standard,1200,Electronics
R4192,New Mangalore,Singapore,3275,12,1,Alternative,1125,Electronics
R4193,New Mangalore,Singapore,3320,12,2,Alternative,1260,Electronics
R4194,New Mangalore,Singapore,3375,13,1,Alternative,1185,Electronics
R4195,New Mangalore,Singapore,3450,14,0,Standard,1340,Electronics
R4196,New Mangalore,Singapore,3200,11,0,Standard,1460,Automotive
R4197,New Mangalore,Singapore,3275,12,1,Alternative,1385,Automotive
R4198,New Mangalore,Singapore,3320,12,2,Alternative,1520,Automotive
R4199,New Mangalore,Singapore,3375,13,1,Alternative,1445,Automotive
R4200,New Mangalore,Singapore,3450,14,0,Standard,1600,Automotive
R4201,New Mangalore,Singapore,3200,11,0,Standard,1350,Machinery and Equipment
R4202,New Mangalore,Singapore,3275,12,1,Alternative,1275,Machinery and Equipment
R4203,New Mangalore,Singapore,3320,12,2,Alternative,1410,Machinery and Equipment
R4204,New Mangalore,Singapore,3375,13,1,Alternative,1335,Machinery and Equipment
R4205,New Mangalore,Singapore,3450,14,0,Standard,1490,Machinery and Equipment
R4206,New Mangalore,Singapore,3200,11,0,Standard,1080,General Cargo
R4207,New Mangalore,Singapore,3275,12,1,Alternative,1005,General Cargo
R4208,New Mangalore,Singapore,3320,12,2,Alternative,1140,General Cargo
R4209,New Mangalore,Singapore,3375,13,1,Alternative,1065,General Cargo
R4210,New Mangalore,Singapore,3450,14,0,Standard,1220,General Cargo
R4211,Pipavav,Durban,8200,26,0,Standard,1960,Electronics
R4212,Pipavav,Durban,8275,27,1,Alternative,1885,Electronics
R4213,Pipavav,Durban,8320,27,2,Alternative,2020,Electronics
R4214,Pipavav,Durban,8375,28,1,Alternative,1945,Electronics
R4215,Pipavav,Durban,8450,29,0,Standard,2100,Electronics
R4216,Pipavav,Durban,8200,26,0,Standard,2320,Automotive
R4217,Pipavav,Durban,8275,27,1,Alternative,2245,Automotive
R4218,Pipavav,Durban,8320,27,2,Alternative,2380,Automotive
R4219,Pipavav,Durban,8375,28,1,Alternative,2305,Automotive
R4220,Pipavav,Durban,8450,29,0,Standard,2460,Automotive
R4221,Pipavav,Durban,8200,26,0,Standard,2170,Machinery and Equipment
R4222,Pipavav,Durban,8275,27,1,Alternative,2095,Machinery and Equipment
R4223,Pipavav,Durban,8320,27,2,Alternative,2230,Machinery and Equipment
R4224,Pipavav,Durban,8375,28,1,Alternative,2155,Machinery and Equipment
R4225,Pipavav,Durban,8450,29,0,Standard,2310,Machinery and Equipment
R4226,Pipavav,Durban,8200,26,0,Standard,1800,General Cargo
R4227,Pipavav,Durban,8275,27,1,Alternative,1725,General Cargo
R4228,Pipavav,Durban,8320,27,2,Alternative,1860,General Cargo
R4229,Pipavav,Durban,8375,28,1,Alternative,1785,General Cargo
R4230,Pipavav,Durban,8450,29,0,Standard,1940,General Cargo
R4231,Pipavav,Barcelona,6900,22,0,Standard,1720,Electronics
R4232,Pipavav,Barcelona,6975,23,1,Alternative,1645,Electronics
R4233,Pipavav,Barcelona,7020,23,2,Alternative,1780,Electronics
R4234,Pipavav,Barcelona,7075,24,1,Alternative,1705,Electronics
R4235,Pipavav,Barcelona,7150,25,0,Standard,1860,Electronics
R4236,Pipavav,Barcelona,6900,22,0,Standard,2080,Automotive
R4237,Pipavav,Barcelona,6975,23,1,Alternative,2005,Automotive
R4238,Pipavav,Barcelona,7020,23,2,Alternative,2140,Automotive
R4239,Pipavav,Barcelona,7075,24,1,Alternative,2065,Automotive
R4240,Pipavav,Barcelona,7150,25,0,Standard,2220,Automotive
R4241,Pipavav,Barcelona,6900,22,0,Standard,1930,Machinery and Equipment
R4242,Pipavav,Barcelona,6975,23,1,Alternative,1855,Machinery and Equipment
R4243,Pipavav,Barcelona,7020,23,2,Alternative,1990,Machinery and Equipment
R4244,Pipavav,Barcelona,7075,24,1,Alternative,1915,Machinery and Equipment
R4245,Pipavav,Barcelona,7150,25,0,Standard,2070,Machinery and Equipment
R4246,Pipavav,Barcelona,6900,22,0,Standard,1520,General Cargo
R4247,Pipavav,Barcelona,6975,23,1,Alternative,1445,General Cargo
R4248,Pipavav,Barcelona,7020,23,2,Alternative,1580,General Cargo
R4249,Pipavav,Barcelona,7075,24,1,Alternative,1505,General Cargo
R4250,Pipavav,Barcelona,7150,25,0,Standard,1660,General Cargo
R4251,Pipavav,Port Said,6100,20,0,Standard,1560,Electronics
R4252,Pipavav,Port Said,6175,21,1,Alternative,1485,Electronics
R4253,Pipavav,Port Said,6220,21,2,Alternative,1620,Electronics
R4254,Pipavav,Port Said,6275,22,1,Alternative,1545,Electronics
R4255,Pipavav,Port Said,6350,23,0,Standard,1700,Electronics
R4256,Pipavav,Port Said,6100,20,0,Standard,1820,Automotive
R4257,Pipavav,Port Said,6175,21,1,Alternative,1745,Automotive
R4258,Pipavav,Port Said,6220,21,2,Alternative,1880,Automotive
R4259,Pipavav,Port Said,6275,22,1,Alternative,1805,Automotive
R4260,Pipavav,Port Said,6350,23,0,Standard,1960,Automotive
R4261,Pipavav,Port Said,6100,20,0,Standard,1670,Machinery and Equipment
R4262,Pipavav,Port Said,6175,21,1,Alternative,1595,Machinery and Equipment
R4263,Pipavav,Port Said,6220,21,2,Alternative,1730,Machinery and Equipment
R4264,Pipavav,Port Said,6275,22,1,Alternative,1655,Machinery and Equipment
R4265,Pipavav,Port Said,6350,23,0,Standard,1810,Machinery and Equipment
R4266,Pipavav,Port Said,6100,20,0,Standard,1460,General Cargo
R4267,Pipavav,Port Said,6175,21,1,Alternative,1385,General Cargo
R4268,Pipavav,Port Said,6220,21,2,Alternative,1520,General Cargo
R4269,Pipavav,Port Said,6275,22,1,Alternative,1445,General Cargo
R4270,Pipavav,Port Said,6350,23,0,Standard,1600,General Cargo
R4271,Pipavav,Colombo,3900,13,0,Standard,1280,Electronics
R4272,Pipavav,Colombo,3975,14,1,Alternative,1205,Electronics
R4273,Pipavav,Colombo,4020,14,2,Alternative,1340,Electronics
R4274,Pipavav,Colombo,4075,15,1,Alternative,1265,Electronics
R4275,Pipavav,Colombo,4150,16,0,Standard,1420,Electronics
R4276,Pipavav,Colombo,3900,13,0,Standard,1540,Automotive
R4277,Pipavav,Colombo,3975,14,1,Alternative,1465,Automotive
R4278,Pipavav,Colombo,4020,14,2,Alternative,1600,Automotive
R4279,Pipavav,Colombo,4075,15,1,Alternative,1525,Automotive
R4280,Pipavav,Colombo,4150,16,0,Standard,1680,Automotive
R4281,Pipavav,Colombo,3900,13,0,Standard,1430,Machinery and Equipment
R4282,Pipavav,Colombo,3975,14,1,Alternative,1355,Machinery and Equipment
R4283,Pipavav,Colombo,4020,14,2,Alternative,1490,Machinery and Equipment
R4284,Pipavav,Colombo,4075,15,1,Alternative,1415,Machinery and Equipment
R4285,Pipavav,Colombo,4150,16,0,Standard,1570,Machinery and Equipment
R4286,Pipavav,Colombo,3900,13,0,Standard,1160,General Cargo
R4287,Pipavav,Colombo,3975,14,1,Alternative,1085,General Cargo
R4288,Pipavav,Colombo,4020,14,2,Alternative,1220,General Cargo
R4289,Pipavav,Colombo,4075,15,1,Alternative,1145,General Cargo
R4290,Pipavav,Colombo,4150,16,0,Standard,1300,General Cargo
R4291,Tuticorin,Durban,6900,22,0,Standard,1700,Electronics
R4292,Tuticorin,Durban,6975,23,1,Alternative,1625,Electronics
R4293,Tuticorin,Durban,7020,23,2,Alternative,1760,Electronics
R4294,Tuticorin,Durban,7075,24,1,Alternative,1685,Electronics
R4295,Tuticorin,Durban,7150,25,0,Standard,1840,Electronics
R4296,Tuticorin,Durban,6900,22,0,Standard,2020,Automotive
R4297,Tuticorin,Durban,6975,23,1,Alternative,1945,Automotive
R4298,Tuticorin,Durban,7020,23,2,Alternative,2080,Automotive
R4299,Tuticorin,Durban,7075,24,1,Alternative,2005,Automotive
R4300,Tuticorin,Durban,7150,25,0,Standard,2160,Automotive
R4301,Tuticorin,Durban,6900,22,0,Standard,1870,Machinery and Equipment
R4302,Tuticorin,Durban,6975,23,1,Alternative,1795,Machinery and Equipment
R4303,Tuticorin,Durban,7020,23,2,Alternative,1930,Machinery and Equipment
R4304,Tuticorin,Durban,7075,24,1,Alternative,1855,Machinery and Equipment
R4305,Tuticorin,Durban,7150,25,0,Standard,2010,Machinery and Equipment
R4306,Tuticorin,Durban,6900,22,0,Standard,1480,General Cargo
R4307,Tuticorin,Durban,6975,23,1,Alternative,1405,General Cargo
R4308,Tuticorin,Durban,7020,23,2,Alternative,1540,General Cargo
R4309,Tuticorin,Durban,7075,24,1,Alternative,1465,General Cargo
R4310,Tuticorin,Durban,7150,25,0,Standard,1620,General Cargo
R4311,Tuticorin,Colombo,1800,7,0,Standard,920,Electronics
R4312,Tuticorin,Colombo,1875,8,1,Alternative,845,Electronics
R4313,Tuticorin,Colombo,1920,8,2,Alternative,980,Electronics
R4314,Tuticorin,Colombo,1975,9,1,Alternative,905,Electronics
R4315,Tuticorin,Colombo,2050,10,0,Standard,1060,Electronics
R4316,Tuticorin,Colombo,1800,7,0,Standard,1140,Automotive
R4317,Tuticorin,Colombo,1875,8,1,Alternative,1065,Automotive
R4318,Tuticorin,Colombo,1920,8,2,Alternative,1200,Automotive
R4319,Tuticorin,Colombo,1975,9,1,Alternative,1125,Automotive
R4320,Tuticorin,Colombo,2050,10,0,Standard,1280,Automotive
R4321,Tuticorin,Colombo,1800,7,0,Standard,1050,Machinery and Equipment
R4322,Tuticorin,Colombo,1875,8,1,Alternative,975,Machinery and Equipment
R4323,Tuticorin,Colombo,1920,8,2,Alternative,1110,Machinery and Equipment
R4324,Tuticorin,Colombo,1975,9,1,Alternative,1035,Machinery and Equipment
R4325,Tuticorin,Colombo,2050,10,0,Standard,1190,Machinery and Equipment
R4326,Tuticorin,Colombo,1800,7,0,Standard,780,General Cargo
R4327,Tuticorin,Colombo,1875,8,1,Alternative,705,General Cargo
R4328,Tuticorin,Colombo,1920,8,2,Alternative,840,General Cargo
R4329,Tuticorin,Colombo,1975,9,1,Alternative,765,General Cargo
R4330,Tuticorin,Colombo,2050,10,0,Standard,920,General Cargo
R4331,Tuticorin,Port Louis,3400,12,0,Standard,1240,Electronics
R4332,Tuticorin,Port Louis,3475,13,1,Alternative,1165,Electronics
R4333,Tuticorin,Port Louis,3520,13,2,Alternative,1300,Electronics
R4334,Tuticorin,Port Louis,3575,14,1,Alternative,1225,Electronics
R4335,Tuticorin,Port Louis,3650,15,0,Standard,1380,Electronics
R4336,Tuticorin,Port Louis,3400,12,0,Standard,1460,Automotive
R4337,Tuticorin,Port Louis,3475,13,1,Alternative,1385,Automotive
R4338,Tuticorin,Port Louis,3520,13,2,Alternative,1520,Automotive
R4339,Tuticorin,Port Louis,3575,14,1,Alternative,1445,Automotive
R4340,Tuticorin,Port Louis,3650,15,0,Standard,1600,Automotive
R4341,Tuticorin,Port Louis,3400,12,0,Standard,1370,Machinery and Equipment
R4342,Tuticorin,Port Louis,3475,13,1,Alternative,1295,Machinery and Equipment
R4343,Tuticorin,Port Louis,3520,13,2,Alternative,1430,Machinery and Equipment
R4344,Tuticorin,Port Louis,3575,14,1,Alternative,1355,Machinery and Equipment
R4345,Tuticorin,Port Louis,3650,15,0,Standard,1510,Machinery and Equipment
R4346,Tuticorin,Port Louis,3400,12,0,Standard,1060,General Cargo
R4347,Tuticorin,Port Louis,3475,13,1,Alternative,985,General Cargo
R4348,Tuticorin,Port Louis,3520,13,2,Alternative,1120,General Cargo
R4349,Tuticorin,Port Louis,3575,14,1,Alternative,1045,General Cargo
R4350,Tuticorin,Port Louis,3650,15,0,Standard,1200,General Cargo
R4351,Tuticorin,Jebel Ali,3000,11,0,Standard,1160,Electronics
R4352,Tuticorin,Jebel Ali,3075,12,1,Alternative,1085,Electronics
R4353,Tuticorin,Jebel Ali,3120,12,2,Alternative,1220,Electronics
R4354,Tuticorin,Jebel Ali,3175,13,1,Alternative,1145,Electronics
R4355,Tuticorin,Jebel Ali,3250,14,0,Standard,1300,Electronics
R4356,Tuticorin,Jebel Ali,3000,11,0,Standard,1380,Automotive
R4357,Tuticorin,Jebel Ali,3075,12,1,Alternative,1305,Automotive
R4358,Tuticorin,Jebel Ali,3120,12,2,Alternative,1440,Automotive
R4359,Tuticorin,Jebel Ali,3175,13,1,Alternative,1365,Automotive
R4360,Tuticorin,Jebel Ali,3250,14,0,Standard,1520,Automotive
R4361,Tuticorin,Jebel Ali,3000,11,0,Standard,1290,Machinery and Equipment
R4362,Tuticorin,Jebel Ali,3075,12,1,Alternative,1215,Machinery and Equipment
R4363,Tuticorin,Jebel Ali,3120,12,2,Alternative,1350,Machinery and Equipment
R4364,Tuticorin,Jebel Ali,3175,13,1,Alternative,1275,Machinery and Equipment
R4365,Tuticorin,Jebel Ali,3250,14,0,Standard,1430,Machinery and Equipment
R4366,Tuticorin,Jebel Ali,3000,11,0,Standard,980,General Cargo
R4367,Tuticorin,Jebel Ali,3075,12,1,Alternative,905,General Cargo
R4368,Tuticorin,Jebel Ali,3120,12,2,Alternative,1040,General Cargo
R4369,Tuticorin,Jebel Ali,3175,13,1,Alternative,965,General Cargo
R4370,Tuticorin,Jebel Ali,3250,14,0,Standard,1120,General Cargo
R4371,Nhava Sheva,Durban,7800,25,0,Standard,1880,Electronics
R4372,Nhava Sheva,Durban,7875,26,1,Alternative,1805,Electronics
R4373,Nhava Sheva,Durban,7920,26,2,Alternative,1940,Electronics
R4374,Nhava Sheva,Durban,7975,27,1,Alternative,1865,Electronics
R4375,Nhava Sheva,Durban,8050,28,0,Standard,2020,Electronics
R4376,Nhava Sheva,Durban,7800,25,0,Standard,2240,Automotive
R4377,Nhava Sheva,Durban,7875,26,1,Alternative,2165,Automotive
R4378,Nhava Sheva,Durban,7920,26,2,Alternative,2300,Automotive
R4379,Nhava Sheva,Durban,7975,27,1,Alternative,2225,Automotive
R4380,Nhava Sheva,Durban,8050,28,0,Standard,2380,Automotive
R4381,Nhava Sheva,Durban,7800,25,0,Standard,2090,Machinery and Equipment
R4382,Nhava Sheva,Durban,7875,26,1,Alternative,2015,Machinery and Equipment
R4383,Nhava Sheva,Durban,7920,26,2,Alternative,2150,Machinery and Equipment
R4384,Nhava Sheva,Durban,7975,27,1,Alternative,2075,Machinery and Equipment
R4385,Nhava Sheva,Durban,8050,28,0,Standard,2230,Machinery and Equipment
R4386,Nhava Sheva,Durban,7800,25,0,Standard,1720,General Cargo
R4387,Nhava Sheva,Durban,7875,26,1,Alternative,1645,General Cargo
R4388,Nhava Sheva,Durban,7920,26,2,Alternative,1780,General Cargo
R4389,Nhava Sheva,Durban,7975,27,1,Alternative,1705,General Cargo
R4390,Nhava Sheva,Durban,8050,28,0,Standard,1860,General Cargo
R4391,Nhava Sheva,Colombo,4300,14,0,Standard,1300,Electronics
R4392,Nhava Sheva,Colombo,4375,15,1,Alternative,1225,Electronics
R4393,Nhava Sheva,Colombo,4420,15,2,Alternative,1360,Electronics
R4394,Nhava Sheva,Colombo,4475,16,1,Alternative,1285,Electronics
R4395,Nhava Sheva,Colombo,4550,17,0,Standard,1440,Electronics
R4396,Nhava Sheva,Colombo,4300,14,0,Standard,1560,Automotive
R4397,Nhava Sheva,Colombo,4375,15,1,Alternative,1485,Automotive
R4398,Nhava Sheva,Colombo,4420,15,2,Alternative,1620,Automotive
R4399,Nhava Sheva,Colombo,4475,16,1,Alternative,1545,Automotive
R4400,Nhava Sheva,Colombo,4550,17,0,Standard,1700,Automotive
R4401,Nhava Sheva,Colombo,4300,14,0,Standard,1430,Machinery and Equipment
R4402,Nhava Sheva,Colombo,4375,15,1,Alternative,1355,Machinery and Equipment
R4403,Nhava Sheva,Colombo,4420,15,2,Alternative,1490,Machinery and Equipment
R4404,Nhava Sheva,Colombo,4475,16,1,Alternative,1415,Machinery and Equipment
R4405,Nhava Sheva,Colombo,4550,17,0,Standard,1570,Machinery and Equipment
R4406,Nhava Sheva,Colombo,4300,14,0,Standard,1160,General Cargo
R4407,Nhava Sheva,Colombo,4375,15,1,Alternative,1085,General Cargo
R4408,Nhava Sheva,Colombo,4420,15,2,Alternative,1220,General Cargo
R4409,Nhava Sheva,Colombo,4475,16,1,Alternative,1145,General Cargo
R4410,Nhava Sheva,Colombo,4550,17,0,Standard,1300,General Cargo
R4411,Nhava Sheva,Port Said,6200,20,0,Standard,1580,Electronics
R4412,Nhava Sheva,Port Said,6275,21,1,Alternative,1505,Electronics
R4413,Nhava Sheva,Port Said,6320,21,2,Alternative,1640,Electronics
R4414,Nhava Sheva,Port Said,6375,22,1,Alternative,1565,Electronics
R4415,Nhava Sheva,Port Said,6450,23,0,Standard,1720,Electronics
R4416,Nhava Sheva,Port Said,6200,20,0,Standard,1980,Automotive
R4417,Nhava Sheva,Port Said,6275,21,1,Alternative,1905,Automotive
R4418,Nhava Sheva,Port Said,6320,21,2,Alternative,2040,Automotive
R4419,Nhava Sheva,Port Said,6375,22,1,Alternative,1965,Automotive
R4420,Nhava Sheva,Port Said,6450,23,0,Standard,2120,Automotive
R4421,Nhava Sheva,Port Said,6200,20,0,Standard,1830,Machinery and Equipment
R4422,Nhava Sheva,Port Said,6275,21,1,Alternative,1755,Machinery and Equipment
R4423,Nhava Sheva,Port Said,6320,21,2,Alternative,1890,Machinery and Equipment
R4424,Nhava Sheva,Port Said,6375,22,1,Alternative,1815,Machinery and Equipment
R4425,Nhava Sheva,Port Said,6450,23,0,Standard,1970,Machinery and Equipment
R4426,Nhava Sheva,Port Said,6200,20,0,Standard,1500,General Cargo
R4427,Nhava Sheva,Port Said,6275,21,1,Alternative,1425,General Cargo
R4428,Nhava Sheva,Port Said,6320,21,2,Alternative,1560,General Cargo
R4429,Nhava Sheva,Port Said,6375,22,1,Alternative,1485,General Cargo
R4430,Nhava Sheva,Port Said,6450,23,0,Standard,1640,General Cargo
R4431,Nhava Sheva,Singapore,7600,24,0,Standard,1840,Electronics
R4432,Nhava Sheva,Singapore,7675,25,1,Alternative,1765,Electronics
R4433,Nhava Sheva,Singapore,7720,25,2,Alternative,1900,Electronics
R4434,Nhava Sheva,Singapore,7775,26,1,Alternative,1825,Electronics
R4435,Nhava Sheva,Singapore,7850,27,0,Standard,1980,Electronics
R4436,Nhava Sheva,Singapore,7600,24,0,Standard,2240,Automotive
R4437,Nhava Sheva,Singapore,7675,25,1,Alternative,2165,Automotive
R4438,Nhava Sheva,Singapore,7720,25,2,Alternative,2300,Automotive
R4439,Nhava Sheva,Singapore,7775,26,1,Alternative,2225,Automotive
R4440,Nhava Sheva,Singapore,7850,27,0,Standard,2380,Automotive
R4441,Nhava Sheva,Singapore,7600,24,0,Standard,2090,Machinery and Equipment
R4442,Nhava Sheva,Singapore,7675,25,1,Alternative,2015,Machinery and Equipment
R4443,Nhava Sheva,Singapore,7720,25,2,Alternative,2150,Machinery and Equipment
R4444,Nhava Sheva,Singapore,7775,26,1,Alternative,2075,Machinery and Equipment
R4445,Nhava Sheva,Singapore,7850,27,0,Standard,2230,Machinery and Equipment
R4446,Nhava Sheva,Singapore,7600,24,0,Standard,1720,General Cargo
R4447,Nhava Sheva,Singapore,7675,25,1,Alternative,1645,General Cargo
R4448,Nhava Sheva,Singapore,7720,25,2,Alternative,1780,General Cargo
R4449,Nhava Sheva,Singapore,7775,26,1,Alternative,1705,General Cargo
R4450,Nhava Sheva,Singapore,7850,27,0,Standard,1860,General Cargo
R4451,Kandla,Durban,8200,26,0,Standard,1960,Electronics
R4452,Kandla,Durban,8275,27,1,Alternative,1885,Electronics
R4453,Kandla,Durban,8320,27,2,Alternative,2020,Electronics
R4454,Kandla,Durban,8375,28,1,Alternative,1945,Electronics
R4455,Kandla,Durban,8450,29,0,Standard,2100,Electronics
R4456,Kandla,Durban,8200,26,0,Standard,2320,Automotive
R4457,Kandla,Durban,8275,27,1,Alternative,2245,Automotive
R4458,Kandla,Durban,8320,27,2,Alternative,2380,Automotive
R4459,Kandla,Durban,8375,28,1,Alternative,2305,Automotive
R4460,Kandla,Durban,8450,29,0,Standard,2460,Automotive
R4461,Kandla,Durban,8200,26,0,Standard,2170,Machinery and Equipment
R4462,Kandla,Durban,8275,27,1,Alternative,2095,Machinery and Equipment
R4463,Kandla,Durban,8320,27,2,Alternative,2230,Machinery and Equipment
R4464,Kandla,Durban,8375,28,1,Alternative,2155,Machinery and Equipment
R4465,Kandla,Durban,8450,29,0,Standard,2310,Machinery and Equipment
R4466,Kandla,Durban,8200,26,0,Standard,1800,General Cargo
R4467,Kandla,Durban,8275,27,1,Alternative,1725,General Cargo
R4468,Kandla,Durban,8320,27,2,Alternative,1860,General Cargo
R4469,Kandla,Durban,8375,28,1,Alternative,1785,General Cargo
R4470,Kandla,Durban,8450,29,0,Standard,1940,General Cargo
R4471,Kandla,Colombo,4700,15,0,Standard,1360,Electronics
R4472,Kandla,Colombo,4775,16,1,Alternative,1285,Electronics
R4473,Kandla,Colombo,4820,16,2,Alternative,1420,Electronics
R4474,Kandla,Colombo,4875,17,1,Alternative,1345,Electronics
R4475,Kandla,Colombo,4950,18,0,Standard,1500,Electronics
R4476,Kandla,Colombo,4700,15,0,Standard,1620,Automotive
R4477,Kandla,Colombo,4775,16,1,Alternative,1545,Automotive
R4478,Kandla,Colombo,4820,16,2,Alternative,1680,Automotive
R4479,Kandla,Colombo,4875,17,1,Alternative,1605,Automotive
R4480,Kandla,Colombo,4950,18,0,Standard,1760,Automotive
R4481,Kandla,Colombo,4700,15,0,Standard,1490,Machinery and Equipment
R4482,Kandla,Colombo,4775,16,1,Alternative,1415,Machinery and Equipment
R4483,Kandla,Colombo,4820,16,2,Alternative,1550,Machinery and Equipment
R4484,Kandla,Colombo,4875,17,1,Alternative,1475,Machinery and Equipment
R4485,Kandla,Colombo,4950,18,0,Standard,1630,Machinery and Equipment
R4486,Kandla,Colombo,4700,15,0,Standard,1220,General Cargo
R4487,Kandla,Colombo,4775,16,1,Alternative,1145,General Cargo
R4488,Kandla,Colombo,4820,16,2,Alternative,1280,General Cargo
R4489,Kandla,Colombo,4875,17,1,Alternative,1205,General Cargo
R4490,Kandla,Colombo,4950,18,0,Standard,1360,General Cargo
R4491,Kandla,Jebel Ali,650,4,0,Standard,760,Electronics
R4492,Kandla,Jebel Ali,725,5,1,Alternative,685,Electronics
R4493,Kandla,Jebel Ali,770,5,2,Alternative,820,Electronics
R4494,Kandla,Jebel Ali,825,6,1,Alternative,745,Electronics
R4495,Kandla,Jebel Ali,900,7,0,Standard,880,Electronics
R4496,Kandla,Jebel Ali,650,4,0,Standard,1020,Automotive
R4497,Kandla,Jebel Ali,725,5,1,Alternative,945,Automotive
R4498,Kandla,Jebel Ali,770,5,2,Alternative,1080,Automotive
R4499,Kandla,Jebel Ali,825,6,1,Alternative,1005,Automotive
R4500,Kandla,Jebel Ali,900,7,0,Standard,1160,Automotive
R4501,Kandla,Jebel Ali,650,4,0,Standard,890,Machinery and Equipment
R4502,Kandla,Jebel Ali,725,5,1,Alternative,815,Machinery and Equipment
R4503,Kandla,Jebel Ali,770,5,2,Alternative,950,Machinery and Equipment
R4504,Kandla,Jebel Ali,825,6,1,Alternative,875,Machinery and Equipment
R4505,Kandla,Jebel Ali,900,7,0,Standard,1030,Machinery and Equipment
R4506,Kandla,Jebel Ali,650,4,0,Standard,620,General Cargo
R4507,Kandla,Jebel Ali,725,5,1,Alternative,545,General Cargo
R4508,Kandla,Jebel Ali,770,5,2,Alternative,680,General Cargo
R4509,Kandla,Jebel Ali,825,6,1,Alternative,605,General Cargo
R4510,Kandla,Jebel Ali,900,7,0,Standard,760,General Cargo
R4511,Kandla,Port Said,5400,18,0,Standard,1460,Electronics
R4512,Kandla,Port Said,5475,19,1,Alternative,1385,Electronics
R4513,Kandla,Port Said,5520,19,2,Alternative,1520,Electronics
R4514,Kandla,Port Said,5575,20,1,Alternative,1445,Electronics
R4515,Kandla,Port Said,5650,21,0,Standard,1600,Electronics
R4516,Kandla,Port Said,5400,18,0,Standard,1720,Automotive
R4517,Kandla,Port Said,5475,19,1,Alternative,1645,Automotive
R4518,Kandla,Port Said,5520,19,2,Alternative,1780,Automotive
R4519,Kandla,Port Said,5575,20,1,Alternative,1705,Automotive
R4520,Kandla,Port Said,5650,21,0,Standard,1860,Automotive
R4521,Kandla,Port Said,5400,18,0,Standard,1570,Machinery and Equipment
R4522,Kandla,Port Said,5475,19,1,Alternative,1495,Machinery and Equipment
R4523,Kandla,Port Said,5520,19,2,Alternative,1630,Machinery and Equipment
R4524,Kandla,Port Said,5575,20,1,Alternative,1555,Machinery and Equipment
R4525,Kandla,Port Said,5650,21,0,Standard,1710,Machinery and Equipment
R4526,Kandla,Port Said,5400,18,0,Standard,1180,General Cargo
R4527,Kandla,Port Said,5475,19,1,Alternative,1105,General Cargo
R4528,Kandla,Port Said,5520,19,2,Alternative,1240,General Cargo
R4529,Kandla,Port Said,5575,20,1,Alternative,1165,General Cargo
R4530,Kandla,Port Said,5650,21,0,Standard,1320,General Cargo
R4531,Kandla,Singapore,7900,25,0,Standard,1900,Electronics
R4532,Kandla,Singapore,7975,26,1,Alternative,1825,Electronics
R4533,Kandla,Singapore,8020,26,2,Alternative,1960,Electronics
R4534,Kandla,Singapore,8075,27,1,Alternative,1885,Electronics
R4535,Kandla,Singapore,8150,28,0,Standard,2040,Electronics
R4536,Kandla,Singapore,7900,25,0,Standard,2300,Automotive
R4537,Kandla,Singapore,7975,26,1,Alternative,2225,Automotive
R4538,Kandla,Singapore,8020,26,2,Alternative,2360,Automotive
R4539,Kandla,Singapore,8075,27,1,Alternative,2285,Automotive
R4540,Kandla,Singapore,8150,28,0,Standard,2440,Automotive
R4541,Kandla,Singapore,7900,25,0,Standard,2150,Machinery and Equipment
R4542,Kandla,Singapore,7975,26,1,Alternative,2075,Machinery and Equipment
R4543,Kandla,Singapore,8020,26,2,Alternative,2210,Machinery and Equipment
R4544,Kandla,Singapore,8075,27,1,Alternative,2135,Machinery and Equipment
R4545,Kandla,Singapore,8150,28,0,Standard,2290,Machinery and Equipment
R4546,Kandla,Singapore,7900,25,0,Standard,1780,General Cargo
R4547,Kandla,Singapore,7975,26,1,Alternative,1705,General Cargo
R4548,Kandla,Singapore,8020,26,2,Alternative,1840,General Cargo
R4549,Kandla,Singapore,8075,27,1,Alternative,1765,General Cargo
R4550,Kandla,Singapore,8150,28,0,Standard,1920,General Cargo
R4551,Krishnapatnam,Durban,9300,28,0,Standard,2100,Electronics
R4552,Krishnapatnam,Durban,9375,29,1,Alternative,2025,Electronics
R4553,Krishnapatnam,Durban,9420,29,2,Alternative,2160,Electronics
R4554,Krishnapatnam,Durban,9475,30,1,Alternative,2085,Electronics
R4555,Krishnapatnam,Durban,9550,31,0,Standard,2240,Electronics
R4556,Krishnapatnam,Durban,9300,28,0,Standard,2500,Automotive
R4557,Krishnapatnam,Durban,9375,29,1,Alternative,2425,Automotive
R4558,Krishnapatnam,Durban,9420,29,2,Alternative,2560,Automotive
R4559,Krishnapatnam,Durban,9475,30,1,Alternative,2485,Automotive
R4560,Krishnapatnam,Durban,9550,31,0,Standard,2640,Automotive
R4561,Krishnapatnam,Durban,9300,28,0,Standard,2350,Machinery and Equipment
R4562,Krishnapatnam,Durban,9375,29,1,Alternative,2275,Machinery and Equipment
R4563,Krishnapatnam,Durban,9420,29,2,Alternative,2410,Machinery and Equipment
R4564,Krishnapatnam,Durban,9475,30,1,Alternative,2335,Machinery and Equipment
R4565,Krishnapatnam,Durban,9550,31,0,Standard,2490,Machinery and Equipment
R4566,Krishnapatnam,Durban,9300,28,0,Standard,1900,General Cargo
R4567,Krishnapatnam,Durban,9375,29,1,Alternative,1825,General Cargo
R4568,Krishnapatnam,Durban,9420,29,2,Alternative,1960,General Cargo
R4569,Krishnapatnam,Durban,9475,30,1,Alternative,1885,General Cargo
R4570,Krishnapatnam,Durban,9550,31,0,Standard,2040,General Cargo
R4571,Krishnapatnam,Colombo,2200,8,0,Standard,980,Electronics
R4572,Krishnapatnam,Colombo,2275,9,1,Alternative,905,Electronics
R4573,Krishnapatnam,Colombo,2320,9,2,Alternative,1040,Electronics
R4574,Krishnapatnam,Colombo,2375,10,1,Alternative,965,Electronics
R4575,Krishnapatnam,Colombo,2450,11,0,Standard,1120,Electronics
R4576,Krishnapatnam,Colombo,2200,8,0,Standard,1240,Automotive
R4577,Krishnapatnam,Colombo,2275,9,1,Alternative,1165,Automotive
R4578,Krishnapatnam,Colombo,2320,9,2,Alternative,1300,Automotive
R4579,Krishnapatnam,Colombo,2375,10,1,Alternative,1225,Automotive
R4580,Krishnapatnam,Colombo,2450,11,0,Standard,1380,Automotive
R4581,Krishnapatnam,Colombo,2200,8,0,Standard,1110,Machinery and Equipment
R4582,Krishnapatnam,Colombo,2275,9,1,Alternative,1035,Machinery and Equipment
R4583,Krishnapatnam,Colombo,2320,9,2,Alternative,1170,Machinery and Equipment
R4584,Krishnapatnam,Colombo,2375,10,1,Alternative,1095,Machinery and Equipment
R4585,Krishnapatnam,Colombo,2450,11,0,Standard,1250,Machinery and Equipment
R4586,Krishnapatnam,Colombo,2200,8,0,Standard,860,General Cargo
R4587,Krishnapatnam,Colombo,2275,9,1,Alternative,785,General Cargo
R4588,Krishnapatnam,Colombo,2320,9,2,Alternative,920,General Cargo
R4589,Krishnapatnam,Colombo,2375,10,1,Alternative,845,General Cargo
R4590,Krishnapatnam,Colombo,2450,11,0,Standard,1000,General Cargo
R4591,Krishnapatnam,Singapore,3100,11,0,Standard,1160,Electronics
R4592,Krishnapatnam,Singapore,3175,12,1,Alternative,1085,Electronics
R4593,Krishnapatnam,Singapore,3220,12,2,Alternative,1220,Electronics
R4594,Krishnapatnam,Singapore,3275,13,1,Alternative,1145,Electronics
R4595,Krishnapatnam,Singapore,3350,14,0,Standard,1300,Electronics
R4596,Krishnapatnam,Singapore,3100,11,0,Standard,1420,Automotive
R4597,Krishnapatnam,Singapore,3175,12,1,Alternative,1345,Automotive
R4598,Krishnapatnam,Singapore,3220,12,2,Alternative,1480,Automotive
R4599,Krishnapatnam,Singapore,3275,13,1,Alternative,1405,Automotive
R4600,Krishnapatnam,Singapore,3350,14,0,Standard,1560,Automotive
R4601,Krishnapatnam,Singapore,3100,11,0,Standard,1270,Machinery and Equipment
R4602,Krishnapatnam,Singapore,3175,12,1,Alternative,1195,Machinery and Equipment
R4603,Krishnapatnam,Singapore,3220,12,2,Alternative,1330,Machinery and Equipment
R4604,Krishnapatnam,Singapore,3275,13,1,Alternative,1255,Machinery and Equipment
R4605,Krishnapatnam,Singapore,3350,14,0,Standard,1410,Machinery and Equipment
R4606,Krishnapatnam,Singapore,3100,11,0,Standard,990,General Cargo
R4607,Krishnapatnam,Singapore,3175,12,1,Alternative,915,General Cargo
R4608,Krishnapatnam,Singapore,3220,12,2,Alternative,1050,General Cargo
R4609,Krishnapatnam,Singapore,3275,13,1,Alternative,975,General Cargo
R4610,Krishnapatnam,Singapore,3350,14,0,Standard,1140,General Cargo
R4611,Chennai,Durban,9700,29,0,Standard,2120,Electronics
R4612,Chennai,Durban,9775,30,1,Alternative,2045,Electronics
R4613,Chennai,Durban,9820,30,2,Alternative,2180,Electronics
R4614,Chennai,Durban,9875,31,1,Alternative,2105,Electronics
R4615,Chennai,Durban,9950,32,0,Standard,2260,Electronics
R4616,Chennai,Durban,9700,29,0,Standard,2520,Automotive
R4617,Chennai,Durban,9775,30,1,Alternative,2445,Automotive
R4618,Chennai,Durban,9820,30,2,Alternative,2580,Automotive
R4619,Chennai,Durban,9875,31,1,Alternative,2505,Automotive
R4620,Chennai,Durban,9950,32,0,Standard,2660,Automotive
R4621,Chennai,Durban,9700,29,0,Standard,2370,Machinery and Equipment
R4622,Chennai,Durban,9775,30,1,Alternative,2295,Machinery and Equipment
R4623,Chennai,Durban,9820,30,2,Alternative,2430,Machinery and Equipment
R4624,Chennai,Durban,9875,31,1,Alternative,2355,Machinery and Equipment
R4625,Chennai,Durban,9950,32,0,Standard,2510,Machinery and Equipment
R4626,Chennai,Durban,9700,29,0,Standard,1920,General Cargo
R4627,Chennai,Durban,9775,30,1,Alternative,1845,General Cargo
R4628,Chennai,Durban,9820,30,2,Alternative,1980,General Cargo
R4629,Chennai,Durban,9875,31,1,Alternative,1905,General Cargo
R4630,Chennai,Durban,9950,32,0,Standard,2060,General Cargo
R4631,Chennai,Singapore,2900,10,0,Standard,1100,Electronics
R4632,Chennai,Singapore,2975,11,1,Alternative,1025,Electronics
R4633,Chennai,Singapore,3020,11,2,Alternative,1160,Electronics
R4634,Chennai,Singapore,3075,12,1,Alternative,1085,Electronics
R4635,Chennai,Singapore,3150,13,0,Standard,1240,Electronics
R4636,Chennai,Singapore,2900,10,0,Standard,1360,Automotive
R4637,Chennai,Singapore,2975,11,1,Alternative,1285,Automotive
R4638,Chennai,Singapore,3020,11,2,Alternative,1420,Automotive
R4639,Chennai,Singapore,3075,12,1,Alternative,1345,Automotive
R4640,Chennai,Singapore,3150,13,0,Standard,1500,Automotive
R4641,Chennai,Singapore,2900,10,0,Standard,1210,Machinery and Equipment
R4642,Chennai,Singapore,2975,11,1,Alternative,1135,Machinery and Equipment
R4643,Chennai,Singapore,3020,11,2,Alternative,1270,Machinery and Equipment
R4644,Chennai,Singapore,3075,12,1,Alternative,1195,Machinery and Equipment
R4645,Chennai,Singapore,3150,13,0,Standard,1350,Machinery and Equipment
R4646,Chennai,Singapore,2900,10,0,Standard,930,General Cargo
R4647,Chennai,Singapore,2975,11,1,Alternative,855,General Cargo
R4648,Chennai,Singapore,3020,11,2,Alternative,990,General Cargo
R4649,Chennai,Singapore,3075,12,1,Alternative,915,General Cargo
R4650,Chennai,Singapore,3150,13,0,Standard,1070,General Cargo
R4651,Chennai,Jebel Ali,3400,12,0,Standard,1240,Electronics
R4652,Chennai,Jebel Ali,3475,13,1,Alternative,1165,Electronics
R4653,Chennai,Jebel Ali,3520,13,2,Alternative,1300,Electronics
R4654,Chennai,Jebel Ali,3575,14,1,Alternative,1225,Electronics
R4655,Chennai,Jebel Ali,3650,15,0,Standard,1380,Electronics
R4656,Chennai,Jebel Ali,3400,12,0,Standard,1500,Automotive
R4657,Chennai,Jebel Ali,3475,13,1,Alternative,1425,Automotive
R4658,Chennai,Jebel Ali,3520,13,2,Alternative,1560,Automotive
R4659,Chennai,Jebel Ali,3575,14,1,Alternative,1485,Automotive
R4660,Chennai,Jebel Ali,3650,15,0,Standard,1640,Automotive
R4661,Chennai,Jebel Ali,3400,12,0,Standard,1410,Machinery and Equipment
R4662,Chennai,Jebel Ali,3475,13,1,Alternative,1335,Machinery and Equipment
R4663,Chennai,Jebel Ali,3520,13,2,Alternative,1470,Machinery and Equipment
R4664,Chennai,Jebel Ali,3575,14,1,Alternative,1395,Machinery and Equipment
R4665,Chennai,Jebel Ali,3650,15,0,Standard,1550,Machinery and Equipment
R4666,Chennai,Jebel Ali,3400,12,0,Standard,1100,General Cargo
R4667,Chennai,Jebel Ali,3475,13,1,Alternative,1025,General Cargo
R4668,Chennai,Jebel Ali,3520,13,2,Alternative,1160,General Cargo
R4669,Chennai,Jebel Ali,3575,14,1,Alternative,1085,General Cargo
R4670,Chennai,Jebel Ali,3650,15,0,Standard,1240,General Cargo
R4671,Mumbai,Durban,8400,27,0,Standard,2020,Electronics
R4672,Mumbai,Durban,8475,28,1,Alternative,1945,Electronics
R4673,Mumbai,Durban,8520,28,2,Alternative,2080,Electronics
R4674,Mumbai,Durban,8575,29,1,Alternative,2005,Electronics
R4675,Mumbai,Durban,8650,30,0,Standard,2160,Electronics
R4676,Mumbai,Durban,8400,27,0,Standard,2420,Automotive
R4677,Mumbai,Durban,8475,28,1,Alternative,2345,Automotive
R4678,Mumbai,Durban,8520,28,2,Alternative,2480,Automotive
R4679,Mumbai,Durban,8575,29,1,Alternative,2405,Automotive
R4680,Mumbai,Durban,8650,30,0,Standard,2560,Automotive
R4681,Mumbai,Durban,8400,27,0,Standard,2270,Machinery and Equipment
R4682,Mumbai,Durban,8475,28,1,Alternative,2195,Machinery and Equipment
R4683,Mumbai,Durban,8520,28,2,Alternative,2330,Machinery and Equipment
R4684,Mumbai,Durban,8575,29,1,Alternative,2255,Machinery and Equipment
R4685,Mumbai,Durban,8650,30,0,Standard,2410,Machinery and Equipment
R4686,Mumbai,Durban,8400,27,0,Standard,1820,General Cargo
R4687,Mumbai,Durban,8475,28,1,Alternative,1745,General Cargo
R4688,Mumbai,Durban,8520,28,2,Alternative,1880,General Cargo
R4689,Mumbai,Durban,8575,29,1,Alternative,1805,General Cargo
R4690,Mumbai,Durban,8650,30,0,Standard,1960,General Cargo
R4691,Mumbai,Singapore,7000,22,0,Standard,1740,Electronics
R4692,Mumbai,Singapore,7075,23,1,Alternative,1665,Electronics
R4693,Mumbai,Singapore,7120,23,2,Alternative,1800,Electronics
R4694,Mumbai,Singapore,7175,24,1,Alternative,1725,Electronics
R4695,Mumbai,Singapore,7250,25,0,Standard,1880,Electronics
R4696,Mumbai,Singapore,7000,22,0,Standard,2100,Automotive
R4697,Mumbai,Singapore,7075,23,1,Alternative,2025,Automotive
R4698,Mumbai,Singapore,7120,23,2,Alternative,2160,Automotive
R4699,Mumbai,Singapore,7175,24,1,Alternative,2085,Automotive
R4700,Mumbai,Singapore,7250,25,0,Standard,2240,Automotive
R4701,Mumbai,Singapore,7000,22,0,Standard,1950,Machinery and Equipment
R4702,Mumbai,Singapore,7075,23,1,Alternative,1875,Machinery and Equipment
R4703,Mumbai,Singapore,7120,23,2,Alternative,2010,Machinery and Equipment
R4704,Mumbai,Singapore,7175,24,1,Alternative,1935,Machinery and Equipment
R4705,Mumbai,Singapore,7250,25,0,Standard,2090,Machinery and Equipment
R4706,Mumbai,Singapore,7000,22,0,Standard,1560,General Cargo
R4707,Mumbai,Singapore,7075,23,1,Alternative,1485,General Cargo
R4708,Mumbai,Singapore,7120,23,2,Alternative,1620,General Cargo
R4709,Mumbai,Singapore,7175,24,1,Alternative,1545,General Cargo
R4710,Mumbai,Singapore,7250,25,0,Standard,1700,General Cargo
R4711,Mumbai,Port Klang,4200,14,0,Standard,1320,Electronics
R4712,Mumbai,Port Klang,4275,15,1,Alternative,1245,Electronics
R4713,Mumbai,Port Klang,4320,15,2,Alternative,1380,Electronics
R4714,Mumbai,Port Klang,4375,16,1,Alternative,1305,Electronics
R4715,Mumbai,Port Klang,4450,17,0,Standard,1460,Electronics
R4716,Mumbai,Port Klang,4200,14,0,Standard,1580,Automotive
R4717,Mumbai,Port Klang,4275,15,1,Alternative,1505,Automotive
R4718,Mumbai,Port Klang,4320,15,2,Alternative,1640,Automotive
R4719,Mumbai,Port Klang,4375,16,1,Alternative,1565,Automotive
R4720,Mumbai,Port Klang,4450,17,0,Standard,1720,Automotive
R4721,Mumbai,Port Klang,4200,14,0,Standard,1450,Machinery and Equipment
R4722,Mumbai,Port Klang,4275,15,1,Alternative,1375,Machinery and Equipment
R4723,Mumbai,Port Klang,4320,15,2,Alternative,1510,Machinery and Equipment
R4724,Mumbai,Port Klang,4375,16,1,Alternative,1435,Machinery and Equipment
R4725,Mumbai,Port Klang,4450,17,0,Standard,1590,Machinery and Equipment
R4726,Mumbai,Port Klang,4200,14,0,Standard,1150,General Cargo
R4727,Mumbai,Port Klang,4275,15,1,Alternative,1075,General Cargo
R4728,Mumbai,Port Klang,4320,15,2,Alternative,1210,General Cargo
R4729,Mumbai,Port Klang,4375,16,1,Alternative,1135,General Cargo
R4730,Mumbai,Port Klang,4450,17,0,Standard,1290,General Cargo
R4731,Kolkata,Durban,10300,31,0,Standard,2200,Electronics
R4732,Kolkata,Durban,10375,32,1,Alternative,2125,Electronics
R4733,Kolkata,Durban,10420,32,2,Alternative,2260,Electronics
R4734,Kolkata,Durban,10475,33,1,Alternative,2185,Electronics
R4735,Kolkata,Durban,10550,34,0,Standard,2340,Electronics
R4736,Kolkata,Durban,10300,31,0,Standard,2600,Automotive
R4737,Kolkata,Durban,10375,32,1,Alternative,2525,Automotive
R4738,Kolkata,Durban,10420,32,2,Alternative,2660,Automotive
R4739,Kolkata,Durban,10475,33,1,Alternative,2585,Automotive
R4740,Kolkata,Durban,10550,34,0,Standard,2740,Automotive
R4741,Kolkata,Durban,10300,31,0,Standard,2450,Machinery and Equipment
R4742,Kolkata,Durban,10375,32,1,Alternative,2375,Machinery and Equipment
R4743,Kolkata,Durban,10420,32,2,Alternative,2510,Machinery and Equipment
R4744,Kolkata,Durban,10475,33,1,Alternative,2435,Machinery and Equipment
R4745,Kolkata,Durban,10550,34,0,Standard,2590,Machinery and Equipment
R4746,Kolkata,Durban,10300,31,0,Standard,2000,General Cargo
R4747,Kolkata,Durban,10375,32,1,Alternative,1925,General Cargo
R4748,Kolkata,Durban,10420,32,2,Alternative,2060,General Cargo
R4749,Kolkata,Durban,10475,33,1,Alternative,1985,General Cargo
R4750,Kolkata,Durban,10550,34,0,Standard,2140,General Cargo
R4751,Kolkata,Singapore,4200,14,0,Standard,1300,Electronics
R4752,Kolkata,Singapore,4275,15,1,Alternative,1225,Electronics
R4753,Kolkata,Singapore,4320,15,2,Alternative,1360,Electronics
R4754,Kolkata,Singapore,4375,16,1,Alternative,1285,Electronics
R4755,Kolkata,Singapore,4450,17,0,Standard,1440,Electronics
R4756,Kolkata,Singapore,4200,14,0,Standard,1560,Automotive
R4757,Kolkata,Singapore,4275,15,1,Alternative,1485,Automotive
R4758,Kolkata,Singapore,4320,15,2,Alternative,1620,Automotive
R4759,Kolkata,Singapore,4375,16,1,Alternative,1545,Automotive
R4760,Kolkata,Singapore,4450,17,0,Standard,1700,Automotive
R4761,Kolkata,Singapore,4200,14,0,Standard,1430,Machinery and Equipment
R4762,Kolkata,Singapore,4275,15,1,Alternative,1355,Machinery and Equipment
R4763,Kolkata,Singapore,4320,15,2,Alternative,1490,Machinery and Equipment
R4764,Kolkata,Singapore,4375,16,1,Alternative,1415,Machinery and Equipment
R4765,Kolkata,Singapore,4450,17,0,Standard,1570,Machinery and Equipment
R4766,Kolkata,Singapore,4200,14,0,Standard,1160,General Cargo
R4767,Kolkata,Singapore,4275,15,1,Alternative,1085,General Cargo
R4768,Kolkata,Singapore,4320,15,2,Alternative,1220,General Cargo
R4769,Kolkata,Singapore,4375,16,1,Alternative,1145,General Cargo
R4770,Kolkata,Singapore,4450,17,0,Standard,1300,General Cargo
R4771,Kolkata,Jebel Ali,5600,18,0,Standard,1480,Electronics
R4772,Kolkata,Jebel Ali,5675,19,1,Alternative,1405,Electronics
R4773,Kolkata,Jebel Ali,5720,19,2,Alternative,1540,Electronics
R4774,Kolkata,Jebel Ali,5775,20,1,Alternative,1465,Electronics
R4775,Kolkata,Jebel Ali,5850,21,0,Standard,1620,Electronics
R4776,Kolkata,Jebel Ali,5600,18,0,Standard,1840,Automotive
R4777,Kolkata,Jebel Ali,5675,19,1,Alternative,1765,Automotive
R4778,Kolkata,Jebel Ali,5720,19,2,Alternative,1900,Automotive
R4779,Kolkata,Jebel Ali,5775,20,1,Alternative,1825,Automotive
R4780,Kolkata,Jebel Ali,5850,21,0,Standard,1980,Automotive
R4781,Kolkata,Jebel Ali,5600,18,0,Standard,1690,Machinery and Equipment
R4782,Kolkata,Jebel Ali,5675,19,1,Alternative,1615,Machinery and Equipment
R4783,Kolkata,Jebel Ali,5720,19,2,Alternative,1750,Machinery and Equipment
R4784,Kolkata,Jebel Ali,5775,20,1,Alternative,1675,Machinery and Equipment
R4785,Kolkata,Jebel Ali,5850,21,0,Standard,1830,Machinery and Equipment
R4786,Kolkata,Jebel Ali,5600,18,0,Standard,1320,General Cargo
R4787,Kolkata,Jebel Ali,5675,19,1,Alternative,1245,General Cargo
R4788,Kolkata,Jebel Ali,5720,19,2,Alternative,1380,General Cargo
R4789,Kolkata,Jebel Ali,5775,20,1,Alternative,1305,General Cargo
R4790,Kolkata,Jebel Ali,5850,21,0,Standard,1460,General Cargo
R4791,Visakhapatnam,Singapore,3800,13,0,Standard,1260,Electronics
R4792,Visakhapatnam,Singapore,3875,14,1,Alternative,1185,Electronics
R4793,Visakhapatnam,Singapore,3920,14,2,Alternative,1320,Electronics
R4794,Visakhapatnam,Singapore,3975,15,1,Alternative,1245,Electronics
R4795,Visakhapatnam,Singapore,4050,16,0,Standard,1400,Electronics
R4796,Visakhapatnam,Singapore,3800,13,0,Standard,1520,Automotive
R4797,Visakhapatnam,Singapore,3875,14,1,Alternative,1445,Automotive
R4798,Visakhapatnam,Singapore,3920,14,2,Alternative,1580,Automotive
R4799,Visakhapatnam,Singapore,3975,15,1,Alternative,1505,Automotive
R4800,Visakhapatnam,Singapore,4050,16,0,Standard,1660,Automotive
R4801,Visakhapatnam,Singapore,3800,13,0,Standard,1390,Machinery and Equipment
R4802,Visakhapatnam,Singapore,3875,14,1,Alternative,1315,Machinery and Equipment
R4803,Visakhapatnam,Singapore,3920,14,2,Alternative,1450,Machinery and Equipment
R4804,Visakhapatnam,Singapore,3975,15,1,Alternative,1375,Machinery and Equipment
R4805,Visakhapatnam,Singapore,4050,16,0,Standard,1530,Machinery and Equipment
R4806,Visakhapatnam,Singapore,3800,13,0,Standard,1120,General Cargo
R4807,Visakhapatnam,Singapore,3875,14,1,Alternative,1045,General Cargo
R4808,Visakhapatnam,Singapore,3920,14,2,Alternative,1180,General Cargo
R4809,Visakhapatnam,Singapore,3975,15,1,Alternative,1105,General Cargo
R4810,Visakhapatnam,Singapore,4050,16,0,Standard,1260,General Cargo
R4811,Visakhapatnam,Jebel Ali,5000,17,0,Standard,1420,Electronics
R4812,Visakhapatnam,Jebel Ali,5075,18,1,Alternative,1345,Electronics
R4813,Visakhapatnam,Jebel Ali,5120,18,2,Alternative,1480,Electronics
R4814,Visakhapatnam,Jebel Ali,5175,19,1,Alternative,1405,Electronics
R4815,Visakhapatnam,Jebel Ali,5250,20,0,Standard,1560,Electronics
R4816,Visakhapatnam,Jebel Ali,5000,17,0,Standard,1680,Automotive
R4817,Visakhapatnam,Jebel Ali,5075,18,1,Alternative,1605,Automotive
R4818,Visakhapatnam,Jebel Ali,5120,18,2,Alternative,1740,Automotive
R4819,Visakhapatnam,Jebel Ali,5175,19,1,Alternative,1665,Automotive
R4820,Visakhapatnam,Jebel Ali,5250,20,0,Standard,1820,Automotive
R4821,Visakhapatnam,Jebel Ali,5000,17,0,Standard,1550,Machinery and Equipment
R4822,Visakhapatnam,Jebel Ali,5075,18,1,Alternative,1475,Machinery and Equipment
R4823,Visakhapatnam,Jebel Ali,5120,18,2,Alternative,1610,Machinery and Equipment
R4824,Visakhapatnam,Jebel Ali,5175,19,1,Alternative,1535,Machinery and Equipment
R4825,Visakhapatnam,Jebel Ali,5250,20,0,Standard,1690,Machinery and Equipment
R4826,Visakhapatnam,Jebel Ali,5000,17,0,Standard,1280,General Cargo
R4827,Visakhapatnam,Jebel Ali,5075,18,1,Alternative,1205,General Cargo
R4828,Visakhapatnam,Jebel Ali,5120,18,2,Alternative,1340,General Cargo
R4829,Visakhapatnam,Jebel Ali,5175,19,1,Alternative,1265,General Cargo
R4830,Visakhapatnam,Jebel Ali,5250,20,0,Standard,1420,General Cargo
R4831,Visakhapatnam,Port Said,6500,21,0,Standard,1640,Electronics
R4832,Visakhapatnam,Port Said,6575,22,1,Alternative,1565,Electronics
R4833,Visakhapatnam,Port Said,6620,22,2,Alternative,1700,Electronics
R4834,Visakhapatnam,Port Said,6675,23,1,Alternative,1625,Electronics
R4835,Visakhapatnam,Port Said,6750,24,0,Standard,1780,Electronics
R4836,Visakhapatnam,Port Said,6500,21,0,Standard,1900,Automotive
R4837,Visakhapatnam,Port Said,6575,22,1,Alternative,1825,Automotive
R4838,Visakhapatnam,Port Said,6620,22,2,Alternative,1960,Automotive
R4839,Visakhapatnam,Port Said,6675,23,1,Alternative,1885,Automotive
R4840,Visakhapatnam,Port Said,6750,24,0,Standard,2040,Automotive
R4841,Visakhapatnam,Port Said,6500,21,0,Standard,1770,Machinery and Equipment
R4842,Visakhapatnam,Port Said,6575,22,1,Alternative,1695,Machinery and Equipment
R4843,Visakhapatnam,Port Said,6620,22,2,Alternative,1830,Machinery and Equipment
R4844,Visakhapatnam,Port Said,6675,23,1,Alternative,1755,Machinery and Equipment
R4845,Visakhapatnam,Port Said,6750,24,0,Standard,1910,Machinery and Equipment
R4846,Visakhapatnam,Port Said,6500,21,0,Standard,1400,General Cargo
R4847,Visakhapatnam,Port Said,6575,22,1,Alternative,1325,General Cargo
R4848,Visakhapatnam,Port Said,6620,22,2,Alternative,1460,General Cargo
R4849,Visakhapatnam,Port Said,6675,23,1,Alternative,1385,General Cargo
R4850,Visakhapatnam,Port Said,6750,24,0,Standard,1540,General Cargo
R4851,Kochi,Durban,7400,24,0,Standard,1780,Electronics
R4852,Kochi,Durban,7475,25,1,Alternative,1705,Electronics
R4853,Kochi,Durban,7520,25,2,Alternative,1840,Electronics
R4854,Kochi,Durban,7575,26,1,Alternative,1765,Electronics
R4855,Kochi,Durban,7650,27,0,Standard,1920,Electronics
R4856,Kochi,Durban,7400,24,0,Standard,2140,Automotive
R4857,Kochi,Durban,7475,25,1,Alternative,2065,Automotive
R4858,Kochi,Durban,7520,25,2,Alternative,2200,Automotive
R4859,Kochi,Durban,7575,26,1,Alternative,2125,Automotive
R4860,Kochi,Durban,7650,27,0,Standard,2280,Automotive
R4861,Kochi,Durban,7400,24,0,Standard,1990,Machinery and Equipment
R4862,Kochi,Durban,7475,25,1,Alternative,1915,Machinery and Equipment
R4863,Kochi,Durban,7520,25,2,Alternative,2050,Machinery and Equipment
R4864,Kochi,Durban,7575,26,1,Alternative,1975,Machinery and Equipment
R4865,Kochi,Durban,7650,27,0,Standard,2130,Machinery and Equipment
R4866,Kochi,Durban,7400,24,0,Standard,1600,General Cargo
R4867,Kochi,Durban,7475,25,1,Alternative,1525,General Cargo
R4868,Kochi,Durban,7520,25,2,Alternative,1660,General Cargo
R4869,Kochi,Durban,7575,26,1,Alternative,1585,General Cargo
R4870,Kochi,Durban,7650,27,0,Standard,1740,General Cargo
R4871,Kochi,Singapore,4700,15,0,Standard,1380,Electronics
R4872,Kochi,Singapore,4775,16,1,Alternative,1305,Electronics
R4873,Kochi,Singapore,4820,16,2,Alternative,1440,Electronics
R4874,Kochi,Singapore,4875,17,1,Alternative,1365,Electronics
R4875,Kochi,Singapore,4950,18,0,Standard,1520,Electronics
R4876,Kochi,Singapore,4700,15,0,Standard,1640,Automotive
R4877,Kochi,Singapore,4775,16,1,Alternative,1565,Automotive
R4878,Kochi,Singapore,4820,16,2,Alternative,1700,Automotive
R4879,Kochi,Singapore,4875,17,1,Alternative,1625,Automotive
R4880,Kochi,Singapore,4950,18,0,Standard,1780,Automotive
R4881,Kochi,Singapore,4700,15,0,Standard,1510,Machinery and Equipment
R4882,Kochi,Singapore,4775,16,1,Alternative,1435,Machinery and Equipment
R4883,Kochi,Singapore,4820,16,2,Alternative,1570,Machinery and Equipment
R4884,Kochi,Singapore,4875,17,1,Alternative,1495,Machinery and Equipment
R4885,Kochi,Singapore,4950,18,0,Standard,1650,Machinery and Equipment
R4886,Kochi,Singapore,4700,15,0,Standard,1240,General Cargo
R4887,Kochi,Singapore,4775,16,1,Alternative,1165,General Cargo
R4888,Kochi,Singapore,4820,16,2,Alternative,1300,General Cargo
R4889,Kochi,Singapore,4875,17,1,Alternative,1225,General Cargo
R4890,Kochi,Singapore,4950,18,0,Standard,1380,General Cargo
R4891,Kochi,Jebel Ali,3500,12,0,Standard,1260,Electronics
R4892,Kochi,Jebel Ali,3575,13,1,Alternative,1185,Electronics
R4893,Kochi,Jebel Ali,3620,13,2,Alternative,1320,Electronics
R4894,Kochi,Jebel Ali,3675,14,1,Alternative,1245,Electronics
R4895,Kochi,Jebel Ali,3750,15,0,Standard,1400,Electronics
R4896,Kochi,Jebel Ali,3500,12,0,Standard,1520,Automotive
R4897,Kochi,Jebel Ali,3575,13,1,Alternative,1445,Automotive
R4898,Kochi,Jebel Ali,3620,13,2,Alternative,1580,Automotive
R4899,Kochi,Jebel Ali,3675,14,1,Alternative,1505,Automotive
R4900,Kochi,Jebel Ali,3750,15,0,Standard,1660,Automotive
R4901,Kochi,Jebel Ali,3500,12,0,Standard,1390,Machinery and Equipment
R4902,Kochi,Jebel Ali,3575,13,1,Alternative,1315,Machinery and Equipment
R4903,Kochi,Jebel Ali,3620,13,2,Alternative,1450,Machinery and Equipment
R4904,Kochi,Jebel Ali,3675,14,1,Alternative,1375,Machinery and Equipment
R4905,Kochi,Jebel Ali,3750,15,0,Standard,1530,Machinery and Equipment
R4906,Kochi,Jebel Ali,3500,12,0,Standard,1080,General Cargo
R4907,Kochi,Jebel Ali,3575,13,1,Alternative,1005,General Cargo
R4908,Kochi,Jebel Ali,3620,13,2,Alternative,1140,General Cargo
R4909,Kochi,Jebel Ali,3675,14,1,Alternative,1065,General Cargo
R4910,Kochi,Jebel Ali,3750,15,0,Standard,1220,General Cargo
R4911,Kochi,Port Said,5900,19,0,Standard,1520,Electronics
R4912,Kochi,Port Said,5975,20,1,Alternative,1445,Electronics
R4913,Kochi,Port Said,6020,20,2,Alternative,1580,Electronics
R4914,Kochi,Port Said,6075,21,1,Alternative,1505,Electronics
R4915,Kochi,Port Said,6150,22,0,Standard,1660,Electronics
R4916,Kochi,Port Said,5900,19,0,Standard,1880,Automotive
R4917,Kochi,Port Said,5975,20,1,Alternative,1805,Automotive
R4918,Kochi,Port Said,6020,20,2,Alternative,1940,Automotive
R4919,Kochi,Port Said,6075,21,1,Alternative,1865,Automotive
R4920,Kochi,Port Said,6150,22,0,Standard,2020,Automotive
R4921,Kochi,Port Said,5900,19,0,Standard,1730,Machinery and Equipment
R4922,Kochi,Port Said,5975,20,1,Alternative,1655,Machinery and Equipment
R4923,Kochi,Port Said,6020,20,2,Alternative,1790,Machinery and Equipment
R4924,Kochi,Port Said,6075,21,1,Alternative,1715,Machinery and Equipment
R4925,Kochi,Port Said,6150,22,0,Standard,1870,Machinery and Equipment
R4926,Kochi,Port Said,5900,19,0,Standard,1460,General Cargo
R4927,Kochi,Port Said,5975,20,1,Alternative,1385,General Cargo
R4928,Kochi,Port Said,6020,20,2,Alternative,1520,General Cargo
R4929,Kochi,Port Said,6075,21,1,Alternative,1445,General Cargo
R4930,Kochi,Port Said,6150,22,0,Standard,1600,General Cargo
R4931,Mundra,Durban,8700,27,0,Standard,2040,Electronics
R4932,Mundra,Durban,8775,28,1,Alternative,1965,Electronics
R4933,Mundra,Durban,8820,28,2,Alternative,2100,Electronics
R4934,Mundra,Durban,8875,29,1,Alternative,2025,Electronics
R4935,Mundra,Durban,8950,30,0,Standard,2180,Electronics
R4936,Mundra,Durban,8700,27,0,Standard,2440,Automotive
R4937,Mundra,Durban,8775,28,1,Alternative,2365,Automotive
R4938,Mundra,Durban,8820,28,2,Alternative,2500,Automotive
R4939,Mundra,Durban,8875,29,1,Alternative,2425,Automotive
R4940,Mundra,Durban,8950,30,0,Standard,2580,Automotive
R4941,Mundra,Durban,8700,27,0,Standard,2290,Machinery and Equipment
R4942,Mundra,Durban,8775,28,1,Alternative,2215,Machinery and Equipment
R4943,Mundra,Durban,8820,28,2,Alternative,2350,Machinery and Equipment
R4944,Mundra,Durban,8875,29,1,Alternative,2275,Machinery and Equipment
R4945,Mundra,Durban,8950,30,0,Standard,2430,Machinery and Equipment
R4946,Mundra,Durban,8700,27,0,Standard,1840,General Cargo
R4947,Mundra,Durban,8775,28,1,Alternative,1765,General Cargo
R4948,Mundra,Durban,8820,28,2,Alternative,1900,General Cargo
R4949,Mundra,Durban,8875,29,1,Alternative,1825,General Cargo
R4950,Mundra,Durban,8950,30,0,Standard,1980,General Cargo
R4951,Mundra,Singapore,7600,24,0,Standard,1840,Electronics
R4952,Mundra,Singapore,7675,25,1,Alternative,1765,Electronics
R4953,Mundra,Singapore,7720,25,2,Alternative,1900,Electronics
R4954,Mundra,Singapore,7775,26,1,Alternative,1825,Electronics
R4955,Mundra,Singapore,7850,27,0,Standard,1980,Electronics
R4956,Mundra,Singapore,7600,24,0,Standard,2240,Automotive
R4957,Mundra,Singapore,7675,25,1,Alternative,2165,Automotive
R4958,Mundra,Singapore,7720,25,2,Alternative,2300,Automotive
R4959,Mundra,Singapore,7775,26,1,Alternative,2225,Automotive
R4960,Mundra,Singapore,7850,27,0,Standard,2380,Automotive
R4961,Mundra,Singapore,7600,24,0,Standard,2090,Machinery and Equipment
R4962,Mundra,Singapore,7675,25,1,Alternative,2015,Machinery and Equipment
R4963,Mundra,Singapore,7720,25,2,Alternative,2150,Machinery and Equipment
R4964,Mundra,Singapore,7775,26,1,Alternative,2075,Machinery and Equipment
R4965,Mundra,Singapore,7850,27,0,Standard,2230,Machinery and Equipment
R4966,Mundra,Singapore,7600,24,0,Standard,1720,General Cargo
R4967,Mundra,Singapore,7675,25,1,Alternative,1645,General Cargo
R4968,Mundra,Singapore,7720,25,2,Alternative,1780,General Cargo
R4969,Mundra,Singapore,7775,26,1,Alternative,1705,General Cargo
R4970,Mundra,Singapore,7850,27,0,Standard,1860,General Cargo
R4971,Paradip,Durban,9900,30,0,Standard,2160,Electronics
R4972,Paradip,Durban,9975,31,1,Alternative,2085,Electronics
R4973,Paradip,Durban,10020,31,2,Alternative,2220,Electronics
R4974,Paradip,Durban,10075,32,1,Alternative,2145,Electronics
R4975,Paradip,Durban,10150,33,0,Standard,2300,Electronics
R4976,Paradip,Durban,9900,30,0,Standard,2560,Automotive
R4977,Paradip,Durban,9975,31,1,Alternative,2485,Automotive
R4978,Paradip,Durban,10020,31,2,Alternative,2620,Automotive
R4979,Paradip,Durban,10075,32,1,Alternative,2545,Automotive
R4980,Paradip,Durban,10150,33,0,Standard,2700,Automotive
R4981,Paradip,Durban,9900,30,0,Standard,2410,Machinery and Equipment
R4982,Paradip,Durban,9975,31,1,Alternative,2335,Machinery and Equipment
R4983,Paradip,Durban,10020,31,2,Alternative,2470,Machinery and Equipment
R4984,Paradip,Durban,10075,32,1,Alternative,2395,Machinery and Equipment
R4985,Paradip,Durban,10150,33,0,Standard,2550,Machinery and Equipment
R4986,Paradip,Durban,9900,30,0,Standard,1920,General Cargo
R4987,Paradip,Durban,9975,31,1,Alternative,1845,General Cargo
R4988,Paradip,Durban,10020,31,2,Alternative,1980,General Cargo
R4989,Paradip,Durban,10075,32,1,Alternative,1905,General Cargo
R4990,Paradip,Durban,10150,33,0,Standard,2060,General Cargo
R4991,Paradip,Singapore,3800,13,0,Standard,1240,Electronics
R4992,Paradip,Singapore,3875,14,1,Alternative,1165,Electronics
R4993,Paradip,Singapore,3920,14,2,Alternative,1300,Electronics
R4994,Paradip,Singapore,3975,15,1,Alternative,1225,Electronics
R4995,Paradip,Singapore,4050,16,0,Standard,1380,Electronics
R4996,Paradip,Singapore,3800,13,0,Standard,1500,Automotive
R4997,Paradip,Singapore,3875,14,1,Alternative,1425,Automotive
R4998,Paradip,Singapore,3920,14,2,Alternative,1560,Automotive
R4999,Paradip,Singapore,3975,15,1,Alternative,1485,Automotive
R5000,Paradip,Singapore,4050,16,0,Standard,1640,Automotive
