weather_id,route_id,wind_speed_knots,wave_height_m,visibility_km,storm_probability,weather_condition
W001,R001,18,1.8,18,8,Good
W002,R002,22,2.4,15,15,Good
W003,R003,27,3.1,12,22,Moderate
W004,R004,31,3.8,10,30,Moderate
W005,R005,35,4.6,7,42,Stormy
W006,R006,24,2.8,14,18,Good
W007,R007,29,3.4,9,28,Moderate
W008,R008,38,5.0,6,48,Stormy
W009,R009,20,2.1,16,10,Good
W010,R010,33,4.1,8,35,Moderate
W011,R011,18,1.8,18,8,Good
W012,R012,22,2.4,15,15,Good
W013,R013,27,3.1,12,22,Moderate
W014,R014,31,3.8,10,30,Moderate
W015,R015,35,4.6,7,42,Stormy
W016,R016,24,2.8,14,18,Good
W017,R017,29,3.4,9,28,Moderate
W018,R018,38,5.0,6,48,Stormy
W019,R019,20,2.1,16,10,Good
W020,R020,33,4.1,8,35,Moderate
W021,R021,18,1.8,18,8,Good
W022,R022,22,2.4,15,15,Good
W023,R023,27,3.1,12,22,Moderate
W024,R024,31,3.8,10,30,Moderate
W025,R025,35,4.6,7,42,Stormy
W026,R026,25,3.0,13,20,Moderate
W027,R027,30,3.6,8,30,Moderate
W028,R028,39,5.2,5,50,Stormy
W029,R029,21,2.3,15,12,Good
W030,R030,34,4.3,7,37,Moderate
W031,R031,19,2.0,17,10,Good
W032,R032,23,2.6,14,17,Good
W033,R033,28,3.3,11,24,Moderate
W034,R034,32,4.0,9,32,Moderate
W035,R035,36,4.8,6,44,Stormy
W036,R036,25,3.0,13,20,Moderate
W037,R037,30,3.6,8,30,Moderate
W038,R038,39,5.2,5,50,Stormy
W039,R039,21,2.3,15,12,Good
W040,R040,34,4.3,7,37,Moderate
W041,R041,19,2.0,17,10,Good
W042,R042,23,2.6,14,17,Good
W043,R043,28,3.3,11,24,Moderate
W044,R044,32,4.0,9,32,Moderate
W045,R045,36,4.8,6,44,Stormy
W046,R046,25,3.0,13,20,Moderate
W047,R047,30,3.6,8,30,Moderate
W048,R048,39,5.2,5,50,Stormy
W049,R049,21,2.3,15,12,Good
W050,R050,34,4.3,7,37,Moderate
W051,R051,20,1.8,16,12,Good
W052,R052,24,2.4,13,19,Good
W053,R053,29,3.1,10,26,Moderate
W054,R054,33,3.8,8,34,Moderate
W055,R055,37,4.6,5,46,Stormy
W056,R056,26,2.8,12,22,Good
W057,R057,31,3.4,7,32,Moderate
W058,R058,40,5.0,4,52,Stormy
W059,R059,22,2.1,14,14,Good
W060,R060,35,4.1,6,39,Stormy
W061,R061,20,1.8,16,12,Good
W062,R062,24,2.4,13,19,Good
W063,R063,29,3.1,10,26,Moderate
W064,R064,33,3.8,8,34,Moderate
W065,R065,37,4.6,5,46,Stormy
W066,R066,26,2.8,12,22,Good
W067,R067,31,3.4,7,32,Moderate
W068,R068,40,5.0,4,52,Stormy
W069,R069,22,2.1,14,14,Good
W070,R070,35,4.1,6,39,Stormy
W071,R071,20,1.8,16,12,Good
W072,R072,24,2.4,13,19,Good
W073,R073,29,3.1,10,26,Moderate
W074,R074,33,3.8,8,34,Moderate
W075,R075,37,4.6,5,46,Stormy
W076,R076,24,3.0,11,24,Moderate
W077,R077,29,3.6,6,34,Moderate
W078,R078,38,5.2,3,54,Stormy
W079,R079,20,2.3,13,16,Good
W080,R080,33,4.3,5,41,Stormy
W081,R081,18,2.0,15,14,Good
W082,R082,22,2.6,12,21,Good
W083,R083,27,3.3,9,28,Moderate
W084,R084,31,4.0,7,36,Moderate
W085,R085,35,4.8,4,48,Stormy
W086,R086,24,3.0,11,24,Moderate
W087,R087,29,3.6,6,34,Moderate
W088,R088,38,5.2,3,54,Stormy
W089,R089,20,2.3,13,16,Good
W090,R090,33,4.3,5,41,Stormy
W091,R091,18,2.0,15,14,Good
W092,R092,22,2.6,12,21,Good
W093,R093,27,3.3,9,28,Moderate
W094,R094,31,4.0,7,36,Moderate
W095,R095,35,4.8,4,48,Stormy
W096,R096,24,3.0,11,24,Moderate
W097,R097,29,3.6,6,34,Moderate
W098,R098,38,5.2,3,54,Stormy
W099,R099,20,2.3,13,16,Good
W100,R100,33,4.3,5,41,Stormy
W101,R101,19,1.8,18,8,Good
W102,R102,23,2.4,15,15,Good
W103,R103,28,3.1,12,22,Moderate
W104,R104,32,3.8,10,30,Moderate
W105,R105,36,4.6,7,42,Stormy
W106,R106,25,2.8,14,18,Good
W107,R107,30,3.4,9,28,Moderate
W108,R108,39,5.0,6,48,Stormy
W109,R109,21,2.1,16,10,Good
W110,R110,34,4.1,8,35,Moderate
W111,R111,19,1.8,18,8,Good
W112,R112,23,2.4,15,15,Good
W113,R113,28,3.1,12,22,Moderate
W114,R114,32,3.8,10,30,Moderate
W115,R115,36,4.6,7,42,Stormy
W116,R116,25,2.8,14,18,Good
W117,R117,30,3.4,9,28,Moderate
W118,R118,39,5.0,6,48,Stormy
W119,R119,21,2.1,16,10,Good
W120,R120,34,4.1,8,35,Moderate
W121,R121,19,1.8,18,8,Good
W122,R122,23,2.4,15,15,Good
W123,R123,28,3.1,12,22,Moderate
W124,R124,32,3.8,10,30,Moderate
W125,R125,36,4.6,7,42,Stormy
W126,R126,26,3.0,13,20,Moderate
W127,R127,31,3.6,8,30,Moderate
W128,R128,40,5.2,5,50,Stormy
W129,R129,22,2.3,15,12,Good
W130,R130,35,4.3,7,37,Stormy
W131,R131,20,2.0,17,10,Good
W132,R132,24,2.6,14,17,Good
W133,R133,29,3.3,11,24,Moderate
W134,R134,33,4.0,9,32,Moderate
W135,R135,37,4.8,6,44,Stormy
W136,R136,26,3.0,13,20,Moderate
W137,R137,31,3.6,8,30,Moderate
W138,R138,40,5.2,5,50,Stormy
W139,R139,22,2.3,15,12,Good
W140,R140,35,4.3,7,37,Stormy
W141,R141,20,2.0,17,10,Good
W142,R142,24,2.6,14,17,Good
W143,R143,29,3.3,11,24,Moderate
W144,R144,33,4.0,9,32,Moderate
W145,R145,37,4.8,6,44,Stormy
W146,R146,26,3.0,13,20,Moderate
W147,R147,31,3.6,8,30,Moderate
W148,R148,40,5.2,5,50,Stormy
W149,R149,22,2.3,15,12,Good
W150,R150,35,4.3,7,37,Stormy
W151,R151,18,1.8,16,12,Good
W152,R152,22,2.4,13,19,Good
W153,R153,27,3.1,10,26,Moderate
W154,R154,31,3.8,8,34,Moderate
W155,R155,35,4.6,5,46,Stormy
W156,R156,24,2.8,12,22,Good
W157,R157,29,3.4,7,32,Moderate
W158,R158,38,5.0,4,52,Stormy
W159,R159,20,2.1,14,14,Good
W160,R160,33,4.1,6,39,Moderate
W161,R161,18,1.8,16,12,Good
W162,R162,22,2.4,13,19,Good
W163,R163,27,3.1,10,26,Moderate
W164,R164,31,3.8,8,34,Moderate
W165,R165,35,4.6,5,46,Stormy
W166,R166,24,2.8,12,22,Good
W167,R167,29,3.4,7,32,Moderate
W168,R168,38,5.0,4,52,Stormy
W169,R169,20,2.1,14,14,Good
W170,R170,33,4.1,6,39,Moderate
W171,R171,18,1.8,16,12,Good
W172,R172,22,2.4,13,19,Good
W173,R173,27,3.1,10,26,Moderate
W174,R174,31,3.8,8,34,Moderate
W175,R175,35,4.6,5,46,Stormy
W176,R176,25,3.0,11,24,Moderate
W177,R177,30,3.6,6,34,Moderate
W178,R178,39,5.2,3,54,Stormy
W179,R179,21,2.3,13,16,Good
W180,R180,34,4.3,5,41,Stormy
W181,R181,19,2.0,15,14,Good
W182,R182,23,2.6,12,21,Good
W183,R183,28,3.3,9,28,Moderate
W184,R184,32,4.0,7,36,Moderate
W185,R185,36,4.8,4,48,Stormy
W186,R186,25,3.0,11,24,Moderate
W187,R187,30,3.6,6,34,Moderate
W188,R188,39,5.2,3,54,Stormy
W189,R189,21,2.3,13,16,Good
W190,R190,34,4.3,5,41,Stormy
W191,R191,19,2.0,15,14,Good
W192,R192,23,2.6,12,21,Good
W193,R193,28,3.3,9,28,Moderate
W194,R194,32,4.0,7,36,Moderate
W195,R195,36,4.8,4,48,Stormy
W196,R196,25,3.0,11,24,Moderate
W197,R197,30,3.6,6,34,Moderate
W198,R198,39,5.2,3,54,Stormy
W199,R199,21,2.3,13,16,Good
W200,R200,34,4.3,5,41,Stormy
W201,R201,20,1.8,18,8,Good
W202,R202,24,2.4,15,15,Good
W203,R203,29,3.1,12,22,Moderate
W204,R204,33,3.8,10,30,Moderate
W205,R205,37,4.6,7,42,Stormy
W206,R206,26,2.8,14,18,Good
W207,R207,31,3.4,9,28,Moderate
W208,R208,40,5.0,6,48,Stormy
W209,R209,22,2.1,16,10,Good
W210,R210,35,4.1,8,35,Moderate
W211,R211,20,1.8,18,8,Good
W212,R212,24,2.4,15,15,Good
W213,R213,29,3.1,12,22,Moderate
W214,R214,33,3.8,10,30,Moderate
W215,R215,37,4.6,7,42,Stormy
W216,R216,26,2.8,14,18,Good
W217,R217,31,3.4,9,28,Moderate
W218,R218,40,5.0,6,48,Stormy
W219,R219,22,2.1,16,10,Good
W220,R220,35,4.1,8,35,Moderate
W221,R221,20,1.8,18,8,Good
W222,R222,24,2.4,15,15,Good
W223,R223,29,3.1,12,22,Moderate
W224,R224,33,3.8,10,30,Moderate
W225,R225,37,4.6,7,42,Stormy
W226,R226,24,3.0,13,20,Good
W227,R227,29,3.6,8,30,Moderate
W228,R228,38,5.2,5,50,Stormy
W229,R229,20,2.3,15,12,Good
W230,R230,33,4.3,7,37,Moderate
W231,R231,18,2.0,17,10,Good
W232,R232,22,2.6,14,17,Good
W233,R233,27,3.3,11,24,Moderate
W234,R234,31,4.0,9,32,Moderate
W235,R235,35,4.8,6,44,Stormy
W236,R236,24,3.0,13,20,Good
W237,R237,29,3.6,8,30,Moderate
W238,R238,38,5.2,5,50,Stormy
W239,R239,20,2.3,15,12,Good
W240,R240,33,4.3,7,37,Moderate
W241,R241,18,2.0,17,10,Good
W242,R242,22,2.6,14,17,Good
W243,R243,27,3.3,11,24,Moderate
W244,R244,31,4.0,9,32,Moderate
W245,R245,35,4.8,6,44,Stormy
W246,R246,24,3.0,13,20,Good
W247,R247,29,3.6,8,30,Moderate
W248,R248,38,5.2,5,50,Stormy
W249,R249,20,2.3,15,12,Good
W250,R250,33,4.3,7,37,Moderate
W251,R251,19,1.8,18,8,Good
W252,R252,23,2.4,15,15,Good
W253,R253,28,3.1,12,22,Moderate
W254,R254,32,3.8,10,30,Moderate
W255,R255,36,4.6,7,42,Stormy
W256,R256,25,2.8,14,18,Good
W257,R257,30,3.4,9,28,Moderate
W258,R258,39,5.0,6,48,Stormy
W259,R259,21,2.1,16,10,Good
W260,R260,34,4.1,8,35,Moderate
W261,R261,19,1.8,18,8,Good
W262,R262,23,2.4,15,15,Good
W263,R263,28,3.1,12,22,Moderate
W264,R264,32,3.8,10,30,Moderate
W265,R265,36,4.6,7,42,Stormy
W266,R266,25,2.8,14,18,Good
W267,R267,30,3.4,9,28,Moderate
W268,R268,39,5.0,6,48,Stormy
W269,R269,21,2.1,16,10,Good
W270,R270,34,4.1,8,35,Moderate
W271,R271,19,1.8,18,8,Good
W272,R272,23,2.4,15,15,Good
W273,R273,28,3.1,12,22,Moderate
W274,R274,32,3.8,10,30,Moderate
W275,R275,36,4.6,7,42,Stormy
W276,R276,25,2.8,14,18,Good
W277,R277,30,3.4,9,28,Moderate
W278,R278,39,5.0,6,48,Stormy
W279,R279,21,2.1,16,10,Good
W280,R280,34,4.1,8,35,Moderate
W281,R281,20,2.0,17,10,Good
W282,R282,24,2.6,14,17,Good
W283,R283,29,3.3,11,24,Moderate
W284,R284,33,4.0,9,32,Moderate
W285,R285,37,4.8,6,44,Stormy
W286,R286,26,3.0,13,20,Moderate
W287,R287,31,3.6,8,30,Moderate
W288,R288,40,5.2,5,50,Stormy
W289,R289,22,2.3,15,12,Good
W290,R290,35,4.3,7,37,Stormy
W291,R291,20,2.0,17,10,Good
W292,R292,24,2.6,14,17,Good
W293,R293,29,3.3,11,24,Moderate
W294,R294,33,4.0,9,32,Moderate
W295,R295,37,4.8,6,44,Stormy
W296,R296,26,3.0,13,20,Moderate
W297,R297,31,3.6,8,30,Moderate
W298,R298,40,5.2,5,50,Stormy
W299,R299,22,2.3,15,12,Good
W300,R300,35,4.3,7,37,Stormy
W301,R301,18,1.8,16,12,Good
W302,R302,22,2.4,13,19,Good
W303,R303,27,3.1,10,26,Moderate
W304,R304,31,3.8,8,34,Moderate
W305,R305,35,4.6,5,46,Stormy
W306,R306,24,2.8,12,22,Good
W307,R307,29,3.4,7,32,Moderate
W308,R308,38,5.0,4,52,Stormy
W309,R309,20,2.1,14,14,Good
W310,R310,33,4.1,6,39,Moderate
W311,R311,18,1.8,16,12,Good
W312,R312,22,2.4,13,19,Good
W313,R313,27,3.1,10,26,Moderate
W314,R314,31,3.8,8,34,Moderate
W315,R315,35,4.6,5,46,Stormy
W316,R316,24,2.8,12,22,Good
W317,R317,29,3.4,7,32,Moderate
W318,R318,38,5.0,4,52,Stormy
W319,R319,20,2.1,14,14,Good
W320,R320,33,4.1,6,39,Moderate
W321,R321,18,1.8,16,12,Good
W322,R322,22,2.4,13,19,Good
W323,R323,27,3.1,10,26,Moderate
W324,R324,31,3.8,8,34,Moderate
W325,R325,35,4.6,5,46,Stormy
W326,R326,24,2.8,12,22,Good
W327,R327,29,3.4,7,32,Moderate
W328,R328,38,5.0,4,52,Stormy
W329,R329,20,2.1,14,14,Good
W330,R330,33,4.1,6,39,Moderate
W331,R331,18,1.8,16,12,Good
W332,R332,22,2.4,13,19,Good
W333,R333,27,3.1,10,26,Moderate
W334,R334,31,3.8,8,34,Moderate
W335,R335,35,4.6,5,46,Stormy
W336,R336,24,2.8,12,22,Good
W337,R337,29,3.4,7,32,Moderate
W338,R338,38,5.0,4,52,Stormy
W339,R339,20,2.1,14,14,Good
W340,R340,33,4.1,6,39,Moderate
W341,R341,19,2.0,15,14,Good
W342,R342,23,2.6,12,21,Good
W343,R343,28,3.3,9,28,Moderate
W344,R344,32,4.0,7,36,Moderate
W345,R345,36,4.8,4,48,Stormy
W346,R346,25,3.0,11,24,Moderate
W347,R347,30,3.6,6,34,Moderate
W348,R348,39,5.2,3,54,Stormy
W349,R349,21,2.3,13,16,Good
W350,R350,34,4.3,5,41,Stormy
W351,R351,19,2.0,15,14,Good
W352,R352,23,2.6,12,21,Good
W353,R353,28,3.3,9,28,Moderate
W354,R354,32,4.0,7,36,Moderate
W355,R355,36,4.8,4,48,Stormy
W356,R356,25,3.0,11,24,Moderate
W357,R357,30,3.6,6,34,Moderate
W358,R358,39,5.2,3,54,Stormy
W359,R359,21,2.3,13,16,Good
W360,R360,34,4.3,5,41,Stormy
W361,R361,20,1.8,18,8,Good
W362,R362,24,2.4,15,15,Good
W363,R363,29,3.1,12,22,Moderate
W364,R364,33,3.8,10,30,Moderate
W365,R365,37,4.6,7,42,Stormy
W366,R366,26,2.8,14,18,Good
W367,R367,31,3.4,9,28,Moderate
W368,R368,40,5.0,6,48,Stormy
W369,R369,22,2.1,16,10,Good
W370,R370,35,4.1,8,35,Moderate
W371,R371,20,1.8,18,8,Good
W372,R372,24,2.4,15,15,Good
W373,R373,29,3.1,12,22,Moderate
W374,R374,33,3.8,10,30,Moderate
W375,R375,37,4.6,7,42,Stormy
W376,R376,26,2.8,14,18,Good
W377,R377,31,3.4,9,28,Moderate
W378,R378,40,5.0,6,48,Stormy
W379,R379,22,2.1,16,10,Good
W380,R380,35,4.1,8,35,Moderate
W381,R381,20,1.8,18,8,Good
W382,R382,24,2.4,15,15,Good
W383,R383,29,3.1,12,22,Moderate
W384,R384,33,3.8,10,30,Moderate
W385,R385,37,4.6,7,42,Stormy
W386,R386,26,2.8,14,18,Good
W387,R387,31,3.4,9,28,Moderate
W388,R388,40,5.0,6,48,Stormy
W389,R389,22,2.1,16,10,Good
W390,R390,35,4.1,8,35,Moderate
W391,R391,20,1.8,18,8,Good
W392,R392,24,2.4,15,15,Good
W393,R393,29,3.1,12,22,Moderate
W394,R394,33,3.8,10,30,Moderate
W395,R395,37,4.6,7,42,Stormy
W396,R396,26,2.8,14,18,Good
W397,R397,31,3.4,9,28,Moderate
W398,R398,40,5.0,6,48,Stormy
W399,R399,22,2.1,16,10,Good
W400,R400,35,4.1,8,35,Moderate
W401,R401,18,1.8,17,10,Good
W402,R402,22,2.4,14,17,Good
W403,R403,27,3.1,11,24,Moderate
W404,R404,31,3.8,9,32,Moderate
W405,R405,35,4.6,6,44,Stormy
W406,R406,24,2.8,13,20,Good
W407,R407,29,3.4,8,30,Moderate
W408,R408,38,5.0,5,50,Stormy
W409,R409,20,2.1,15,12,Good
W410,R410,33,4.1,7,37,Moderate
W411,R411,18,1.8,17,10,Good
W412,R412,22,2.4,14,17,Good
W413,R413,27,3.1,11,24,Moderate
W414,R414,31,3.8,9,32,Moderate
W415,R415,35,4.6,6,44,Stormy
W416,R416,24,2.8,13,20,Good
W417,R417,29,3.4,8,30,Moderate
W418,R418,38,5.0,5,50,Stormy
W419,R419,20,2.1,15,12,Good
W420,R420,33,4.1,7,37,Moderate
W421,R421,18,1.8,17,10,Good
W422,R422,22,2.4,14,17,Good
W423,R423,27,3.1,11,24,Moderate
W424,R424,31,3.8,9,32,Moderate
W425,R425,35,4.6,6,44,Stormy
W426,R426,24,2.8,13,20,Good
W427,R427,29,3.4,8,30,Moderate
W428,R428,38,5.0,5,50,Stormy
W429,R429,20,2.1,15,12,Good
W430,R430,33,4.1,7,37,Moderate
W431,R431,18,1.8,17,10,Good
W432,R432,22,2.4,14,17,Good
W433,R433,27,3.1,11,24,Moderate
W434,R434,31,3.8,9,32,Moderate
W435,R435,35,4.6,6,44,Stormy
W436,R436,24,2.8,13,20,Good
W437,R437,29,3.4,8,30,Moderate
W438,R438,38,5.0,5,50,Stormy
W439,R439,20,2.1,15,12,Good
W440,R440,33,4.1,7,37,Moderate
W441,R441,19,2.0,18,8,Good
W442,R442,23,2.6,15,15,Good
W443,R443,28,3.3,12,22,Moderate
W444,R444,32,4.0,10,30,Moderate
W445,R445,36,4.8,7,42,Stormy
W446,R446,25,3.0,14,18,Moderate
W447,R447,30,3.6,9,28,Moderate
W448,R448,39,5.2,6,48,Stormy
W449,R449,21,2.3,16,10,Good
W450,R450,34,4.3,8,35,Moderate
W451,R451,19,2.0,18,8,Good
W452,R452,23,2.6,15,15,Good
W453,R453,28,3.3,12,22,Moderate
W454,R454,32,4.0,10,30,Moderate
W455,R455,36,4.8,7,42,Stormy
W456,R456,25,3.0,14,18,Moderate
W457,R457,30,3.6,9,28,Moderate
W458,R458,39,5.2,6,48,Stormy
W459,R459,21,2.3,16,10,Good
W460,R460,34,4.3,8,35,Moderate
W461,R461,19,2.0,18,8,Good
W462,R462,23,2.6,15,15,Good
W463,R463,28,3.3,12,22,Moderate
W464,R464,32,4.0,10,30,Moderate
W465,R465,36,4.8,7,42,Stormy
W466,R466,25,3.0,14,18,Moderate
W467,R467,30,3.6,9,28,Moderate
W468,R468,39,5.2,6,48,Stormy
W469,R469,21,2.3,16,10,Good
W470,R470,34,4.3,8,35,Moderate
W471,R471,19,2.0,18,8,Good
W472,R472,23,2.6,15,15,Good
W473,R473,28,3.3,12,22,Moderate
W474,R474,32,4.0,10,30,Moderate
W475,R475,36,4.8,7,42,Stormy
W476,R476,25,3.0,14,18,Moderate
W477,R477,30,3.6,9,28,Moderate
W478,R478,39,5.2,6,48,Stormy
W479,R479,21,2.3,16,10,Good
W480,R480,34,4.3,8,35,Moderate
W481,R481,20,1.8,18,8,Good
W482,R482,24,2.4,15,15,Good
W483,R483,29,3.1,12,22,Moderate
W484,R484,33,3.8,10,30,Moderate
W485,R485,37,4.6,7,42,Stormy
W486,R486,26,2.8,14,18,Good
W487,R487,31,3.4,9,28,Moderate
W488,R488,40,5.0,6,48,Stormy
W489,R489,22,2.1,16,10,Good
W490,R490,35,4.1,8,35,Moderate
W491,R491,20,1.8,18,8,Good
W492,R492,24,2.4,15,15,Good
W493,R493,29,3.1,12,22,Moderate
W494,R494,33,3.8,10,30,Moderate
W495,R495,37,4.6,7,42,Stormy
W496,R496,26,2.8,14,18,Good
W497,R497,31,3.4,9,28,Moderate
W498,R498,40,5.0,6,48,Stormy
W499,R499,22,2.1,16,10,Good
W500,R500,35,4.1,8,35,Moderate
W501,R501,18,1.8,16,12,Good
W502,R502,22,2.4,13,19,Good
W503,R503,27,3.1,10,26,Moderate
W504,R504,31,3.8,8,34,Moderate
W505,R505,35,4.6,5,46,Stormy
W506,R506,24,2.8,12,22,Good
W507,R507,29,3.4,7,32,Moderate
W508,R508,38,5.0,4,52,Stormy
W509,R509,20,2.1,14,14,Good
W510,R510,33,4.1,6,39,Moderate
W511,R511,19,2.0,15,14,Good
W512,R512,23,2.6,12,21,Good
W513,R513,28,3.3,9,28,Moderate
W514,R514,32,4.0,7,36,Moderate
W515,R515,36,4.8,4,48,Stormy
W516,R516,25,3.0,11,24,Moderate
W517,R517,30,3.6,6,34,Moderate
W518,R518,39,5.2,3,54,Stormy
W519,R519,21,2.3,13,16,Good
W520,R520,34,4.3,5,41,Stormy
W521,R521,26,3.0,13,20,Moderate
W522,R522,37,4.6,7,42,Stormy
W523,R523,40,5.2,5,50,Stormy
W524,R524,22,2.3,15,12,Good
W525,R525,18,1.8,16,12,Good
W526,R526,22,2.4,13,19,Good
W527,R527,27,3.1,10,26,Moderate
W528,R528,31,3.8,8,34,Moderate
W529,R529,35,4.6,5,46,Stormy
W530,R530,24,2.8,12,22,Good
W531,R531,29,3.4,7,32,Moderate
W532,R532,38,5.0,4,52,Stormy
W533,R533,20,2.1,14,14,Good
W534,R534,33,4.1,6,39,Moderate
W535,R535,19,2.0,15,14,Good
W536,R536,23,2.6,12,21,Good
W537,R537,28,3.3,9,28,Moderate
W538,R538,32,4.0,7,36,Moderate
W539,R539,36,4.8,4,48,Stormy
W540,R540,25,3.0,11,24,Moderate
W541,R541,30,3.6,6,34,Moderate
W542,R542,39,5.2,3,54,Stormy
W543,R543,21,2.3,13,16,Good
W544,R544,34,4.3,5,41,Stormy
W545,R545,26,3.0,13,20,Moderate
W546,R546,37,4.6,7,42,Stormy
W547,R547,40,5.2,5,50,Stormy
W548,R548,22,2.3,15,12,Good
W549,R549,18,1.8,16,12,Good
W550,R550,22,2.4,13,19,Good
W551,R551,27,3.1,10,26,Moderate
W552,R552,31,3.8,8,34,Moderate
W553,R553,35,4.6,5,46,Stormy
W554,R554,24,2.8,12,22,Good
W555,R555,29,3.4,7,32,Moderate
W556,R556,38,5.0,4,52,Stormy
W557,R557,20,2.1,14,14,Good
W558,R558,33,4.1,6,39,Moderate
W559,R559,19,2.0,15,14,Good
W560,R560,23,2.6,12,21,Good
W561,R561,28,3.3,9,28,Moderate
W562,R562,32,4.0,7,36,Moderate
W563,R563,36,4.8,4,48,Stormy
W564,R564,25,3.0,11,24,Moderate
W565,R565,30,3.6,6,34,Moderate
W566,R566,39,5.2,3,54,Stormy
W567,R567,21,2.3,13,16,Good
W568,R568,34,4.3,5,41,Stormy
W569,R569,26,3.0,13,20,Moderate
W570,R570,37,4.6,7,42,Stormy
W571,R571,40,5.2,5,50,Stormy
W572,R572,22,2.3,15,12,Good
W573,R573,18,1.8,16,12,Good
W574,R574,22,2.4,13,19,Good
W575,R575,27,3.1,10,26,Moderate
W576,R576,31,3.8,8,34,Moderate
W577,R577,35,4.6,5,46,Stormy
W578,R578,24,2.8,12,22,Good
W579,R579,29,3.4,7,32,Moderate
W580,R580,38,5.0,4,52,Stormy
W581,R581,20,2.1,14,14,Good
W582,R582,33,4.1,6,39,Moderate
W583,R583,19,2.0,15,14,Good
W584,R584,23,2.6,12,21,Good
W585,R585,28,3.3,9,28,Moderate
W586,R586,32,4.0,7,36,Moderate
W587,R587,36,4.8,4,48,Stormy
W588,R588,25,3.0,11,24,Moderate
W589,R589,30,3.6,6,34,Moderate
W590,R590,39,5.2,3,54,Stormy
W591,R591,21,2.3,13,16,Good
W592,R592,34,4.3,5,41,Stormy
W593,R593,26,3.0,13,20,Moderate
W594,R594,37,4.6,7,42,Stormy
W595,R595,40,5.2,5,50,Stormy
W596,R596,22,2.3,15,12,Good
W597,R597,18,1.8,16,12,Good
W598,R598,22,2.4,13,19,Good
W599,R599,27,3.1,10,26,Moderate
W600,R600,31,3.8,8,34,Moderate
W601,R601,35,4.6,5,46,Stormy
W602,R602,24,2.8,12,22,Good
W603,R603,29,3.4,7,32,Moderate
W604,R604,38,5.0,4,52,Stormy
W605,R605,20,2.1,14,14,Good
W606,R606,33,4.1,6,39,Moderate
W607,R607,19,2.0,15,14,Good
W608,R608,23,2.6,12,21,Good
W609,R609,28,3.3,9,28,Moderate
W610,R610,32,4.0,7,36,Moderate
W611,R611,36,4.8,4,48,Stormy
W612,R612,25,3.0,11,24,Moderate
W613,R613,30,3.6,6,34,Moderate
W614,R614,39,5.2,3,54,Stormy
W615,R615,21,2.3,13,16,Good
W616,R616,34,4.3,5,41,Stormy
W617,R617,26,3.0,13,20,Moderate
W618,R618,37,4.6,7,42,Stormy
W619,R619,40,5.2,5,50,Stormy
W620,R620,22,2.3,15,12,Good
W621,R621,18,1.8,16,12,Good
W622,R622,22,2.4,13,19,Good
W623,R623,27,3.1,10,26,Moderate
W624,R624,31,3.8,8,34,Moderate
W625,R625,35,4.6,5,46,Stormy
W626,R626,24,2.8,12,22,Good
W627,R627,29,3.4,7,32,Moderate
W628,R628,38,5.0,4,52,Stormy
W629,R629,20,2.1,14,14,Good
W630,R630,33,4.1,6,39,Moderate
W631,R631,19,2.0,15,14,Good
W632,R632,23,2.6,12,21,Good
W633,R633,28,3.3,9,28,Moderate
W634,R634,32,4.0,7,36,Moderate
W635,R635,36,4.8,4,48,Stormy
W636,R636,25,3.0,11,24,Moderate
W637,R637,30,3.6,6,34,Moderate
W638,R638,39,5.2,3,54,Stormy
W639,R639,21,2.3,13,16,Good
W640,R640,34,4.3,5,41,Stormy
W641,R641,26,3.0,13,20,Moderate
W642,R642,37,4.6,7,42,Stormy
W643,R643,40,5.2,5,50,Stormy
W644,R644,22,2.3,15,12,Good
W645,R645,18,1.8,16,12,Good
W646,R646,22,2.4,13,19,Good
W647,R647,27,3.1,10,26,Moderate
W648,R648,31,3.8,8,34,Moderate
W649,R649,35,4.6,5,46,Stormy
W650,R650,24,2.8,12,22,Good
W651,R651,29,3.4,7,32,Moderate
W652,R652,38,5.0,4,52,Stormy
W653,R653,20,2.1,14,14,Good
W654,R654,33,4.1,6,39,Moderate
W655,R655,19,2.0,15,14,Good
W656,R656,23,2.6,12,21,Good
W657,R657,28,3.3,9,28,Moderate
W658,R658,32,4.0,7,36,Moderate
W659,R659,36,4.8,4,48,Stormy
W660,R660,25,3.0,11,24,Moderate
W661,R661,30,3.6,6,34,Moderate
W662,R662,39,5.2,3,54,Stormy
W663,R663,21,2.3,13,16,Good
W664,R664,34,4.3,5,41,Stormy
W665,R665,26,3.0,13,20,Moderate
W666,R666,37,4.6,7,42,Stormy
W667,R667,40,5.2,5,50,Stormy
W668,R668,22,2.3,15,12,Good
W669,R669,18,1.8,16,12,Good
W670,R670,22,2.4,13,19,Good
W671,R671,27,3.1,10,26,Moderate
W672,R672,31,3.8,8,34,Moderate
W673,R673,35,4.6,5,46,Stormy
W674,R674,24,2.8,12,22,Good
W675,R675,29,3.4,7,32,Moderate
W676,R676,38,5.0,4,52,Stormy
W677,R677,20,2.1,14,14,Good
W678,R678,33,4.1,6,39,Moderate
W679,R679,19,2.0,15,14,Good
W680,R680,23,2.6,12,21,Good
W681,R681,28,3.3,9,28,Moderate
W682,R682,32,4.0,7,36,Moderate
W683,R683,36,4.8,4,48,Stormy
W684,R684,25,3.0,11,24,Moderate
W685,R685,30,3.6,6,34,Moderate
W686,R686,39,5.2,3,54,Stormy
W687,R687,21,2.3,13,16,Good
W688,R688,34,4.3,5,41,Stormy
W689,R689,26,3.0,13,20,Moderate
W690,R690,37,4.6,7,42,Stormy
W691,R691,40,5.2,5,50,Stormy
W692,R692,22,2.3,15,12,Good
W693,R693,18,1.8,16,12,Good
W694,R694,22,2.4,13,19,Good
W695,R695,27,3.1,10,26,Moderate
W696,R696,31,3.8,8,34,Moderate
W697,R697,35,4.6,5,46,Stormy
W698,R698,24,2.8,12,22,Good
W699,R699,29,3.4,7,32,Moderate
W700,R700,38,5.0,4,52,Stormy
W701,R701,20,2.1,14,14,Good
W702,R702,33,4.1,6,39,Moderate
W703,R703,19,2.0,15,14,Good
W704,R704,23,2.6,12,21,Good
W705,R705,28,3.3,9,28,Moderate
W706,R706,32,4.0,7,36,Moderate
W707,R707,36,4.8,4,48,Stormy
W708,R708,25,3.0,11,24,Moderate
W709,R709,30,3.6,6,34,Moderate
W710,R710,39,5.2,3,54,Stormy
W711,R711,21,2.3,13,16,Good
W712,R712,34,4.3,5,41,Stormy
W713,R713,26,3.0,13,20,Moderate
W714,R714,37,4.6,7,42,Stormy
W715,R715,40,5.2,5,50,Stormy
W716,R716,22,2.3,15,12,Good
W717,R717,18,1.8,16,12,Good
W718,R718,22,2.4,13,19,Good
W719,R719,27,3.1,10,26,Moderate
W720,R720,31,3.8,8,34,Moderate
W721,R721,35,4.6,5,46,Stormy
W722,R722,24,2.8,12,22,Good
W723,R723,29,3.4,7,32,Moderate
W724,R724,38,5.0,4,52,Stormy
W725,R725,20,2.1,14,14,Good
W726,R726,33,4.1,6,39,Moderate
W727,R727,19,2.0,15,14,Good
W728,R728,23,2.6,12,21,Good
W729,R729,28,3.3,9,28,Moderate
W730,R730,32,4.0,7,36,Moderate
W731,R731,36,4.8,4,48,Stormy
W732,R732,25,3.0,11,24,Moderate
W733,R733,30,3.6,6,34,Moderate
W734,R734,39,5.2,3,54,Stormy
W735,R735,21,2.3,13,16,Good
W736,R736,34,4.3,5,41,Stormy
W737,R737,26,3.0,13,20,Moderate
W738,R738,37,4.6,7,42,Stormy
W739,R739,40,5.2,5,50,Stormy
W740,R740,22,2.3,15,12,Good
W741,R741,18,1.8,16,12,Good
W742,R742,22,2.4,13,19,Good
W743,R743,27,3.1,10,26,Moderate
W744,R744,31,3.8,8,34,Moderate
W745,R745,35,4.6,5,46,Stormy
W746,R746,24,2.8,12,22,Good
W747,R747,29,3.4,7,32,Moderate
W748,R748,38,5.0,4,52,Stormy
W749,R749,20,2.1,14,14,Good
W750,R750,33,4.1,6,39,Moderate
W751,R751,19,2.0,15,14,Good
W752,R752,23,2.6,12,21,Good
W753,R753,28,3.3,9,28,Moderate
W754,R754,32,4.0,7,36,Moderate
W755,R755,36,4.8,4,48,Stormy
W756,R756,25,3.0,11,24,Moderate
W757,R757,30,3.6,6,34,Moderate
W758,R758,39,5.2,3,54,Stormy
W759,R759,21,2.3,13,16,Good
W760,R760,34,4.3,5,41,Stormy
W761,R761,26,3.0,13,20,Moderate
W762,R762,37,4.6,7,42,Stormy
W763,R763,40,5.2,5,50,Stormy
W764,R764,22,2.3,15,12,Good
W765,R765,18,1.8,16,12,Good
W766,R766,22,2.4,13,19,Good
W767,R767,27,3.1,10,26,Moderate
W768,R768,31,3.8,8,34,Moderate
W769,R769,35,4.6,5,46,Stormy
W770,R770,24,2.8,12,22,Good
W771,R771,29,3.4,7,32,Moderate
W772,R772,38,5.0,4,52,Stormy
W773,R773,20,2.1,14,14,Good
W774,R774,33,4.1,6,39,Moderate
W775,R775,19,2.0,15,14,Good
W776,R776,23,2.6,12,21,Good
W777,R777,28,3.3,9,28,Moderate
W778,R778,32,4.0,7,36,Moderate
W779,R779,36,4.8,4,48,Stormy
W780,R780,25,3.0,11,24,Moderate
W781,R781,30,3.6,6,34,Moderate
W782,R782,39,5.2,3,54,Stormy
W783,R783,21,2.3,13,16,Good
W784,R784,34,4.3,5,41,Stormy
W785,R785,26,3.0,13,20,Moderate
W786,R786,37,4.6,7,42,Stormy
W787,R787,40,5.2,5,50,Stormy
W788,R788,22,2.3,15,12,Good
W789,R789,18,1.8,16,12,Good
W790,R790,22,2.4,13,19,Good
W791,R791,27,3.1,10,26,Moderate
W792,R792,31,3.8,8,34,Moderate
W793,R793,35,4.6,5,46,Stormy
W794,R794,24,2.8,12,22,Good
W795,R795,29,3.4,7,32,Moderate
W796,R796,38,5.0,4,52,Stormy
W797,R797,20,2.1,14,14,Good
W798,R798,33,4.1,6,39,Moderate
W799,R799,19,2.0,15,14,Good
W800,R800,23,2.6,12,21,Good
W801,R801,28,3.3,9,28,Moderate
W802,R802,32,4.0,7,36,Moderate
W803,R803,36,4.8,4,48,Stormy
W804,R804,25,3.0,11,24,Moderate
W805,R805,30,3.6,6,34,Moderate
W806,R806,39,5.2,3,54,Stormy
W807,R807,21,2.3,13,16,Good
W808,R808,34,4.3,5,41,Stormy
W809,R809,26,3.0,13,20,Moderate
W810,R810,37,4.6,7,42,Stormy
W811,R811,40,5.2,5,50,Stormy
W812,R812,22,2.3,15,12,Good
W813,R813,18,1.8,16,12,Good
W814,R814,22,2.4,13,19,Good
W815,R815,27,3.1,10,26,Moderate
W816,R816,31,3.8,8,34,Moderate
W817,R817,35,4.6,5,46,Stormy
W818,R818,24,2.8,12,22,Good
W819,R819,29,3.4,7,32,Moderate
W820,R820,38,5.0,4,52,Stormy
W821,R821,20,2.1,14,14,Good
W822,R822,33,4.1,6,39,Moderate
W823,R823,19,2.0,15,14,Good
W824,R824,23,2.6,12,21,Good
W825,R825,28,3.3,9,28,Moderate
W826,R826,32,4.0,7,36,Moderate
W827,R827,36,4.8,4,48,Stormy
W828,R828,25,3.0,11,24,Moderate
W829,R829,30,3.6,6,34,Moderate
W830,R830,39,5.2,3,54,Stormy
W831,R831,21,2.3,13,16,Good
W832,R832,34,4.3,5,41,Stormy
W833,R833,26,3.0,13,20,Moderate
W834,R834,37,4.6,7,42,Stormy
W835,R835,40,5.2,5,50,Stormy
W836,R836,22,2.3,15,12,Good
W837,R837,18,1.8,16,12,Good
W838,R838,22,2.4,13,19,Good
W839,R839,27,3.1,10,26,Moderate
W840,R840,31,3.8,8,34,Moderate
W841,R841,35,4.6,5,46,Stormy
W842,R842,24,2.8,12,22,Good
W843,R843,29,3.4,7,32,Moderate
W844,R844,38,5.0,4,52,Stormy
W845,R845,20,2.1,14,14,Good
W846,R846,33,4.1,6,39,Moderate
W847,R847,19,2.0,15,14,Good
W848,R848,23,2.6,12,21,Good
W849,R849,28,3.3,9,28,Moderate
W850,R850,32,4.0,7,36,Moderate
W851,R851,36,4.8,4,48,Stormy
W852,R852,25,3.0,11,24,Moderate
W853,R853,30,3.6,6,34,Moderate
W854,R854,39,5.2,3,54,Stormy
W855,R855,21,2.3,13,16,Good
W856,R856,34,4.3,5,41,Stormy
W857,R857,26,3.0,13,20,Moderate
W858,R858,37,4.6,7,42,Stormy
W859,R859,40,5.2,5,50,Stormy
W860,R860,22,2.3,15,12,Good
W861,R861,18,1.8,16,12,Good
W862,R862,22,2.4,13,19,Good
W863,R863,27,3.1,10,26,Moderate
W864,R864,31,3.8,8,34,Moderate
W865,R865,35,4.6,5,46,Stormy
W866,R866,24,2.8,12,22,Good
W867,R867,29,3.4,7,32,Moderate
W868,R868,38,5.0,4,52,Stormy
W869,R869,20,2.1,14,14,Good
W870,R870,33,4.1,6,39,Moderate
W871,R871,19,2.0,15,14,Good
W872,R872,23,2.6,12,21,Good
W873,R873,28,3.3,9,28,Moderate
W874,R874,32,4.0,7,36,Moderate
W875,R875,36,4.8,4,48,Stormy
W876,R876,25,3.0,11,24,Moderate
W877,R877,30,3.6,6,34,Moderate
W878,R878,39,5.2,3,54,Stormy
W879,R879,21,2.3,13,16,Good
W880,R880,34,4.3,5,41,Stormy
W881,R881,26,3.0,13,20,Moderate
W882,R882,37,4.6,7,42,Stormy
W883,R883,40,5.2,5,50,Stormy
W884,R884,22,2.3,15,12,Good
W885,R885,18,1.8,16,12,Good
W886,R886,22,2.4,13,19,Good
W887,R887,27,3.1,10,26,Moderate
W888,R888,31,3.8,8,34,Moderate
W889,R889,35,4.6,5,46,Stormy
W890,R890,24,2.8,12,22,Good
W891,R891,29,3.4,7,32,Moderate
W892,R892,38,5.0,4,52,Stormy
W893,R893,20,2.1,14,14,Good
W894,R894,33,4.1,6,39,Moderate
W895,R895,19,2.0,15,14,Good
W896,R896,23,2.6,12,21,Good
W897,R897,28,3.3,9,28,Moderate
W898,R898,32,4.0,7,36,Moderate
W899,R899,36,4.8,4,48,Stormy
W900,R900,25,3.0,11,24,Moderate
W901,R901,30,3.6,6,34,Moderate
W902,R902,39,5.2,3,54,Stormy
W903,R903,21,2.3,13,16,Good
W904,R904,34,4.3,5,41,Stormy
W905,R905,26,3.0,13,20,Moderate
W906,R906,37,4.6,7,42,Stormy
W907,R907,40,5.2,5,50,Stormy
W908,R908,22,2.3,15,12,Good
W909,R909,18,1.8,16,12,Good
W910,R910,22,2.4,13,19,Good
W911,R911,27,3.1,10,26,Moderate
W912,R912,31,3.8,8,34,Moderate
W913,R913,35,4.6,5,46,Stormy
W914,R914,24,2.8,12,22,Good
W915,R915,29,3.4,7,32,Moderate
W916,R916,38,5.0,4,52,Stormy
W917,R917,20,2.1,14,14,Good
W918,R918,33,4.1,6,39,Moderate
W919,R919,19,2.0,15,14,Good
W920,R920,23,2.6,12,21,Good
W921,R921,28,3.3,9,28,Moderate
W922,R922,32,4.0,7,36,Moderate
W923,R923,36,4.8,4,48,Stormy
W924,R924,25,3.0,11,24,Moderate
W925,R925,30,3.6,6,34,Moderate
W926,R926,39,5.2,3,54,Stormy
W927,R927,21,2.3,13,16,Good
W928,R928,34,4.3,5,41,Stormy
W929,R929,26,3.0,13,20,Moderate
W930,R930,37,4.6,7,42,Stormy
W931,R931,40,5.2,5,50,Stormy
W932,R932,22,2.3,15,12,Good
W933,R933,18,1.8,16,12,Good
W934,R934,22,2.4,13,19,Good
W935,R935,27,3.1,10,26,Moderate
W936,R936,31,3.8,8,34,Moderate
W937,R937,35,4.6,5,46,Stormy
W938,R938,24,2.8,12,22,Good
W939,R939,29,3.4,7,32,Moderate
W940,R940,38,5.0,4,52,Stormy
W941,R941,20,2.1,14,14,Good
W942,R942,33,4.1,6,39,Moderate
W943,R943,19,2.0,15,14,Good
W944,R944,23,2.6,12,21,Good
W945,R945,28,3.3,9,28,Moderate
W946,R946,32,4.0,7,36,Moderate
W947,R947,36,4.8,4,48,Stormy
W948,R948,25,3.0,11,24,Moderate
W949,R949,30,3.6,6,34,Moderate
W950,R950,39,5.2,3,54,Stormy
W951,R951,21,2.3,13,16,Good
W952,R952,34,4.3,5,41,Stormy
W953,R953,26,3.0,13,20,Moderate
W954,R954,37,4.6,7,42,Stormy
W955,R955,40,5.2,5,50,Stormy
W956,R956,22,2.3,15,12,Good
W957,R957,18,1.8,16,12,Good
W958,R958,22,2.4,13,19,Good
W959,R959,27,3.1,10,26,Moderate
W960,R960,31,3.8,8,34,Moderate
W961,R961,35,4.6,5,46,Stormy
W962,R962,24,2.8,12,22,Good
W963,R963,29,3.4,7,32,Moderate
W964,R964,38,5.0,4,52,Stormy
W965,R965,20,2.1,14,14,Good
W966,R966,33,4.1,6,39,Moderate
W967,R967,19,2.0,15,14,Good
W968,R968,23,2.6,12,21,Good
W969,R969,28,3.3,9,28,Moderate
W970,R970,32,4.0,7,36,Moderate
W971,R971,36,4.8,4,48,Stormy
W972,R972,25,3.0,11,24,Moderate
W973,R973,30,3.6,6,34,Moderate
W974,R974,39,5.2,3,54,Stormy
W975,R975,21,2.3,13,16,Good
W976,R976,34,4.3,5,41,Stormy
W977,R977,26,3.0,13,20,Moderate
W978,R978,37,4.6,7,42,Stormy
W979,R979,40,5.2,5,50,Stormy
W980,R980,22,2.3,15,12,Good
W981,R981,18,1.8,16,12,Good
W982,R982,22,2.4,13,19,Good
W983,R983,27,3.1,10,26,Moderate
W984,R984,31,3.8,8,34,Moderate
W985,R985,35,4.6,5,46,Stormy
W986,R986,24,2.8,12,22,Good
W987,R987,29,3.4,7,32,Moderate
W988,R988,38,5.0,4,52,Stormy
W989,R989,20,2.1,14,14,Good
W990,R990,33,4.1,6,39,Moderate
W991,R991,19,2.0,15,14,Good
W992,R992,23,2.6,12,21,Good
W993,R993,28,3.3,9,28,Moderate
W994,R994,32,4.0,7,36,Moderate
W995,R995,36,4.8,4,48,Stormy
W996,R996,25,3.0,11,24,Moderate
W997,R997,30,3.6,6,34,Moderate
W998,R998,39,5.2,3,54,Stormy
W999,R999,21,2.3,13,16,Good
W1000,R1000,34,4.3,5,41,Stormy
W1001,R1001,26,3.0,13,20,Moderate
W1002,R1002,37,4.6,7,42,Stormy
W1003,R1003,40,5.2,5,50,Stormy
W1004,R1004,22,2.3,15,12,Good
W1005,R1005,18,1.8,16,12,Good
W1006,R1006,22,2.4,13,19,Good
W1007,R1007,27,3.1,10,26,Moderate
W1008,R1008,31,3.8,8,34,Moderate
W1009,R1009,35,4.6,5,46,Stormy
W1010,R1010,24,2.8,12,22,Good
W1011,R1011,29,3.4,7,32,Moderate
W1012,R1012,38,5.0,4,52,Stormy
W1013,R1013,20,2.1,14,14,Good
W1014,R1014,33,4.1,6,39,Moderate
W1015,R1015,19,2.0,15,14,Good
W1016,R1016,23,2.6,12,21,Good
W1017,R1017,28,3.3,9,28,Moderate
W1018,R1018,32,4.0,7,36,Moderate
W1019,R1019,36,4.8,4,48,Stormy
W1020,R1020,25,3.0,11,24,Moderate
W1021,R1021,30,3.6,6,34,Moderate
W1022,R1022,39,5.2,3,54,Stormy
W1023,R1023,21,2.3,13,16,Good
W1024,R1024,34,4.3,5,41,Stormy
W1025,R1025,26,3.0,13,20,Moderate
W1026,R1026,37,4.6,7,42,Stormy
W1027,R1027,40,5.2,5,50,Stormy
W1028,R1028,22,2.3,15,12,Good
W1029,R1029,18,1.8,16,12,Good
W1030,R1030,22,2.4,13,19,Good
W1031,R1031,27,3.1,10,26,Moderate
W1032,R1032,31,3.8,8,34,Moderate
W1033,R1033,35,4.6,5,46,Stormy
W1034,R1034,24,2.8,12,22,Good
W1035,R1035,29,3.4,7,32,Moderate
W1036,R1036,38,5.0,4,52,Stormy
W1037,R1037,20,2.1,14,14,Good
W1038,R1038,33,4.1,6,39,Moderate
W1039,R1039,19,2.0,15,14,Good
W1040,R1040,23,2.6,12,21,Good
W1041,R1041,28,3.3,9,28,Moderate
W1042,R1042,32,4.0,7,36,Moderate
W1043,R1043,36,4.8,4,48,Stormy
W1044,R1044,25,3.0,11,24,Moderate
W1045,R1045,30,3.6,6,34,Moderate
W1046,R1046,39,5.2,3,54,Stormy
W1047,R1047,21,2.3,13,16,Good
W1048,R1048,34,4.3,5,41,Stormy
W1049,R1049,26,3.0,13,20,Moderate
W1050,R1050,37,4.6,7,42,Stormy
W1051,R1051,40,5.2,5,50,Stormy
W1052,R1052,22,2.3,15,12,Good
W1053,R1053,18,1.8,16,12,Good
W1054,R1054,22,2.4,13,19,Good
W1055,R1055,27,3.1,10,26,Moderate
W1056,R1056,31,3.8,8,34,Moderate
W1057,R1057,35,4.6,5,46,Stormy
W1058,R1058,24,2.8,12,22,Good
W1059,R1059,29,3.4,7,32,Moderate
W1060,R1060,38,5.0,4,52,Stormy
W1061,R1061,20,2.1,14,14,Good
W1062,R1062,33,4.1,6,39,Moderate
W1063,R1063,19,2.0,15,14,Good
W1064,R1064,23,2.6,12,21,Good
W1065,R1065,28,3.3,9,28,Moderate
W1066,R1066,32,4.0,7,36,Moderate
W1067,R1067,36,4.8,4,48,Stormy
W1068,R1068,25,3.0,11,24,Moderate
W1069,R1069,30,3.6,6,34,Moderate
W1070,R1070,39,5.2,3,54,Stormy
W1071,R1071,21,2.3,13,16,Good
W1072,R1072,34,4.3,5,41,Stormy
W1073,R1073,26,3.0,13,20,Moderate
W1074,R1074,37,4.6,7,42,Stormy
W1075,R1075,40,5.2,5,50,Stormy
W1076,R1076,22,2.3,15,12,Good
W1077,R1077,18,1.8,16,12,Good
W1078,R1078,22,2.4,13,19,Good
W1079,R1079,27,3.1,10,26,Moderate
W1080,R1080,31,3.8,8,34,Moderate
W1081,R1081,35,4.6,5,46,Stormy
W1082,R1082,24,2.8,12,22,Good
W1083,R1083,29,3.4,7,32,Moderate
W1084,R1084,38,5.0,4,52,Stormy
W1085,R1085,20,2.1,14,14,Good
W1086,R1086,33,4.1,6,39,Moderate
W1087,R1087,19,2.0,15,14,Good
W1088,R1088,23,2.6,12,21,Good
W1089,R1089,28,3.3,9,28,Moderate
W1090,R1090,32,4.0,7,36,Moderate
W1091,R1091,36,4.8,4,48,Stormy
W1092,R1092,25,3.0,11,24,Moderate
W1093,R1093,30,3.6,6,34,Moderate
W1094,R1094,39,5.2,3,54,Stormy
W1095,R1095,21,2.3,13,16,Good
W1096,R1096,34,4.3,5,41,Stormy
W1097,R1097,26,3.0,13,20,Moderate
W1098,R1098,37,4.6,7,42,Stormy
W1099,R1099,40,5.2,5,50,Stormy
W1100,R1100,22,2.3,15,12,Good
W1101,R1101,18,1.8,16,12,Good
W1102,R1102,22,2.4,13,19,Good
W1103,R1103,27,3.1,10,26,Moderate
W1104,R1104,31,3.8,8,34,Moderate
W1105,R1105,35,4.6,5,46,Stormy
W1106,R1106,24,2.8,12,22,Good
W1107,R1107,29,3.4,7,32,Moderate
W1108,R1108,38,5.0,4,52,Stormy
W1109,R1109,20,2.1,14,14,Good
W1110,R1110,33,4.1,6,39,Moderate
W1111,R1111,19,2.0,15,14,Good
W1112,R1112,23,2.6,12,21,Good
W1113,R1113,28,3.3,9,28,Moderate
W1114,R1114,32,4.0,7,36,Moderate
W1115,R1115,36,4.8,4,48,Stormy
W1116,R1116,25,3.0,11,24,Moderate
W1117,R1117,30,3.6,6,34,Moderate
W1118,R1118,39,5.2,3,54,Stormy
W1119,R1119,21,2.3,13,16,Good
W1120,R1120,34,4.3,5,41,Stormy
W1121,R1121,26,3.0,13,20,Moderate
W1122,R1122,37,4.6,7,42,Stormy
W1123,R1123,40,5.2,5,50,Stormy
W1124,R1124,22,2.3,15,12,Good
W1125,R1125,18,1.8,16,12,Good
W1126,R1126,22,2.4,13,19,Good
W1127,R1127,27,3.1,10,26,Moderate
W1128,R1128,31,3.8,8,34,Moderate
W1129,R1129,35,4.6,5,46,Stormy
W1130,R1130,24,2.8,12,22,Good
W1131,R1131,29,3.4,7,32,Moderate
W1132,R1132,38,5.0,4,52,Stormy
W1133,R1133,20,2.1,14,14,Good
W1134,R1134,33,4.1,6,39,Moderate
W1135,R1135,19,2.0,15,14,Good
W1136,R1136,23,2.6,12,21,Good
W1137,R1137,28,3.3,9,28,Moderate
W1138,R1138,32,4.0,7,36,Moderate
W1139,R1139,36,4.8,4,48,Stormy
W1140,R1140,25,3.0,11,24,Moderate
W1141,R1141,30,3.6,6,34,Moderate
W1142,R1142,39,5.2,3,54,Stormy
W1143,R1143,21,2.3,13,16,Good
W1144,R1144,34,4.3,5,41,Stormy
W1145,R1145,26,3.0,13,20,Moderate
W1146,R1146,37,4.6,7,42,Stormy
W1147,R1147,40,5.2,5,50,Stormy
W1148,R1148,22,2.3,15,12,Good
W1149,R1149,18,1.8,16,12,Good
W1150,R1150,22,2.4,13,19,Good
W1151,R1151,27,3.1,10,26,Moderate
W1152,R1152,31,3.8,8,34,Moderate
W1153,R1153,35,4.6,5,46,Stormy
W1154,R1154,24,2.8,12,22,Good
W1155,R1155,29,3.4,7,32,Moderate
W1156,R1156,38,5.0,4,52,Stormy
W1157,R1157,20,2.1,14,14,Good
W1158,R1158,33,4.1,6,39,Moderate
W1159,R1159,19,2.0,15,14,Good
W1160,R1160,23,2.6,12,21,Good
W1161,R1161,28,3.3,9,28,Moderate
W1162,R1162,32,4.0,7,36,Moderate
W1163,R1163,36,4.8,4,48,Stormy
W1164,R1164,25,3.0,11,24,Moderate
W1165,R1165,30,3.6,6,34,Moderate
W1166,R1166,39,5.2,3,54,Stormy
W1167,R1167,21,2.3,13,16,Good
W1168,R1168,34,4.3,5,41,Stormy
W1169,R1169,26,3.0,13,20,Moderate
W1170,R1170,37,4.6,7,42,Stormy
W1171,R1171,40,5.2,5,50,Stormy
W1172,R1172,22,2.3,15,12,Good
W1173,R1173,18,1.8,16,12,Good
W1174,R1174,22,2.4,13,19,Good
W1175,R1175,27,3.1,10,26,Moderate
W1176,R1176,31,3.8,8,34,Moderate
W1177,R1177,35,4.6,5,46,Stormy
W1178,R1178,24,2.8,12,22,Good
W1179,R1179,29,3.4,7,32,Moderate
W1180,R1180,38,5.0,4,52,Stormy
W1181,R1181,20,2.1,14,14,Good
W1182,R1182,33,4.1,6,39,Moderate
W1183,R1183,19,2.0,15,14,Good
W1184,R1184,23,2.6,12,21,Good
W1185,R1185,28,3.3,9,28,Moderate
W1186,R1186,32,4.0,7,36,Moderate
W1187,R1187,36,4.8,4,48,Stormy
W1188,R1188,25,3.0,11,24,Moderate
W1189,R1189,30,3.6,6,34,Moderate
W1190,R1190,39,5.2,3,54,Stormy
W1191,R1191,21,2.3,13,16,Good
W1192,R1192,34,4.3,5,41,Stormy
W1193,R1193,26,3.0,13,20,Moderate
W1194,R1194,37,4.6,7,42,Stormy
W1195,R1195,40,5.2,5,50,Stormy
W1196,R1196,22,2.3,15,12,Good
W1197,R1197,18,1.8,16,12,Good
W1198,R1198,22,2.4,13,19,Good
W1199,R1199,27,3.1,10,26,Moderate
W1200,R1200,31,3.8,8,34,Moderate
W1201,R1201,35,4.6,5,46,Stormy
W1202,R1202,24,2.8,12,22,Good
W1203,R1203,29,3.4,7,32,Moderate
W1204,R1204,38,5.0,4,52,Stormy
W1205,R1205,20,2.1,14,14,Good
W1206,R1206,33,4.1,6,39,Moderate
W1207,R1207,19,2.0,15,14,Good
W1208,R1208,23,2.6,12,21,Good
W1209,R1209,28,3.3,9,28,Moderate
W1210,R1210,32,4.0,7,36,Moderate
W1211,R1211,36,4.8,4,48,Stormy
W1212,R1212,25,3.0,11,24,Moderate
W1213,R1213,30,3.6,6,34,Moderate
W1214,R1214,39,5.2,3,54,Stormy
W1215,R1215,21,2.3,13,16,Good
W1216,R1216,34,4.3,5,41,Stormy
W1217,R1217,26,3.0,13,20,Moderate
W1218,R1218,37,4.6,7,42,Stormy
W1219,R1219,40,5.2,5,50,Stormy
W1220,R1220,22,2.3,15,12,Good
W1221,R1221,18,1.8,16,12,Good
W1222,R1222,22,2.4,13,19,Good
W1223,R1223,27,3.1,10,26,Moderate
W1224,R1224,31,3.8,8,34,Moderate
W1225,R1225,35,4.6,5,46,Stormy
W1226,R1226,24,2.8,12,22,Good
W1227,R1227,29,3.4,7,32,Moderate
W1228,R1228,38,5.0,4,52,Stormy
W1229,R1229,20,2.1,14,14,Good
W1230,R1230,33,4.1,6,39,Moderate
W1231,R1231,19,2.0,15,14,Good
W1232,R1232,23,2.6,12,21,Good
W1233,R1233,28,3.3,9,28,Moderate
W1234,R1234,32,4.0,7,36,Moderate
W1235,R1235,36,4.8,4,48,Stormy
W1236,R1236,25,3.0,11,24,Moderate
W1237,R1237,30,3.6,6,34,Moderate
W1238,R1238,39,5.2,3,54,Stormy
W1239,R1239,21,2.3,13,16,Good
W1240,R1240,34,4.3,5,41,Stormy
W1241,R1241,26,3.0,13,20,Moderate
W1242,R1242,37,4.6,7,42,Stormy
W1243,R1243,40,5.2,5,50,Stormy
W1244,R1244,22,2.3,15,12,Good
W1245,R1245,18,1.8,16,12,Good
W1246,R1246,22,2.4,13,19,Good
W1247,R1247,27,3.1,10,26,Moderate
W1248,R1248,31,3.8,8,34,Moderate
W1249,R1249,35,4.6,5,46,Stormy
W1250,R1250,24,2.8,12,22,Good
W1251,R1251,29,3.4,7,32,Moderate
W1252,R1252,38,5.0,4,52,Stormy
W1253,R1253,20,2.1,14,14,Good
W1254,R1254,33,4.1,6,39,Moderate
W1255,R1255,19,2.0,15,14,Good
W1256,R1256,23,2.6,12,21,Good
W1257,R1257,28,3.3,9,28,Moderate
W1258,R1258,32,4.0,7,36,Moderate
W1259,R1259,36,4.8,4,48,Stormy
W1260,R1260,25,3.0,11,24,Moderate
W1261,R1261,30,3.6,6,34,Moderate
W1262,R1262,39,5.2,3,54,Stormy
W1263,R1263,21,2.3,13,16,Good
W1264,R1264,34,4.3,5,41,Stormy
W1265,R1265,26,3.0,13,20,Moderate
W1266,R1266,37,4.6,7,42,Stormy
W1267,R1267,40,5.2,5,50,Stormy
W1268,R1268,22,2.3,15,12,Good
W1269,R1269,18,1.8,16,12,Good
W1270,R1270,22,2.4,13,19,Good
W1271,R1271,27,3.1,10,26,Moderate
W1272,R1272,31,3.8,8,34,Moderate
W1273,R1273,35,4.6,5,46,Stormy
W1274,R1274,24,2.8,12,22,Good
W1275,R1275,29,3.4,7,32,Moderate
W1276,R1276,38,5.0,4,52,Stormy
W1277,R1277,20,2.1,14,14,Good
W1278,R1278,33,4.1,6,39,Moderate
W1279,R1279,19,2.0,15,14,Good
W1280,R1280,23,2.6,12,21,Good
W1281,R1281,28,3.3,9,28,Moderate
W1282,R1282,32,4.0,7,36,Moderate
W1283,R1283,36,4.8,4,48,Stormy
W1284,R1284,25,3.0,11,24,Moderate
W1285,R1285,30,3.6,6,34,Moderate
W1286,R1286,39,5.2,3,54,Stormy
W1287,R1287,21,2.3,13,16,Good
W1288,R1288,34,4.3,5,41,Stormy
W1289,R1289,26,3.0,13,20,Moderate
W1290,R1290,37,4.6,7,42,Stormy
W1291,R1291,40,5.2,5,50,Stormy
W1292,R1292,22,2.3,15,12,Good
W1293,R1293,18,1.8,16,12,Good
W1294,R1294,22,2.4,13,19,Good
W1295,R1295,27,3.1,10,26,Moderate
W1296,R1296,31,3.8,8,34,Moderate
W1297,R1297,35,4.6,5,46,Stormy
W1298,R1298,24,2.8,12,22,Good
W1299,R1299,29,3.4,7,32,Moderate
W1300,R1300,38,5.0,4,52,Stormy
W1301,R1301,20,2.1,14,14,Good
W1302,R1302,33,4.1,6,39,Moderate
W1303,R1303,19,2.0,15,14,Good
W1304,R1304,23,2.6,12,21,Good
W1305,R1305,28,3.3,9,28,Moderate
W1306,R1306,32,4.0,7,36,Moderate
W1307,R1307,36,4.8,4,48,Stormy
W1308,R1308,25,3.0,11,24,Moderate
W1309,R1309,30,3.6,6,34,Moderate
W1310,R1310,39,5.2,3,54,Stormy
W1311,R1311,21,2.3,13,16,Good
W1312,R1312,34,4.3,5,41,Stormy
W1313,R1313,26,3.0,13,20,Moderate
W1314,R1314,37,4.6,7,42,Stormy
W1315,R1315,40,5.2,5,50,Stormy
W1316,R1316,22,2.3,15,12,Good
W1317,R1317,18,1.8,16,12,Good
W1318,R1318,22,2.4,13,19,Good
W1319,R1319,27,3.1,10,26,Moderate
W1320,R1320,31,3.8,8,34,Moderate
W1321,R1321,35,4.6,5,46,Stormy
W1322,R1322,24,2.8,12,22,Good
W1323,R1323,29,3.4,7,32,Moderate
W1324,R1324,38,5.0,4,52,Stormy
W1325,R1325,20,2.1,14,14,Good
W1326,R1326,33,4.1,6,39,Moderate
W1327,R1327,19,2.0,15,14,Good
W1328,R1328,23,2.6,12,21,Good
W1329,R1329,28,3.3,9,28,Moderate
W1330,R1330,32,4.0,7,36,Moderate
W1331,R1331,36,4.8,4,48,Stormy
W1332,R1332,25,3.0,11,24,Moderate
W1333,R1333,30,3.6,6,34,Moderate
W1334,R1334,39,5.2,3,54,Stormy
W1335,R1335,21,2.3,13,16,Good
W1336,R1336,34,4.3,5,41,Stormy
W1337,R1337,26,3.0,13,20,Moderate
W1338,R1338,37,4.6,7,42,Stormy
W1339,R1339,40,5.2,5,50,Stormy
W1340,R1340,22,2.3,15,12,Good
W1341,R1341,18,1.8,16,12,Good
W1342,R1342,22,2.4,13,19,Good
W1343,R1343,27,3.1,10,26,Moderate
W1344,R1344,31,3.8,8,34,Moderate
W1345,R1345,35,4.6,5,46,Stormy
W1346,R1346,24,2.8,12,22,Good
W1347,R1347,29,3.4,7,32,Moderate
W1348,R1348,38,5.0,4,52,Stormy
W1349,R1349,20,2.1,14,14,Good
W1350,R1350,33,4.1,6,39,Moderate
W1351,R1351,19,2.0,15,14,Good
W1352,R1352,23,2.6,12,21,Good
W1353,R1353,28,3.3,9,28,Moderate
W1354,R1354,32,4.0,7,36,Moderate
W1355,R1355,36,4.8,4,48,Stormy
W1356,R1356,25,3.0,11,24,Moderate
W1357,R1357,30,3.6,6,34,Moderate
W1358,R1358,39,5.2,3,54,Stormy
W1359,R1359,21,2.3,13,16,Good
W1360,R1360,34,4.3,5,41,Stormy
W1361,R1361,26,3.0,13,20,Moderate
W1362,R1362,37,4.6,7,42,Stormy
W1363,R1363,40,5.2,5,50,Stormy
W1364,R1364,22,2.3,15,12,Good
W1365,R1365,18,1.8,16,12,Good
W1366,R1366,22,2.4,13,19,Good
W1367,R1367,27,3.1,10,26,Moderate
W1368,R1368,31,3.8,8,34,Moderate
W1369,R1369,35,4.6,5,46,Stormy
W1370,R1370,24,2.8,12,22,Good
W1371,R1371,29,3.4,7,32,Moderate
W1372,R1372,38,5.0,4,52,Stormy
W1373,R1373,20,2.1,14,14,Good
W1374,R1374,33,4.1,6,39,Moderate
W1375,R1375,19,2.0,15,14,Good
W1376,R1376,23,2.6,12,21,Good
W1377,R1377,28,3.3,9,28,Moderate
W1378,R1378,32,4.0,7,36,Moderate
W1379,R1379,36,4.8,4,48,Stormy
W1380,R1380,25,3.0,11,24,Moderate
W1381,R1381,30,3.6,6,34,Moderate
W1382,R1382,39,5.2,3,54,Stormy
W1383,R1383,21,2.3,13,16,Good
W1384,R1384,34,4.3,5,41,Stormy
W1385,R1385,26,3.0,13,20,Moderate
W1386,R1386,37,4.6,7,42,Stormy
W1387,R1387,40,5.2,5,50,Stormy
W1388,R1388,22,2.3,15,12,Good
W1389,R1389,18,1.8,16,12,Good
W1390,R1390,22,2.4,13,19,Good
W1391,R1391,27,3.1,10,26,Moderate
W1392,R1392,31,3.8,8,34,Moderate
W1393,R1393,35,4.6,5,46,Stormy
W1394,R1394,24,2.8,12,22,Good
W1395,R1395,29,3.4,7,32,Moderate
W1396,R1396,38,5.0,4,52,Stormy
W1397,R1397,20,2.1,14,14,Good
W1398,R1398,33,4.1,6,39,Moderate
W1399,R1399,19,2.0,15,14,Good
W1400,R1400,23,2.6,12,21,Good
W1401,R1401,28,3.3,9,28,Moderate
W1402,R1402,32,4.0,7,36,Moderate
W1403,R1403,36,4.8,4,48,Stormy
W1404,R1404,25,3.0,11,24,Moderate
W1405,R1405,30,3.6,6,34,Moderate
W1406,R1406,39,5.2,3,54,Stormy
W1407,R1407,21,2.3,13,16,Good
W1408,R1408,34,4.3,5,41,Stormy
W1409,R1409,26,3.0,13,20,Moderate
W1410,R1410,37,4.6,7,42,Stormy
W1411,R1411,40,5.2,5,50,Stormy
W1412,R1412,22,2.3,15,12,Good
W1413,R1413,18,1.8,16,12,Good
W1414,R1414,22,2.4,13,19,Good
W1415,R1415,27,3.1,10,26,Moderate
W1416,R1416,31,3.8,8,34,Moderate
W1417,R1417,35,4.6,5,46,Stormy
W1418,R1418,24,2.8,12,22,Good
W1419,R1419,29,3.4,7,32,Moderate
W1420,R1420,38,5.0,4,52,Stormy
W1421,R1421,20,2.1,14,14,Good
W1422,R1422,33,4.1,6,39,Moderate
W1423,R1423,19,2.0,15,14,Good
W1424,R1424,23,2.6,12,21,Good
W1425,R1425,28,3.3,9,28,Moderate
W1426,R1426,32,4.0,7,36,Moderate
W1427,R1427,36,4.8,4,48,Stormy
W1428,R1428,25,3.0,11,24,Moderate
W1429,R1429,30,3.6,6,34,Moderate
W1430,R1430,39,5.2,3,54,Stormy
W1431,R1431,21,2.3,13,16,Good
W1432,R1432,34,4.3,5,41,Stormy
W1433,R1433,26,3.0,13,20,Moderate
W1434,R1434,37,4.6,7,42,Stormy
W1435,R1435,40,5.2,5,50,Stormy
W1436,R1436,22,2.3,15,12,Good
W1437,R1437,18,1.8,16,12,Good
W1438,R1438,22,2.4,13,19,Good
W1439,R1439,27,3.1,10,26,Moderate
W1440,R1440,31,3.8,8,34,Moderate
W1441,R1441,35,4.6,5,46,Stormy
W1442,R1442,24,2.8,12,22,Good
W1443,R1443,29,3.4,7,32,Moderate
W1444,R1444,38,5.0,4,52,Stormy
W1445,R1445,20,2.1,14,14,Good
W1446,R1446,33,4.1,6,39,Moderate
W1447,R1447,19,2.0,15,14,Good
W1448,R1448,23,2.6,12,21,Good
W1449,R1449,28,3.3,9,28,Moderate
W1450,R1450,32,4.0,7,36,Moderate
W1451,R1451,36,4.8,4,48,Stormy
W1452,R1452,25,3.0,11,24,Moderate
W1453,R1453,30,3.6,6,34,Moderate
W1454,R1454,39,5.2,3,54,Stormy
W1455,R1455,21,2.3,13,16,Good
W1456,R1456,34,4.3,5,41,Stormy
W1457,R1457,26,3.0,13,20,Moderate
W1458,R1458,37,4.6,7,42,Stormy
W1459,R1459,40,5.2,5,50,Stormy
W1460,R1460,22,2.3,15,12,Good
W1461,R1461,18,1.8,16,12,Good
W1462,R1462,22,2.4,13,19,Good
W1463,R1463,27,3.1,10,26,Moderate
W1464,R1464,31,3.8,8,34,Moderate
W1465,R1465,35,4.6,5,46,Stormy
W1466,R1466,24,2.8,12,22,Good
W1467,R1467,29,3.4,7,32,Moderate
W1468,R1468,38,5.0,4,52,Stormy
W1469,R1469,20,2.1,14,14,Good
W1470,R1470,33,4.1,6,39,Moderate
W1471,R1471,19,2.0,15,14,Good
W1472,R1472,23,2.6,12,21,Good
W1473,R1473,28,3.3,9,28,Moderate
W1474,R1474,32,4.0,7,36,Moderate
W1475,R1475,36,4.8,4,48,Stormy
W1476,R1476,25,3.0,11,24,Moderate
W1477,R1477,30,3.6,6,34,Moderate
W1478,R1478,39,5.2,3,54,Stormy
W1479,R1479,21,2.3,13,16,Good
W1480,R1480,34,4.3,5,41,Stormy
W1481,R1481,26,3.0,13,20,Moderate
W1482,R1482,37,4.6,7,42,Stormy
W1483,R1483,40,5.2,5,50,Stormy
W1484,R1484,22,2.3,15,12,Good
W1485,R1485,18,1.8,16,12,Good
W1486,R1486,22,2.4,13,19,Good
W1487,R1487,27,3.1,10,26,Moderate
W1488,R1488,31,3.8,8,34,Moderate
W1489,R1489,35,4.6,5,46,Stormy
W1490,R1490,24,2.8,12,22,Good
W1491,R1491,29,3.4,7,32,Moderate
W1492,R1492,38,5.0,4,52,Stormy
W1493,R1493,20,2.1,14,14,Good
W1494,R1494,33,4.1,6,39,Moderate
W1495,R1495,19,2.0,15,14,Good
W1496,R1496,23,2.6,12,21,Good
W1497,R1497,28,3.3,9,28,Moderate
W1498,R1498,32,4.0,7,36,Moderate
W1499,R1499,36,4.8,4,48,Stormy
W1500,R1500,25,3.0,11,24,Moderate
W1501,R1501,30,3.6,6,34,Moderate
W1502,R1502,39,5.2,3,54,Stormy
W1503,R1503,21,2.3,13,16,Good
W1504,R1504,34,4.3,5,41,Stormy
W1505,R1505,26,3.0,13,20,Moderate
W1506,R1506,37,4.6,7,42,Stormy
W1507,R1507,40,5.2,5,50,Stormy
W1508,R1508,22,2.3,15,12,Good
W1509,R1509,18,1.8,16,12,Good
W1510,R1510,22,2.4,13,19,Good
W1511,R1511,27,3.1,10,26,Moderate
W1512,R1512,31,3.8,8,34,Moderate
W1513,R1513,35,4.6,5,46,Stormy
W1514,R1514,24,2.8,12,22,Good
W1515,R1515,29,3.4,7,32,Moderate
W1516,R1516,38,5.0,4,52,Stormy
W1517,R1517,20,2.1,14,14,Good
W1518,R1518,33,4.1,6,39,Moderate
W1519,R1519,19,2.0,15,14,Good
W1520,R1520,23,2.6,12,21,Good
W1521,R1521,28,3.3,9,28,Moderate
W1522,R1522,32,4.0,7,36,Moderate
W1523,R1523,36,4.8,4,48,Stormy
W1524,R1524,25,3.0,11,24,Moderate
W1525,R1525,30,3.6,6,34,Moderate
W1526,R1526,39,5.2,3,54,Stormy
W1527,R1527,21,2.3,13,16,Good
W1528,R1528,34,4.3,5,41,Stormy
W1529,R1529,26,3.0,13,20,Moderate
W1530,R1530,37,4.6,7,42,Stormy
W1531,R1531,40,5.2,5,50,Stormy
W1532,R1532,22,2.3,15,12,Good
W1533,R1533,18,1.8,16,12,Good
W1534,R1534,22,2.4,13,19,Good
W1535,R1535,27,3.1,10,26,Moderate
W1536,R1536,31,3.8,8,34,Moderate
W1537,R1537,35,4.6,5,46,Stormy
W1538,R1538,24,2.8,12,22,Good
W1539,R1539,29,3.4,7,32,Moderate
W1540,R1540,38,5.0,4,52,Stormy
W1541,R1541,20,2.1,14,14,Good
W1542,R1542,33,4.1,6,39,Moderate
W1543,R1543,19,2.0,15,14,Good
W1544,R1544,23,2.6,12,21,Good
W1545,R1545,28,3.3,9,28,Moderate
W1546,R1546,32,4.0,7,36,Moderate
W1547,R1547,36,4.8,4,48,Stormy
W1548,R1548,25,3.0,11,24,Moderate
W1549,R1549,30,3.6,6,34,Moderate
W1550,R1550,39,5.2,3,54,Stormy
W1551,R1551,21,2.3,13,16,Good
W1552,R1552,34,4.3,5,41,Stormy
W1553,R1553,26,3.0,13,20,Moderate
W1554,R1554,37,4.6,7,42,Stormy
W1555,R1555,40,5.2,5,50,Stormy
W1556,R1556,22,2.3,15,12,Good
W1557,R1557,18,1.8,16,12,Good
W1558,R1558,22,2.4,13,19,Good
W1559,R1559,27,3.1,10,26,Moderate
W1560,R1560,31,3.8,8,34,Moderate
W1561,R1561,35,4.6,5,46,Stormy
W1562,R1562,24,2.8,12,22,Good
W1563,R1563,29,3.4,7,32,Moderate
W1564,R1564,38,5.0,4,52,Stormy
W1565,R1565,20,2.1,14,14,Good
W1566,R1566,33,4.1,6,39,Moderate
W1567,R1567,19,2.0,15,14,Good
W1568,R1568,23,2.6,12,21,Good
W1569,R1569,28,3.3,9,28,Moderate
W1570,R1570,32,4.0,7,36,Moderate
W1571,R1571,36,4.8,4,48,Stormy
W1572,R1572,25,3.0,11,24,Moderate
W1573,R1573,30,3.6,6,34,Moderate
W1574,R1574,39,5.2,3,54,Stormy
W1575,R1575,21,2.3,13,16,Good
W1576,R1576,34,4.3,5,41,Stormy
W1577,R1577,26,3.0,13,20,Moderate
W1578,R1578,37,4.6,7,42,Stormy
W1579,R1579,40,5.2,5,50,Stormy
W1580,R1580,22,2.3,15,12,Good
W1581,R1581,18,1.8,16,12,Good
W1582,R1582,22,2.4,13,19,Good
W1583,R1583,27,3.1,10,26,Moderate
W1584,R1584,31,3.8,8,34,Moderate
W1585,R1585,35,4.6,5,46,Stormy
W1586,R1586,24,2.8,12,22,Good
W1587,R1587,29,3.4,7,32,Moderate
W1588,R1588,38,5.0,4,52,Stormy
W1589,R1589,20,2.1,14,14,Good
W1590,R1590,33,4.1,6,39,Moderate
W1591,R1591,19,2.0,15,14,Good
W1592,R1592,23,2.6,12,21,Good
W1593,R1593,28,3.3,9,28,Moderate
W1594,R1594,32,4.0,7,36,Moderate
W1595,R1595,36,4.8,4,48,Stormy
W1596,R1596,25,3.0,11,24,Moderate
W1597,R1597,30,3.6,6,34,Moderate
W1598,R1598,39,5.2,3,54,Stormy
W1599,R1599,21,2.3,13,16,Good
W1600,R1600,34,4.3,5,41,Stormy
W1601,R1601,26,3.0,13,20,Moderate
W1602,R1602,37,4.6,7,42,Stormy
W1603,R1603,40,5.2,5,50,Stormy
W1604,R1604,22,2.3,15,12,Good
W1605,R1605,18,1.8,16,12,Good
W1606,R1606,22,2.4,13,19,Good
W1607,R1607,27,3.1,10,26,Moderate
W1608,R1608,31,3.8,8,34,Moderate
W1609,R1609,35,4.6,5,46,Stormy
W1610,R1610,24,2.8,12,22,Good
W1611,R1611,29,3.4,7,32,Moderate
W1612,R1612,38,5.0,4,52,Stormy
W1613,R1613,20,2.1,14,14,Good
W1614,R1614,33,4.1,6,39,Moderate
W1615,R1615,19,2.0,15,14,Good
W1616,R1616,23,2.6,12,21,Good
W1617,R1617,28,3.3,9,28,Moderate
W1618,R1618,32,4.0,7,36,Moderate
W1619,R1619,36,4.8,4,48,Stormy
W1620,R1620,25,3.0,11,24,Moderate
W1621,R1621,30,3.6,6,34,Moderate
W1622,R1622,39,5.2,3,54,Stormy
W1623,R1623,21,2.3,13,16,Good
W1624,R1624,34,4.3,5,41,Stormy
W1625,R1625,26,3.0,13,20,Moderate
W1626,R1626,37,4.6,7,42,Stormy
W1627,R1627,40,5.2,5,50,Stormy
W1628,R1628,22,2.3,15,12,Good
W1629,R1629,18,1.8,16,12,Good
W1630,R1630,22,2.4,13,19,Good
W1631,R1631,27,3.1,10,26,Moderate
W1632,R1632,31,3.8,8,34,Moderate
W1633,R1633,35,4.6,5,46,Stormy
W1634,R1634,24,2.8,12,22,Good
W1635,R1635,29,3.4,7,32,Moderate
W1636,R1636,38,5.0,4,52,Stormy
W1637,R1637,20,2.1,14,14,Good
W1638,R1638,33,4.1,6,39,Moderate
W1639,R1639,19,2.0,15,14,Good
W1640,R1640,23,2.6,12,21,Good
W1641,R1641,28,3.3,9,28,Moderate
W1642,R1642,32,4.0,7,36,Moderate
W1643,R1643,36,4.8,4,48,Stormy
W1644,R1644,25,3.0,11,24,Moderate
W1645,R1645,30,3.6,6,34,Moderate
W1646,R1646,39,5.2,3,54,Stormy
W1647,R1647,21,2.3,13,16,Good
W1648,R1648,34,4.3,5,41,Stormy
W1649,R1649,26,3.0,13,20,Moderate
W1650,R1650,37,4.6,7,42,Stormy
W1651,R1651,40,5.2,5,50,Stormy
W1652,R1652,22,2.3,15,12,Good
W1653,R1653,18,1.8,16,12,Good
W1654,R1654,22,2.4,13,19,Good
W1655,R1655,27,3.1,10,26,Moderate
W1656,R1656,31,3.8,8,34,Moderate
W1657,R1657,35,4.6,5,46,Stormy
W1658,R1658,24,2.8,12,22,Good
W1659,R1659,29,3.4,7,32,Moderate
W1660,R1660,38,5.0,4,52,Stormy
W1661,R1661,20,2.1,14,14,Good
W1662,R1662,33,4.1,6,39,Moderate
W1663,R1663,19,2.0,15,14,Good
W1664,R1664,23,2.6,12,21,Good
W1665,R1665,28,3.3,9,28,Moderate
W1666,R1666,32,4.0,7,36,Moderate
W1667,R1667,36,4.8,4,48,Stormy
W1668,R1668,25,3.0,11,24,Moderate
W1669,R1669,30,3.6,6,34,Moderate
W1670,R1670,39,5.2,3,54,Stormy
W1671,R1671,21,2.3,13,16,Good
W1672,R1672,34,4.3,5,41,Stormy
W1673,R1673,26,3.0,13,20,Moderate
W1674,R1674,37,4.6,7,42,Stormy
W1675,R1675,40,5.2,5,50,Stormy
W1676,R1676,22,2.3,15,12,Good
W1677,R1677,18,1.8,16,12,Good
W1678,R1678,22,2.4,13,19,Good
W1679,R1679,27,3.1,10,26,Moderate
W1680,R1680,31,3.8,8,34,Moderate
W1681,R1681,35,4.6,5,46,Stormy
W1682,R1682,24,2.8,12,22,Good
W1683,R1683,29,3.4,7,32,Moderate
W1684,R1684,38,5.0,4,52,Stormy
W1685,R1685,20,2.1,14,14,Good
W1686,R1686,33,4.1,6,39,Moderate
W1687,R1687,19,2.0,15,14,Good
W1688,R1688,23,2.6,12,21,Good
W1689,R1689,28,3.3,9,28,Moderate
W1690,R1690,32,4.0,7,36,Moderate
W1691,R1691,36,4.8,4,48,Stormy
W1692,R1692,25,3.0,11,24,Moderate
W1693,R1693,30,3.6,6,34,Moderate
W1694,R1694,39,5.2,3,54,Stormy
W1695,R1695,21,2.3,13,16,Good
W1696,R1696,34,4.3,5,41,Stormy
W1697,R1697,26,3.0,13,20,Moderate
W1698,R1698,37,4.6,7,42,Stormy
W1699,R1699,40,5.2,5,50,Stormy
W1700,R1700,22,2.3,15,12,Good
W1701,R1701,18,1.8,16,12,Good
W1702,R1702,22,2.4,13,19,Good
W1703,R1703,27,3.1,10,26,Moderate
W1704,R1704,31,3.8,8,34,Moderate
W1705,R1705,35,4.6,5,46,Stormy
W1706,R1706,24,2.8,12,22,Good
W1707,R1707,29,3.4,7,32,Moderate
W1708,R1708,38,5.0,4,52,Stormy
W1709,R1709,20,2.1,14,14,Good
W1710,R1710,33,4.1,6,39,Moderate
W1711,R1711,19,2.0,15,14,Good
W1712,R1712,23,2.6,12,21,Good
W1713,R1713,28,3.3,9,28,Moderate
W1714,R1714,32,4.0,7,36,Moderate
W1715,R1715,36,4.8,4,48,Stormy
W1716,R1716,25,3.0,11,24,Moderate
W1717,R1717,30,3.6,6,34,Moderate
W1718,R1718,39,5.2,3,54,Stormy
W1719,R1719,21,2.3,13,16,Good
W1720,R1720,34,4.3,5,41,Stormy
W1721,R1721,26,3.0,13,20,Moderate
W1722,R1722,37,4.6,7,42,Stormy
W1723,R1723,40,5.2,5,50,Stormy
W1724,R1724,22,2.3,15,12,Good
W1725,R1725,18,1.8,16,12,Good
W1726,R1726,22,2.4,13,19,Good
W1727,R1727,27,3.1,10,26,Moderate
W1728,R1728,31,3.8,8,34,Moderate
W1729,R1729,35,4.6,5,46,Stormy
W1730,R1730,24,2.8,12,22,Good
W1731,R1731,29,3.4,7,32,Moderate
W1732,R1732,38,5.0,4,52,Stormy
W1733,R1733,20,2.1,14,14,Good
W1734,R1734,33,4.1,6,39,Moderate
W1735,R1735,19,2.0,15,14,Good
W1736,R1736,23,2.6,12,21,Good
W1737,R1737,28,3.3,9,28,Moderate
W1738,R1738,32,4.0,7,36,Moderate
W1739,R1739,36,4.8,4,48,Stormy
W1740,R1740,25,3.0,11,24,Moderate
W1741,R1741,30,3.6,6,34,Moderate
W1742,R1742,39,5.2,3,54,Stormy
W1743,R1743,21,2.3,13,16,Good
W1744,R1744,34,4.3,5,41,Stormy
W1745,R1745,26,3.0,13,20,Moderate
W1746,R1746,37,4.6,7,42,Stormy
W1747,R1747,40,5.2,5,50,Stormy
W1748,R1748,22,2.3,15,12,Good
W1749,R1749,18,1.8,16,12,Good
W1750,R1750,22,2.4,13,19,Good
W1751,R1751,27,3.1,10,26,Moderate
W1752,R1752,31,3.8,8,34,Moderate
W1753,R1753,35,4.6,5,46,Stormy
W1754,R1754,24,2.8,12,22,Good
W1755,R1755,29,3.4,7,32,Moderate
W1756,R1756,38,5.0,4,52,Stormy
W1757,R1757,20,2.1,14,14,Good
W1758,R1758,33,4.1,6,39,Moderate
W1759,R1759,19,2.0,15,14,Good
W1760,R1760,23,2.6,12,21,Good
W1761,R1761,28,3.3,9,28,Moderate
W1762,R1762,32,4.0,7,36,Moderate
W1763,R1763,36,4.8,4,48,Stormy
W1764,R1764,25,3.0,11,24,Moderate
W1765,R1765,30,3.6,6,34,Moderate
W1766,R1766,39,5.2,3,54,Stormy
W1767,R1767,21,2.3,13,16,Good
W1768,R1768,34,4.3,5,41,Stormy
W1769,R1769,26,3.0,13,20,Moderate
W1770,R1770,37,4.6,7,42,Stormy
W1771,R1771,40,5.2,5,50,Stormy
W1772,R1772,22,2.3,15,12,Good
W1773,R1773,18,1.8,16,12,Good
W1774,R1774,22,2.4,13,19,Good
W1775,R1775,27,3.1,10,26,Moderate
W1776,R1776,31,3.8,8,34,Moderate
W1777,R1777,35,4.6,5,46,Stormy
W1778,R1778,24,2.8,12,22,Good
W1779,R1779,29,3.4,7,32,Moderate
W1780,R1780,38,5.0,4,52,Stormy
W1781,R1781,20,2.1,14,14,Good
W1782,R1782,33,4.1,6,39,Moderate
W1783,R1783,19,2.0,15,14,Good
W1784,R1784,23,2.6,12,21,Good
W1785,R1785,28,3.3,9,28,Moderate
W1786,R1786,32,4.0,7,36,Moderate
W1787,R1787,36,4.8,4,48,Stormy
W1788,R1788,25,3.0,11,24,Moderate
W1789,R1789,30,3.6,6,34,Moderate
W1790,R1790,39,5.2,3,54,Stormy
W1791,R1791,21,2.3,13,16,Good
W1792,R1792,34,4.3,5,41,Stormy
W1793,R1793,26,3.0,13,20,Moderate
W1794,R1794,37,4.6,7,42,Stormy
W1795,R1795,40,5.2,5,50,Stormy
W1796,R1796,22,2.3,15,12,Good
W1797,R1797,18,1.8,16,12,Good
W1798,R1798,22,2.4,13,19,Good
W1799,R1799,27,3.1,10,26,Moderate
W1800,R1800,31,3.8,8,34,Moderate
W1801,R1801,35,4.6,5,46,Stormy
W1802,R1802,24,2.8,12,22,Good
W1803,R1803,29,3.4,7,32,Moderate
W1804,R1804,38,5.0,4,52,Stormy
W1805,R1805,20,2.1,14,14,Good
W1806,R1806,33,4.1,6,39,Moderate
W1807,R1807,19,2.0,15,14,Good
W1808,R1808,23,2.6,12,21,Good
W1809,R1809,28,3.3,9,28,Moderate
W1810,R1810,32,4.0,7,36,Moderate
W1811,R1811,36,4.8,4,48,Stormy
W1812,R1812,25,3.0,11,24,Moderate
W1813,R1813,30,3.6,6,34,Moderate
W1814,R1814,39,5.2,3,54,Stormy
W1815,R1815,21,2.3,13,16,Good
W1816,R1816,34,4.3,5,41,Stormy
W1817,R1817,26,3.0,13,20,Moderate
W1818,R1818,37,4.6,7,42,Stormy
W1819,R1819,40,5.2,5,50,Stormy
W1820,R1820,22,2.3,15,12,Good
W1821,R1821,18,1.8,16,12,Good
W1822,R1822,22,2.4,13,19,Good
W1823,R1823,27,3.1,10,26,Moderate
W1824,R1824,31,3.8,8,34,Moderate
W1825,R1825,35,4.6,5,46,Stormy
W1826,R1826,24,2.8,12,22,Good
W1827,R1827,29,3.4,7,32,Moderate
W1828,R1828,38,5.0,4,52,Stormy
W1829,R1829,20,2.1,14,14,Good
W1830,R1830,33,4.1,6,39,Moderate
W1831,R1831,19,2.0,15,14,Good
W1832,R1832,23,2.6,12,21,Good
W1833,R1833,28,3.3,9,28,Moderate
W1834,R1834,32,4.0,7,36,Moderate
W1835,R1835,36,4.8,4,48,Stormy
W1836,R1836,25,3.0,11,24,Moderate
W1837,R1837,30,3.6,6,34,Moderate
W1838,R1838,39,5.2,3,54,Stormy
W1839,R1839,21,2.3,13,16,Good
W1840,R1840,34,4.3,5,41,Stormy
W1841,R1841,26,3.0,13,20,Moderate
W1842,R1842,37,4.6,7,42,Stormy
W1843,R1843,40,5.2,5,50,Stormy
W1844,R1844,22,2.3,15,12,Good
W1845,R1845,18,1.8,16,12,Good
W1846,R1846,22,2.4,13,19,Good
W1847,R1847,27,3.1,10,26,Moderate
W1848,R1848,31,3.8,8,34,Moderate
W1849,R1849,35,4.6,5,46,Stormy
W1850,R1850,24,2.8,12,22,Good
W1851,R1851,29,3.4,7,32,Moderate
W1852,R1852,38,5.0,4,52,Stormy
W1853,R1853,20,2.1,14,14,Good
W1854,R1854,33,4.1,6,39,Moderate
W1855,R1855,19,2.0,15,14,Good
W1856,R1856,23,2.6,12,21,Good
W1857,R1857,28,3.3,9,28,Moderate
W1858,R1858,32,4.0,7,36,Moderate
W1859,R1859,36,4.8,4,48,Stormy
W1860,R1860,25,3.0,11,24,Moderate
W1861,R1861,30,3.6,6,34,Moderate
W1862,R1862,39,5.2,3,54,Stormy
W1863,R1863,21,2.3,13,16,Good
W1864,R1864,34,4.3,5,41,Stormy
W1865,R1865,26,3.0,13,20,Moderate
W1866,R1866,37,4.6,7,42,Stormy
W1867,R1867,40,5.2,5,50,Stormy
W1868,R1868,22,2.3,15,12,Good
W1869,R1869,18,1.8,16,12,Good
W1870,R1870,22,2.4,13,19,Good
W1871,R1871,27,3.1,10,26,Moderate
W1872,R1872,31,3.8,8,34,Moderate
W1873,R1873,35,4.6,5,46,Stormy
W1874,R1874,24,2.8,12,22,Good
W1875,R1875,29,3.4,7,32,Moderate
W1876,R1876,38,5.0,4,52,Stormy
W1877,R1877,20,2.1,14,14,Good
W1878,R1878,33,4.1,6,39,Moderate
W1879,R1879,19,2.0,15,14,Good
W1880,R1880,23,2.6,12,21,Good
W1881,R1881,28,3.3,9,28,Moderate
W1882,R1882,32,4.0,7,36,Moderate
W1883,R1883,36,4.8,4,48,Stormy
W1884,R1884,25,3.0,11,24,Moderate
W1885,R1885,30,3.6,6,34,Moderate
W1886,R1886,39,5.2,3,54,Stormy
W1887,R1887,21,2.3,13,16,Good
W1888,R1888,34,4.3,5,41,Stormy
W1889,R1889,26,3.0,13,20,Moderate
W1890,R1890,37,4.6,7,42,Stormy
W1891,R1891,40,5.2,5,50,Stormy
W1892,R1892,22,2.3,15,12,Good
W1893,R1893,18,1.8,16,12,Good
W1894,R1894,22,2.4,13,19,Good
W1895,R1895,27,3.1,10,26,Moderate
W1896,R1896,31,3.8,8,34,Moderate
W1897,R1897,35,4.6,5,46,Stormy
W1898,R1898,24,2.8,12,22,Good
W1899,R1899,29,3.4,7,32,Moderate
W1900,R1900,38,5.0,4,52,Stormy
W1901,R1901,20,2.1,14,14,Good
W1902,R1902,33,4.1,6,39,Moderate
W1903,R1903,19,2.0,15,14,Good
W1904,R1904,23,2.6,12,21,Good
W1905,R1905,28,3.3,9,28,Moderate
W1906,R1906,32,4.0,7,36,Moderate
W1907,R1907,36,4.8,4,48,Stormy
W1908,R1908,25,3.0,11,24,Moderate
W1909,R1909,30,3.6,6,34,Moderate
W1910,R1910,39,5.2,3,54,Stormy
W1911,R1911,21,2.3,13,16,Good
W1912,R1912,34,4.3,5,41,Stormy
W1913,R1913,26,3.0,13,20,Moderate
W1914,R1914,37,4.6,7,42,Stormy
W1915,R1915,40,5.2,5,50,Stormy
W1916,R1916,22,2.3,15,12,Good
W1917,R1917,18,1.8,16,12,Good
W1918,R1918,22,2.4,13,19,Good
W1919,R1919,27,3.1,10,26,Moderate
W1920,R1920,31,3.8,8,34,Moderate
W1921,R1921,35,4.6,5,46,Stormy
W1922,R1922,24,2.8,12,22,Good
W1923,R1923,29,3.4,7,32,Moderate
W1924,R1924,38,5.0,4,52,Stormy
W1925,R1925,20,2.1,14,14,Good
W1926,R1926,33,4.1,6,39,Moderate
W1927,R1927,19,2.0,15,14,Good
W1928,R1928,23,2.6,12,21,Good
W1929,R1929,28,3.3,9,28,Moderate
W1930,R1930,32,4.0,7,36,Moderate
W1931,R1931,36,4.8,4,48,Stormy
W1932,R1932,25,3.0,11,24,Moderate
W1933,R1933,30,3.6,6,34,Moderate
W1934,R1934,39,5.2,3,54,Stormy
W1935,R1935,21,2.3,13,16,Good
W1936,R1936,34,4.3,5,41,Stormy
W1937,R1937,26,3.0,13,20,Moderate
W1938,R1938,37,4.6,7,42,Stormy
W1939,R1939,40,5.2,5,50,Stormy
W1940,R1940,22,2.3,15,12,Good
W1941,R1941,18,1.8,16,12,Good
W1942,R1942,22,2.4,13,19,Good
W1943,R1943,27,3.1,10,26,Moderate
W1944,R1944,31,3.8,8,34,Moderate
W1945,R1945,35,4.6,5,46,Stormy
W1946,R1946,24,2.8,12,22,Good
W1947,R1947,29,3.4,7,32,Moderate
W1948,R1948,38,5.0,4,52,Stormy
W1949,R1949,20,2.1,14,14,Good
W1950,R1950,33,4.1,6,39,Moderate
W1951,R1951,19,2.0,15,14,Good
W1952,R1952,23,2.6,12,21,Good
W1953,R1953,28,3.3,9,28,Moderate
W1954,R1954,32,4.0,7,36,Moderate
W1955,R1955,36,4.8,4,48,Stormy
W1956,R1956,25,3.0,11,24,Moderate
W1957,R1957,30,3.6,6,34,Moderate
W1958,R1958,39,5.2,3,54,Stormy
W1959,R1959,21,2.3,13,16,Good
W1960,R1960,34,4.3,5,41,Stormy
W1961,R1961,26,3.0,13,20,Moderate
W1962,R1962,37,4.6,7,42,Stormy
W1963,R1963,40,5.2,5,50,Stormy
W1964,R1964,22,2.3,15,12,Good
W1965,R1965,18,1.8,16,12,Good
W1966,R1966,22,2.4,13,19,Good
W1967,R1967,27,3.1,10,26,Moderate
W1968,R1968,31,3.8,8,34,Moderate
W1969,R1969,35,4.6,5,46,Stormy
W1970,R1970,24,2.8,12,22,Good
W1971,R1971,29,3.4,7,32,Moderate
W1972,R1972,38,5.0,4,52,Stormy
W1973,R1973,20,2.1,14,14,Good
W1974,R1974,33,4.1,6,39,Moderate
W1975,R1975,19,2.0,15,14,Good
W1976,R1976,23,2.6,12,21,Good
W1977,R1977,28,3.3,9,28,Moderate
W1978,R1978,32,4.0,7,36,Moderate
W1979,R1979,36,4.8,4,48,Stormy
W1980,R1980,25,3.0,11,24,Moderate
W1981,R1981,30,3.6,6,34,Moderate
W1982,R1982,39,5.2,3,54,Stormy
W1983,R1983,21,2.3,13,16,Good
W1984,R1984,34,4.3,5,41,Stormy
W1985,R1985,26,3.0,13,20,Moderate
W1986,R1986,37,4.6,7,42,Stormy
W1987,R1987,40,5.2,5,50,Stormy
W1988,R1988,22,2.3,15,12,Good
W1989,R1989,18,1.8,16,12,Good
W1990,R1990,22,2.4,13,19,Good
W1991,R1991,27,3.1,10,26,Moderate
W1992,R1992,31,3.8,8,34,Moderate
W1993,R1993,35,4.6,5,46,Stormy
W1994,R1994,24,2.8,12,22,Good
W1995,R1995,29,3.4,7,32,Moderate
W1996,R1996,38,5.0,4,52,Stormy
W1997,R1997,20,2.1,14,14,Good
W1998,R1998,33,4.1,6,39,Moderate
W1999,R1999,19,2.0,15,14,Good
W2000,R2000,23,2.6,12,21,Good
W2001,R2001,28,3.3,9,28,Moderate
W2002,R2002,32,4.0,7,36,Moderate
W2003,R2003,36,4.8,4,48,Stormy
W2004,R2004,25,3.0,11,24,Moderate
W2005,R2005,30,3.6,6,34,Moderate
W2006,R2006,39,5.2,3,54,Stormy
W2007,R2007,21,2.3,13,16,Good
W2008,R2008,34,4.3,5,41,Stormy
W2009,R2009,26,3.0,13,20,Moderate
W2010,R2010,37,4.6,7,42,Stormy
W2011,R2011,40,5.2,5,50,Stormy
W2012,R2012,22,2.3,15,12,Good
W2013,R2013,18,1.8,16,12,Good
W2014,R2014,22,2.4,13,19,Good
W2015,R2015,27,3.1,10,26,Moderate
W2016,R2016,31,3.8,8,34,Moderate
W2017,R2017,35,4.6,5,46,Stormy
W2018,R2018,24,2.8,12,22,Good
W2019,R2019,29,3.4,7,32,Moderate
W2020,R2020,38,5.0,4,52,Stormy
W2021,R2021,20,2.1,14,14,Good
W2022,R2022,33,4.1,6,39,Moderate
W2023,R2023,19,2.0,15,14,Good
W2024,R2024,23,2.6,12,21,Good
W2025,R2025,28,3.3,9,28,Moderate
W2026,R2026,32,4.0,7,36,Moderate
W2027,R2027,36,4.8,4,48,Stormy
W2028,R2028,25,3.0,11,24,Moderate
W2029,R2029,30,3.6,6,34,Moderate
W2030,R2030,39,5.2,3,54,Stormy
W2031,R2031,21,2.3,13,16,Good
W2032,R2032,34,4.3,5,41,Stormy
W2033,R2033,26,3.0,13,20,Moderate
W2034,R2034,37,4.6,7,42,Stormy
W2035,R2035,40,5.2,5,50,Stormy
W2036,R2036,22,2.3,15,12,Good
W2037,R2037,18,1.8,16,12,Good
W2038,R2038,22,2.4,13,19,Good
W2039,R2039,27,3.1,10,26,Moderate
W2040,R2040,31,3.8,8,34,Moderate
W2041,R2041,35,4.6,5,46,Stormy
W2042,R2042,24,2.8,12,22,Good
W2043,R2043,29,3.4,7,32,Moderate
W2044,R2044,38,5.0,4,52,Stormy
W2045,R2045,20,2.1,14,14,Good
W2046,R2046,33,4.1,6,39,Moderate
W2047,R2047,19,2.0,15,14,Good
W2048,R2048,23,2.6,12,21,Good
W2049,R2049,28,3.3,9,28,Moderate
W2050,R2050,32,4.0,7,36,Moderate
W2051,R2051,36,4.8,4,48,Stormy
W2052,R2052,25,3.0,11,24,Moderate
W2053,R2053,30,3.6,6,34,Moderate
W2054,R2054,39,5.2,3,54,Stormy
W2055,R2055,21,2.3,13,16,Good
W2056,R2056,34,4.3,5,41,Stormy
W2057,R2057,26,3.0,13,20,Moderate
W2058,R2058,37,4.6,7,42,Stormy
W2059,R2059,40,5.2,5,50,Stormy
W2060,R2060,22,2.3,15,12,Good
W2061,R2061,18,1.8,16,12,Good
W2062,R2062,22,2.4,13,19,Good
W2063,R2063,27,3.1,10,26,Moderate
W2064,R2064,31,3.8,8,34,Moderate
W2065,R2065,35,4.6,5,46,Stormy
W2066,R2066,24,2.8,12,22,Good
W2067,R2067,29,3.4,7,32,Moderate
W2068,R2068,38,5.0,4,52,Stormy
W2069,R2069,20,2.1,14,14,Good
W2070,R2070,33,4.1,6,39,Moderate
W2071,R2071,19,2.0,15,14,Good
W2072,R2072,23,2.6,12,21,Good
W2073,R2073,28,3.3,9,28,Moderate
W2074,R2074,32,4.0,7,36,Moderate
W2075,R2075,36,4.8,4,48,Stormy
W2076,R2076,25,3.0,11,24,Moderate
W2077,R2077,30,3.6,6,34,Moderate
W2078,R2078,39,5.2,3,54,Stormy
W2079,R2079,21,2.3,13,16,Good
W2080,R2080,34,4.3,5,41,Stormy
W2081,R2081,26,3.0,13,20,Moderate
W2082,R2082,37,4.6,7,42,Stormy
W2083,R2083,40,5.2,5,50,Stormy
W2084,R2084,22,2.3,15,12,Good
W2085,R2085,18,1.8,16,12,Good
W2086,R2086,22,2.4,13,19,Good
W2087,R2087,27,3.1,10,26,Moderate
W2088,R2088,31,3.8,8,34,Moderate
W2089,R2089,35,4.6,5,46,Stormy
W2090,R2090,24,2.8,12,22,Good
W2091,R2091,29,3.4,7,32,Moderate
W2092,R2092,38,5.0,4,52,Stormy
W2093,R2093,20,2.1,14,14,Good
W2094,R2094,33,4.1,6,39,Moderate
W2095,R2095,19,2.0,15,14,Good
W2096,R2096,23,2.6,12,21,Good
W2097,R2097,28,3.3,9,28,Moderate
W2098,R2098,32,4.0,7,36,Moderate
W2099,R2099,36,4.8,4,48,Stormy
W2100,R2100,25,3.0,11,24,Moderate
W2101,R2101,30,3.6,6,34,Moderate
W2102,R2102,39,5.2,3,54,Stormy
W2103,R2103,21,2.3,13,16,Good
W2104,R2104,34,4.3,5,41,Stormy
W2105,R2105,26,3.0,13,20,Moderate
W2106,R2106,37,4.6,7,42,Stormy
W2107,R2107,40,5.2,5,50,Stormy
W2108,R2108,22,2.3,15,12,Good
W2109,R2109,18,1.8,16,12,Good
W2110,R2110,22,2.4,13,19,Good
W2111,R2111,27,3.1,10,26,Moderate
W2112,R2112,31,3.8,8,34,Moderate
W2113,R2113,35,4.6,5,46,Stormy
W2114,R2114,24,2.8,12,22,Good
W2115,R2115,29,3.4,7,32,Moderate
W2116,R2116,38,5.0,4,52,Stormy
W2117,R2117,20,2.1,14,14,Good
W2118,R2118,33,4.1,6,39,Moderate
W2119,R2119,19,2.0,15,14,Good
W2120,R2120,23,2.6,12,21,Good
W2121,R2121,28,3.3,9,28,Moderate
W2122,R2122,32,4.0,7,36,Moderate
W2123,R2123,36,4.8,4,48,Stormy
W2124,R2124,25,3.0,11,24,Moderate
W2125,R2125,30,3.6,6,34,Moderate
W2126,R2126,39,5.2,3,54,Stormy
W2127,R2127,21,2.3,13,16,Good
W2128,R2128,34,4.3,5,41,Stormy
W2129,R2129,26,3.0,13,20,Moderate
W2130,R2130,37,4.6,7,42,Stormy
W2131,R2131,40,5.2,5,50,Stormy
W2132,R2132,22,2.3,15,12,Good
W2133,R2133,18,1.8,16,12,Good
W2134,R2134,22,2.4,13,19,Good
W2135,R2135,27,3.1,10,26,Moderate
W2136,R2136,31,3.8,8,34,Moderate
W2137,R2137,35,4.6,5,46,Stormy
W2138,R2138,24,2.8,12,22,Good
W2139,R2139,29,3.4,7,32,Moderate
W2140,R2140,38,5.0,4,52,Stormy
W2141,R2141,20,2.1,14,14,Good
W2142,R2142,33,4.1,6,39,Moderate
W2143,R2143,19,2.0,15,14,Good
W2144,R2144,23,2.6,12,21,Good
W2145,R2145,28,3.3,9,28,Moderate
W2146,R2146,32,4.0,7,36,Moderate
W2147,R2147,36,4.8,4,48,Stormy
W2148,R2148,25,3.0,11,24,Moderate
W2149,R2149,30,3.6,6,34,Moderate
W2150,R2150,39,5.2,3,54,Stormy
W2151,R2151,21,2.3,13,16,Good
W2152,R2152,34,4.3,5,41,Stormy
W2153,R2153,26,3.0,13,20,Moderate
W2154,R2154,37,4.6,7,42,Stormy
W2155,R2155,40,5.2,5,50,Stormy
W2156,R2156,22,2.3,15,12,Good
W2157,R2157,18,1.8,16,12,Good
W2158,R2158,22,2.4,13,19,Good
W2159,R2159,27,3.1,10,26,Moderate
W2160,R2160,31,3.8,8,34,Moderate
W2161,R2161,35,4.6,5,46,Stormy
W2162,R2162,24,2.8,12,22,Good
W2163,R2163,29,3.4,7,32,Moderate
W2164,R2164,38,5.0,4,52,Stormy
W2165,R2165,20,2.1,14,14,Good
W2166,R2166,33,4.1,6,39,Moderate
W2167,R2167,19,2.0,15,14,Good
W2168,R2168,23,2.6,12,21,Good
W2169,R2169,28,3.3,9,28,Moderate
W2170,R2170,32,4.0,7,36,Moderate
W2171,R2171,36,4.8,4,48,Stormy
W2172,R2172,25,3.0,11,24,Moderate
W2173,R2173,30,3.6,6,34,Moderate
W2174,R2174,39,5.2,3,54,Stormy
W2175,R2175,21,2.3,13,16,Good
W2176,R2176,34,4.3,5,41,Stormy
W2177,R2177,26,3.0,13,20,Moderate
W2178,R2178,37,4.6,7,42,Stormy
W2179,R2179,40,5.2,5,50,Stormy
W2180,R2180,22,2.3,15,12,Good
W2181,R2181,18,1.8,16,12,Good
W2182,R2182,22,2.4,13,19,Good
W2183,R2183,27,3.1,10,26,Moderate
W2184,R2184,31,3.8,8,34,Moderate
W2185,R2185,35,4.6,5,46,Stormy
W2186,R2186,24,2.8,12,22,Good
W2187,R2187,29,3.4,7,32,Moderate
W2188,R2188,38,5.0,4,52,Stormy
W2189,R2189,20,2.1,14,14,Good
W2190,R2190,33,4.1,6,39,Moderate
W2191,R2191,19,2.0,15,14,Good
W2192,R2192,23,2.6,12,21,Good
W2193,R2193,28,3.3,9,28,Moderate
W2194,R2194,32,4.0,7,36,Moderate
W2195,R2195,36,4.8,4,48,Stormy
W2196,R2196,25,3.0,11,24,Moderate
W2197,R2197,30,3.6,6,34,Moderate
W2198,R2198,39,5.2,3,54,Stormy
W2199,R2199,21,2.3,13,16,Good
W2200,R2200,34,4.3,5,41,Stormy
W2201,R2201,26,3.0,13,20,Moderate
W2202,R2202,37,4.6,7,42,Stormy
W2203,R2203,40,5.2,5,50,Stormy
W2204,R2204,22,2.3,15,12,Good
W2205,R2205,18,1.8,16,12,Good
W2206,R2206,22,2.4,13,19,Good
W2207,R2207,27,3.1,10,26,Moderate
W2208,R2208,31,3.8,8,34,Moderate
W2209,R2209,35,4.6,5,46,Stormy
W2210,R2210,24,2.8,12,22,Good
W2211,R2211,29,3.4,7,32,Moderate
W2212,R2212,38,5.0,4,52,Stormy
W2213,R2213,20,2.1,14,14,Good
W2214,R2214,33,4.1,6,39,Moderate
W2215,R2215,19,2.0,15,14,Good
W2216,R2216,23,2.6,12,21,Good
W2217,R2217,28,3.3,9,28,Moderate
W2218,R2218,32,4.0,7,36,Moderate
W2219,R2219,36,4.8,4,48,Stormy
W2220,R2220,25,3.0,11,24,Moderate
W2221,R2221,30,3.6,6,34,Moderate
W2222,R2222,39,5.2,3,54,Stormy
W2223,R2223,21,2.3,13,16,Good
W2224,R2224,34,4.3,5,41,Stormy
W2225,R2225,26,3.0,13,20,Moderate
W2226,R2226,37,4.6,7,42,Stormy
W2227,R2227,40,5.2,5,50,Stormy
W2228,R2228,22,2.3,15,12,Good
W2229,R2229,18,1.8,16,12,Good
W2230,R2230,22,2.4,13,19,Good
W2231,R2231,27,3.1,10,26,Moderate
W2232,R2232,31,3.8,8,34,Moderate
W2233,R2233,35,4.6,5,46,Stormy
W2234,R2234,24,2.8,12,22,Good
W2235,R2235,29,3.4,7,32,Moderate
W2236,R2236,38,5.0,4,52,Stormy
W2237,R2237,20,2.1,14,14,Good
W2238,R2238,33,4.1,6,39,Moderate
W2239,R2239,19,2.0,15,14,Good
W2240,R2240,23,2.6,12,21,Good
W2241,R2241,28,3.3,9,28,Moderate
W2242,R2242,32,4.0,7,36,Moderate
W2243,R2243,36,4.8,4,48,Stormy
W2244,R2244,25,3.0,11,24,Moderate
W2245,R2245,30,3.6,6,34,Moderate
W2246,R2246,39,5.2,3,54,Stormy
W2247,R2247,21,2.3,13,16,Good
W2248,R2248,34,4.3,5,41,Stormy
W2249,R2249,26,3.0,13,20,Moderate
W2250,R2250,37,4.6,7,42,Stormy
W2251,R2251,40,5.2,5,50,Stormy
W2252,R2252,22,2.3,15,12,Good
W2253,R2253,18,1.8,16,12,Good
W2254,R2254,22,2.4,13,19,Good
W2255,R2255,27,3.1,10,26,Moderate
W2256,R2256,31,3.8,8,34,Moderate
W2257,R2257,35,4.6,5,46,Stormy
W2258,R2258,24,2.8,12,22,Good
W2259,R2259,29,3.4,7,32,Moderate
W2260,R2260,38,5.0,4,52,Stormy
W2261,R2261,20,2.1,14,14,Good
W2262,R2262,33,4.1,6,39,Moderate
W2263,R2263,19,2.0,15,14,Good
W2264,R2264,23,2.6,12,21,Good
W2265,R2265,28,3.3,9,28,Moderate
W2266,R2266,32,4.0,7,36,Moderate
W2267,R2267,36,4.8,4,48,Stormy
W2268,R2268,25,3.0,11,24,Moderate
W2269,R2269,30,3.6,6,34,Moderate
W2270,R2270,39,5.2,3,54,Stormy
W2271,R2271,21,2.3,13,16,Good
W2272,R2272,34,4.3,5,41,Stormy
W2273,R2273,26,3.0,13,20,Moderate
W2274,R2274,37,4.6,7,42,Stormy
W2275,R2275,40,5.2,5,50,Stormy
W2276,R2276,22,2.3,15,12,Good
W2277,R2277,18,1.8,16,12,Good
W2278,R2278,22,2.4,13,19,Good
W2279,R2279,27,3.1,10,26,Moderate
W2280,R2280,31,3.8,8,34,Moderate
W2281,R2281,35,4.6,5,46,Stormy
W2282,R2282,24,2.8,12,22,Good
W2283,R2283,29,3.4,7,32,Moderate
W2284,R2284,38,5.0,4,52,Stormy
W2285,R2285,20,2.1,14,14,Good
W2286,R2286,33,4.1,6,39,Moderate
W2287,R2287,19,2.0,15,14,Good
W2288,R2288,23,2.6,12,21,Good
W2289,R2289,28,3.3,9,28,Moderate
W2290,R2290,32,4.0,7,36,Moderate
W2291,R2291,36,4.8,4,48,Stormy
W2292,R2292,25,3.0,11,24,Moderate
W2293,R2293,30,3.6,6,34,Moderate
W2294,R2294,39,5.2,3,54,Stormy
W2295,R2295,21,2.3,13,16,Good
W2296,R2296,34,4.3,5,41,Stormy
W2297,R2297,26,3.0,13,20,Moderate
W2298,R2298,37,4.6,7,42,Stormy
W2299,R2299,40,5.2,5,50,Stormy
W2300,R2300,22,2.3,15,12,Good
W2301,R2301,18,1.8,16,12,Good
W2302,R2302,22,2.4,13,19,Good
W2303,R2303,27,3.1,10,26,Moderate
W2304,R2304,31,3.8,8,34,Moderate
W2305,R2305,35,4.6,5,46,Stormy
W2306,R2306,24,2.8,12,22,Good
W2307,R2307,29,3.4,7,32,Moderate
W2308,R2308,38,5.0,4,52,Stormy
W2309,R2309,20,2.1,14,14,Good
W2310,R2310,33,4.1,6,39,Moderate
W2311,R2311,19,2.0,15,14,Good
W2312,R2312,23,2.6,12,21,Good
W2313,R2313,28,3.3,9,28,Moderate
W2314,R2314,32,4.0,7,36,Moderate
W2315,R2315,36,4.8,4,48,Stormy
W2316,R2316,25,3.0,11,24,Moderate
W2317,R2317,30,3.6,6,34,Moderate
W2318,R2318,39,5.2,3,54,Stormy
W2319,R2319,21,2.3,13,16,Good
W2320,R2320,34,4.3,5,41,Stormy
W2321,R2321,26,3.0,13,20,Moderate
W2322,R2322,37,4.6,7,42,Stormy
W2323,R2323,40,5.2,5,50,Stormy
W2324,R2324,22,2.3,15,12,Good
W2325,R2325,18,1.8,16,12,Good
W2326,R2326,22,2.4,13,19,Good
W2327,R2327,27,3.1,10,26,Moderate
W2328,R2328,31,3.8,8,34,Moderate
W2329,R2329,35,4.6,5,46,Stormy
W2330,R2330,24,2.8,12,22,Good
W2331,R2331,29,3.4,7,32,Moderate
W2332,R2332,38,5.0,4,52,Stormy
W2333,R2333,20,2.1,14,14,Good
W2334,R2334,33,4.1,6,39,Moderate
W2335,R2335,19,2.0,15,14,Good
W2336,R2336,23,2.6,12,21,Good
W2337,R2337,28,3.3,9,28,Moderate
W2338,R2338,32,4.0,7,36,Moderate
W2339,R2339,36,4.8,4,48,Stormy
W2340,R2340,25,3.0,11,24,Moderate
W2341,R2341,30,3.6,6,34,Moderate
W2342,R2342,39,5.2,3,54,Stormy
W2343,R2343,21,2.3,13,16,Good
W2344,R2344,34,4.3,5,41,Stormy
W2345,R2345,26,3.0,13,20,Moderate
W2346,R2346,37,4.6,7,42,Stormy
W2347,R2347,40,5.2,5,50,Stormy
W2348,R2348,22,2.3,15,12,Good
W2349,R2349,18,1.8,16,12,Good
W2350,R2350,22,2.4,13,19,Good
W2351,R2351,27,3.1,10,26,Moderate
W2352,R2352,31,3.8,8,34,Moderate
W2353,R2353,35,4.6,5,46,Stormy
W2354,R2354,24,2.8,12,22,Good
W2355,R2355,29,3.4,7,32,Moderate
W2356,R2356,38,5.0,4,52,Stormy
W2357,R2357,20,2.1,14,14,Good
W2358,R2358,33,4.1,6,39,Moderate
W2359,R2359,19,2.0,15,14,Good
W2360,R2360,23,2.6,12,21,Good
W2361,R2361,28,3.3,9,28,Moderate
W2362,R2362,32,4.0,7,36,Moderate
W2363,R2363,36,4.8,4,48,Stormy
W2364,R2364,25,3.0,11,24,Moderate
W2365,R2365,30,3.6,6,34,Moderate
W2366,R2366,39,5.2,3,54,Stormy
W2367,R2367,21,2.3,13,16,Good
W2368,R2368,34,4.3,5,41,Stormy
W2369,R2369,26,3.0,13,20,Moderate
W2370,R2370,37,4.6,7,42,Stormy
W2371,R2371,40,5.2,5,50,Stormy
W2372,R2372,22,2.3,15,12,Good
W2373,R2373,18,1.8,16,12,Good
W2374,R2374,22,2.4,13,19,Good
W2375,R2375,27,3.1,10,26,Moderate
W2376,R2376,31,3.8,8,34,Moderate
W2377,R2377,35,4.6,5,46,Stormy
W2378,R2378,24,2.8,12,22,Good
W2379,R2379,29,3.4,7,32,Moderate
W2380,R2380,38,5.0,4,52,Stormy
W2381,R2381,20,2.1,14,14,Good
W2382,R2382,33,4.1,6,39,Moderate
W2383,R2383,19,2.0,15,14,Good
W2384,R2384,23,2.6,12,21,Good
W2385,R2385,28,3.3,9,28,Moderate
W2386,R2386,32,4.0,7,36,Moderate
W2387,R2387,36,4.8,4,48,Stormy
W2388,R2388,25,3.0,11,24,Moderate
W2389,R2389,30,3.6,6,34,Moderate
W2390,R2390,39,5.2,3,54,Stormy
W2391,R2391,21,2.3,13,16,Good
W2392,R2392,34,4.3,5,41,Stormy
W2393,R2393,26,3.0,13,20,Moderate
W2394,R2394,37,4.6,7,42,Stormy
W2395,R2395,40,5.2,5,50,Stormy
W2396,R2396,22,2.3,15,12,Good
W2397,R2397,18,1.8,16,12,Good
W2398,R2398,22,2.4,13,19,Good
W2399,R2399,27,3.1,10,26,Moderate
W2400,R2400,31,3.8,8,34,Moderate
W2401,R2401,35,4.6,5,46,Stormy
W2402,R2402,24,2.8,12,22,Good
W2403,R2403,29,3.4,7,32,Moderate
W2404,R2404,38,5.0,4,52,Stormy
W2405,R2405,20,2.1,14,14,Good
W2406,R2406,33,4.1,6,39,Moderate
W2407,R2407,19,2.0,15,14,Good
W2408,R2408,23,2.6,12,21,Good
W2409,R2409,28,3.3,9,28,Moderate
W2410,R2410,32,4.0,7,36,Moderate
W2411,R2411,36,4.8,4,48,Stormy
W2412,R2412,25,3.0,11,24,Moderate
W2413,R2413,30,3.6,6,34,Moderate
W2414,R2414,39,5.2,3,54,Stormy
W2415,R2415,21,2.3,13,16,Good
W2416,R2416,34,4.3,5,41,Stormy
W2417,R2417,26,3.0,13,20,Moderate
W2418,R2418,37,4.6,7,42,Stormy
W2419,R2419,40,5.2,5,50,Stormy
W2420,R2420,22,2.3,15,12,Good
W2421,R2421,18,1.8,16,12,Good
W2422,R2422,22,2.4,13,19,Good
W2423,R2423,27,3.1,10,26,Moderate
W2424,R2424,31,3.8,8,34,Moderate
W2425,R2425,35,4.6,5,46,Stormy
W2426,R2426,24,2.8,12,22,Good
W2427,R2427,29,3.4,7,32,Moderate
W2428,R2428,38,5.0,4,52,Stormy
W2429,R2429,20,2.1,14,14,Good
W2430,R2430,33,4.1,6,39,Moderate
W2431,R2431,19,2.0,15,14,Good
W2432,R2432,23,2.6,12,21,Good
W2433,R2433,28,3.3,9,28,Moderate
W2434,R2434,32,4.0,7,36,Moderate
W2435,R2435,36,4.8,4,48,Stormy
W2436,R2436,25,3.0,11,24,Moderate
W2437,R2437,30,3.6,6,34,Moderate
W2438,R2438,39,5.2,3,54,Stormy
W2439,R2439,21,2.3,13,16,Good
W2440,R2440,34,4.3,5,41,Stormy
W2441,R2441,26,3.0,13,20,Moderate
W2442,R2442,37,4.6,7,42,Stormy
W2443,R2443,40,5.2,5,50,Stormy
W2444,R2444,22,2.3,15,12,Good
W2445,R2445,18,1.8,16,12,Good
W2446,R2446,22,2.4,13,19,Good
W2447,R2447,27,3.1,10,26,Moderate
W2448,R2448,31,3.8,8,34,Moderate
W2449,R2449,35,4.6,5,46,Stormy
W2450,R2450,24,2.8,12,22,Good
W2451,R2451,29,3.4,7,32,Moderate
W2452,R2452,38,5.0,4,52,Stormy
W2453,R2453,20,2.1,14,14,Good
W2454,R2454,33,4.1,6,39,Moderate
W2455,R2455,19,2.0,15,14,Good
W2456,R2456,23,2.6,12,21,Good
W2457,R2457,28,3.3,9,28,Moderate
W2458,R2458,32,4.0,7,36,Moderate
W2459,R2459,36,4.8,4,48,Stormy
W2460,R2460,25,3.0,11,24,Moderate
W2461,R2461,30,3.6,6,34,Moderate
W2462,R2462,39,5.2,3,54,Stormy
W2463,R2463,21,2.3,13,16,Good
W2464,R2464,34,4.3,5,41,Stormy
W2465,R2465,26,3.0,13,20,Moderate
W2466,R2466,37,4.6,7,42,Stormy
W2467,R2467,40,5.2,5,50,Stormy
W2468,R2468,22,2.3,15,12,Good
W2469,R2469,18,1.8,16,12,Good
W2470,R2470,22,2.4,13,19,Good
W2471,R2471,27,3.1,10,26,Moderate
W2472,R2472,31,3.8,8,34,Moderate
W2473,R2473,35,4.6,5,46,Stormy
W2474,R2474,24,2.8,12,22,Good
W2475,R2475,29,3.4,7,32,Moderate
W2476,R2476,38,5.0,4,52,Stormy
W2477,R2477,20,2.1,14,14,Good
W2478,R2478,33,4.1,6,39,Moderate
W2479,R2479,19,2.0,15,14,Good
W2480,R2480,23,2.6,12,21,Good
W2481,R2481,28,3.3,9,28,Moderate
W2482,R2482,32,4.0,7,36,Moderate
W2483,R2483,36,4.8,4,48,Stormy
W2484,R2484,25,3.0,11,24,Moderate
W2485,R2485,30,3.6,6,34,Moderate
W2486,R2486,39,5.2,3,54,Stormy
W2487,R2487,21,2.3,13,16,Good
W2488,R2488,34,4.3,5,41,Stormy
W2489,R2489,26,3.0,13,20,Moderate
W2490,R2490,37,4.6,7,42,Stormy
W2491,R2491,40,5.2,5,50,Stormy
W2492,R2492,22,2.3,15,12,Good
W2493,R2493,18,1.8,16,12,Good
W2494,R2494,22,2.4,13,19,Good
W2495,R2495,27,3.1,10,26,Moderate
W2496,R2496,31,3.8,8,34,Moderate
W2497,R2497,35,4.6,5,46,Stormy
W2498,R2498,24,2.8,12,22,Good
W2499,R2499,29,3.4,7,32,Moderate
W2500,R2500,38,5.0,4,52,Stormy
W2501,R2501,20,2.1,14,14,Good
W2502,R2502,33,4.1,6,39,Moderate
W2503,R2503,19,2.0,15,14,Good
W2504,R2504,23,2.6,12,21,Good
W2505,R2505,28,3.3,9,28,Moderate
W2506,R2506,32,4.0,7,36,Moderate
W2507,R2507,36,4.8,4,48,Stormy
W2508,R2508,25,3.0,11,24,Moderate
W2509,R2509,30,3.6,6,34,Moderate
W2510,R2510,39,5.2,3,54,Stormy
W2511,R2511,21,2.3,13,16,Good
W2512,R2512,34,4.3,5,41,Stormy
W2513,R2513,26,3.0,13,20,Moderate
W2514,R2514,37,4.6,7,42,Stormy
W2515,R2515,40,5.2,5,50,Stormy
W2516,R2516,22,2.3,15,12,Good
W2517,R2517,18,1.8,16,12,Good
W2518,R2518,22,2.4,13,19,Good
W2519,R2519,27,3.1,10,26,Moderate
W2520,R2520,31,3.8,8,34,Moderate
W2521,R2521,35,4.6,5,46,Stormy
W2522,R2522,24,2.8,12,22,Good
W2523,R2523,29,3.4,7,32,Moderate
W2524,R2524,38,5.0,4,52,Stormy
W2525,R2525,20,2.1,14,14,Good
W2526,R2526,33,4.1,6,39,Moderate
W2527,R2527,19,2.0,15,14,Good
W2528,R2528,23,2.6,12,21,Good
W2529,R2529,28,3.3,9,28,Moderate
W2530,R2530,32,4.0,7,36,Moderate
W2531,R2531,36,4.8,4,48,Stormy
W2532,R2532,25,3.0,11,24,Moderate
W2533,R2533,30,3.6,6,34,Moderate
W2534,R2534,39,5.2,3,54,Stormy
W2535,R2535,21,2.3,13,16,Good
W2536,R2536,34,4.3,5,41,Stormy
W2537,R2537,26,3.0,13,20,Moderate
W2538,R2538,37,4.6,7,42,Stormy
W2539,R2539,40,5.2,5,50,Stormy
W2540,R2540,22,2.3,15,12,Good
W2541,R2541,18,1.8,16,12,Good
W2542,R2542,22,2.4,13,19,Good
W2543,R2543,27,3.1,10,26,Moderate
W2544,R2544,31,3.8,8,34,Moderate
W2545,R2545,35,4.6,5,46,Stormy
W2546,R2546,24,2.8,12,22,Good
W2547,R2547,29,3.4,7,32,Moderate
W2548,R2548,38,5.0,4,52,Stormy
W2549,R2549,20,2.1,14,14,Good
W2550,R2550,33,4.1,6,39,Moderate
W2551,R2551,19,2.0,15,14,Good
W2552,R2552,23,2.6,12,21,Good
W2553,R2553,28,3.3,9,28,Moderate
W2554,R2554,32,4.0,7,36,Moderate
W2555,R2555,36,4.8,4,48,Stormy
W2556,R2556,25,3.0,11,24,Moderate
W2557,R2557,30,3.6,6,34,Moderate
W2558,R2558,39,5.2,3,54,Stormy
W2559,R2559,21,2.3,13,16,Good
W2560,R2560,34,4.3,5,41,Stormy
W2561,R2561,26,3.0,13,20,Moderate
W2562,R2562,37,4.6,7,42,Stormy
W2563,R2563,40,5.2,5,50,Stormy
W2564,R2564,22,2.3,15,12,Good
W2565,R2565,18,1.8,16,12,Good
W2566,R2566,22,2.4,13,19,Good
W2567,R2567,27,3.1,10,26,Moderate
W2568,R2568,31,3.8,8,34,Moderate
W2569,R2569,35,4.6,5,46,Stormy
W2570,R2570,24,2.8,12,22,Good
W2571,R2571,29,3.4,7,32,Moderate
W2572,R2572,38,5.0,4,52,Stormy
W2573,R2573,20,2.1,14,14,Good
W2574,R2574,33,4.1,6,39,Moderate
W2575,R2575,19,2.0,15,14,Good
W2576,R2576,23,2.6,12,21,Good
W2577,R2577,28,3.3,9,28,Moderate
W2578,R2578,32,4.0,7,36,Moderate
W2579,R2579,36,4.8,4,48,Stormy
W2580,R2580,25,3.0,11,24,Moderate
W2581,R2581,30,3.6,6,34,Moderate
W2582,R2582,39,5.2,3,54,Stormy
W2583,R2583,21,2.3,13,16,Good
W2584,R2584,34,4.3,5,41,Stormy
W2585,R2585,26,3.0,13,20,Moderate
W2586,R2586,37,4.6,7,42,Stormy
W2587,R2587,40,5.2,5,50,Stormy
W2588,R2588,22,2.3,15,12,Good
W2589,R2589,18,1.8,16,12,Good
W2590,R2590,22,2.4,13,19,Good
W2591,R2591,27,3.1,10,26,Moderate
W2592,R2592,31,3.8,8,34,Moderate
W2593,R2593,35,4.6,5,46,Stormy
W2594,R2594,24,2.8,12,22,Good
W2595,R2595,29,3.4,7,32,Moderate
W2596,R2596,38,5.0,4,52,Stormy
W2597,R2597,20,2.1,14,14,Good
W2598,R2598,33,4.1,6,39,Moderate
W2599,R2599,19,2.0,15,14,Good
W2600,R2600,23,2.6,12,21,Good
W2601,R2601,28,3.3,9,28,Moderate
W2602,R2602,32,4.0,7,36,Moderate
W2603,R2603,36,4.8,4,48,Stormy
W2604,R2604,25,3.0,11,24,Moderate
W2605,R2605,30,3.6,6,34,Moderate
W2606,R2606,39,5.2,3,54,Stormy
W2607,R2607,21,2.3,13,16,Good
W2608,R2608,34,4.3,5,41,Stormy
W2609,R2609,26,3.0,13,20,Moderate
W2610,R2610,37,4.6,7,42,Stormy
W2611,R2611,40,5.2,5,50,Stormy
W2612,R2612,22,2.3,15,12,Good
W2613,R2613,18,1.8,16,12,Good
W2614,R2614,22,2.4,13,19,Good
W2615,R2615,27,3.1,10,26,Moderate
W2616,R2616,31,3.8,8,34,Moderate
W2617,R2617,35,4.6,5,46,Stormy
W2618,R2618,24,2.8,12,22,Good
W2619,R2619,29,3.4,7,32,Moderate
W2620,R2620,38,5.0,4,52,Stormy
W2621,R2621,20,2.1,14,14,Good
W2622,R2622,33,4.1,6,39,Moderate
W2623,R2623,19,2.0,15,14,Good
W2624,R2624,23,2.6,12,21,Good
W2625,R2625,28,3.3,9,28,Moderate
W2626,R2626,32,4.0,7,36,Moderate
W2627,R2627,36,4.8,4,48,Stormy
W2628,R2628,25,3.0,11,24,Moderate
W2629,R2629,30,3.6,6,34,Moderate
W2630,R2630,39,5.2,3,54,Stormy
W2631,R2631,21,2.3,13,16,Good
W2632,R2632,34,4.3,5,41,Stormy
W2633,R2633,26,3.0,13,20,Moderate
W2634,R2634,37,4.6,7,42,Stormy
W2635,R2635,40,5.2,5,50,Stormy
W2636,R2636,22,2.3,15,12,Good
W2637,R2637,18,1.8,16,12,Good
W2638,R2638,22,2.4,13,19,Good
W2639,R2639,27,3.1,10,26,Moderate
W2640,R2640,31,3.8,8,34,Moderate
W2641,R2641,35,4.6,5,46,Stormy
W2642,R2642,24,2.8,12,22,Good
W2643,R2643,29,3.4,7,32,Moderate
W2644,R2644,38,5.0,4,52,Stormy
W2645,R2645,20,2.1,14,14,Good
W2646,R2646,33,4.1,6,39,Moderate
W2647,R2647,19,2.0,15,14,Good
W2648,R2648,23,2.6,12,21,Good
W2649,R2649,28,3.3,9,28,Moderate
W2650,R2650,32,4.0,7,36,Moderate
W2651,R2651,36,4.8,4,48,Stormy
W2652,R2652,25,3.0,11,24,Moderate
W2653,R2653,30,3.6,6,34,Moderate
W2654,R2654,39,5.2,3,54,Stormy
W2655,R2655,21,2.3,13,16,Good
W2656,R2656,34,4.3,5,41,Stormy
W2657,R2657,26,3.0,13,20,Moderate
W2658,R2658,37,4.6,7,42,Stormy
W2659,R2659,40,5.2,5,50,Stormy
W2660,R2660,22,2.3,15,12,Good
W2661,R2661,18,1.8,16,12,Good
W2662,R2662,22,2.4,13,19,Good
W2663,R2663,27,3.1,10,26,Moderate
W2664,R2664,31,3.8,8,34,Moderate
W2665,R2665,35,4.6,5,46,Stormy
W2666,R2666,24,2.8,12,22,Good
W2667,R2667,29,3.4,7,32,Moderate
W2668,R2668,38,5.0,4,52,Stormy
W2669,R2669,20,2.1,14,14,Good
W2670,R2670,33,4.1,6,39,Moderate
W2671,R2671,19,2.0,15,14,Good
W2672,R2672,23,2.6,12,21,Good
W2673,R2673,28,3.3,9,28,Moderate
W2674,R2674,32,4.0,7,36,Moderate
W2675,R2675,36,4.8,4,48,Stormy
W2676,R2676,25,3.0,11,24,Moderate
W2677,R2677,30,3.6,6,34,Moderate
W2678,R2678,39,5.2,3,54,Stormy
W2679,R2679,21,2.3,13,16,Good
W2680,R2680,34,4.3,5,41,Stormy
W2681,R2681,26,3.0,13,20,Moderate
W2682,R2682,37,4.6,7,42,Stormy
W2683,R2683,40,5.2,5,50,Stormy
W2684,R2684,22,2.3,15,12,Good
W2685,R2685,18,1.8,16,12,Good
W2686,R2686,22,2.4,13,19,Good
W2687,R2687,27,3.1,10,26,Moderate
W2688,R2688,31,3.8,8,34,Moderate
W2689,R2689,35,4.6,5,46,Stormy
W2690,R2690,24,2.8,12,22,Good
W2691,R2691,29,3.4,7,32,Moderate
W2692,R2692,38,5.0,4,52,Stormy
W2693,R2693,20,2.1,14,14,Good
W2694,R2694,33,4.1,6,39,Moderate
W2695,R2695,19,2.0,15,14,Good
W2696,R2696,23,2.6,12,21,Good
W2697,R2697,28,3.3,9,28,Moderate
W2698,R2698,32,4.0,7,36,Moderate
W2699,R2699,36,4.8,4,48,Stormy
W2700,R2700,25,3.0,11,24,Moderate
W2701,R2701,30,3.6,6,34,Moderate
W2702,R2702,39,5.2,3,54,Stormy
W2703,R2703,21,2.3,13,16,Good
W2704,R2704,34,4.3,5,41,Stormy
W2705,R2705,26,3.0,13,20,Moderate
W2706,R2706,37,4.6,7,42,Stormy
W2707,R2707,40,5.2,5,50,Stormy
W2708,R2708,22,2.3,15,12,Good
W2709,R2709,18,1.8,16,12,Good
W2710,R2710,22,2.4,13,19,Good
W2711,R2711,27,3.1,10,26,Moderate
W2712,R2712,31,3.8,8,34,Moderate
W2713,R2713,35,4.6,5,46,Stormy
W2714,R2714,24,2.8,12,22,Good
W2715,R2715,29,3.4,7,32,Moderate
W2716,R2716,38,5.0,4,52,Stormy
W2717,R2717,20,2.1,14,14,Good
W2718,R2718,33,4.1,6,39,Moderate
W2719,R2719,19,2.0,15,14,Good
W2720,R2720,23,2.6,12,21,Good
W2721,R2721,28,3.3,9,28,Moderate
W2722,R2722,32,4.0,7,36,Moderate
W2723,R2723,36,4.8,4,48,Stormy
W2724,R2724,25,3.0,11,24,Moderate
W2725,R2725,30,3.6,6,34,Moderate
W2726,R2726,39,5.2,3,54,Stormy
W2727,R2727,21,2.3,13,16,Good
W2728,R2728,34,4.3,5,41,Stormy
W2729,R2729,26,3.0,13,20,Moderate
W2730,R2730,37,4.6,7,42,Stormy
W2731,R2731,40,5.2,5,50,Stormy
W2732,R2732,22,2.3,15,12,Good
W2733,R2733,18,1.8,16,12,Good
W2734,R2734,22,2.4,13,19,Good
W2735,R2735,27,3.1,10,26,Moderate
W2736,R2736,31,3.8,8,34,Moderate
W2737,R2737,35,4.6,5,46,Stormy
W2738,R2738,24,2.8,12,22,Good
W2739,R2739,29,3.4,7,32,Moderate
W2740,R2740,38,5.0,4,52,Stormy
W2741,R2741,20,2.1,14,14,Good
W2742,R2742,33,4.1,6,39,Moderate
W2743,R2743,19,2.0,15,14,Good
W2744,R2744,23,2.6,12,21,Good
W2745,R2745,28,3.3,9,28,Moderate
W2746,R2746,32,4.0,7,36,Moderate
W2747,R2747,36,4.8,4,48,Stormy
W2748,R2748,25,3.0,11,24,Moderate
W2749,R2749,30,3.6,6,34,Moderate
W2750,R2750,39,5.2,3,54,Stormy
W2751,R2751,21,2.3,13,16,Good
W2752,R2752,34,4.3,5,41,Stormy
W2753,R2753,26,3.0,13,20,Moderate
W2754,R2754,37,4.6,7,42,Stormy
W2755,R2755,40,5.2,5,50,Stormy
W2756,R2756,22,2.3,15,12,Good
W2757,R2757,18,1.8,16,12,Good
W2758,R2758,22,2.4,13,19,Good
W2759,R2759,27,3.1,10,26,Moderate
W2760,R2760,31,3.8,8,34,Moderate
W2761,R2761,35,4.6,5,46,Stormy
W2762,R2762,24,2.8,12,22,Good
W2763,R2763,29,3.4,7,32,Moderate
W2764,R2764,38,5.0,4,52,Stormy
W2765,R2765,20,2.1,14,14,Good
W2766,R2766,33,4.1,6,39,Moderate
W2767,R2767,19,2.0,15,14,Good
W2768,R2768,23,2.6,12,21,Good
W2769,R2769,28,3.3,9,28,Moderate
W2770,R2770,32,4.0,7,36,Moderate
W2771,R2771,36,4.8,4,48,Stormy
W2772,R2772,25,3.0,11,24,Moderate
W2773,R2773,30,3.6,6,34,Moderate
W2774,R2774,39,5.2,3,54,Stormy
W2775,R2775,21,2.3,13,16,Good
W2776,R2776,34,4.3,5,41,Stormy
W2777,R2777,26,3.0,13,20,Moderate
W2778,R2778,37,4.6,7,42,Stormy
W2779,R2779,40,5.2,5,50,Stormy
W2780,R2780,22,2.3,15,12,Good
W2781,R2781,18,1.8,16,12,Good
W2782,R2782,22,2.4,13,19,Good
W2783,R2783,27,3.1,10,26,Moderate
W2784,R2784,31,3.8,8,34,Moderate
W2785,R2785,35,4.6,5,46,Stormy
W2786,R2786,24,2.8,12,22,Good
W2787,R2787,29,3.4,7,32,Moderate
W2788,R2788,38,5.0,4,52,Stormy
W2789,R2789,20,2.1,14,14,Good
W2790,R2790,33,4.1,6,39,Moderate
W2791,R2791,19,2.0,15,14,Good
W2792,R2792,23,2.6,12,21,Good
W2793,R2793,28,3.3,9,28,Moderate
W2794,R2794,32,4.0,7,36,Moderate
W2795,R2795,36,4.8,4,48,Stormy
W2796,R2796,25,3.0,11,24,Moderate
W2797,R2797,30,3.6,6,34,Moderate
W2798,R2798,39,5.2,3,54,Stormy
W2799,R2799,21,2.3,13,16,Good
W2800,R2800,34,4.3,5,41,Stormy
W2801,R2801,26,3.0,13,20,Moderate
W2802,R2802,37,4.6,7,42,Stormy
W2803,R2803,40,5.2,5,50,Stormy
W2804,R2804,22,2.3,15,12,Good
W2805,R2805,18,1.8,16,12,Good
W2806,R2806,22,2.4,13,19,Good
W2807,R2807,27,3.1,10,26,Moderate
W2808,R2808,31,3.8,8,34,Moderate
W2809,R2809,35,4.6,5,46,Stormy
W2810,R2810,24,2.8,12,22,Good
W2811,R2811,29,3.4,7,32,Moderate
W2812,R2812,38,5.0,4,52,Stormy
W2813,R2813,20,2.1,14,14,Good
W2814,R2814,33,4.1,6,39,Moderate
W2815,R2815,19,2.0,15,14,Good
W2816,R2816,23,2.6,12,21,Good
W2817,R2817,28,3.3,9,28,Moderate
W2818,R2818,32,4.0,7,36,Moderate
W2819,R2819,36,4.8,4,48,Stormy
W2820,R2820,25,3.0,11,24,Moderate
W2821,R2821,30,3.6,6,34,Moderate
W2822,R2822,39,5.2,3,54,Stormy
W2823,R2823,21,2.3,13,16,Good
W2824,R2824,34,4.3,5,41,Stormy
W2825,R2825,26,3.0,13,20,Moderate
W2826,R2826,37,4.6,7,42,Stormy
W2827,R2827,40,5.2,5,50,Stormy
W2828,R2828,22,2.3,15,12,Good
W2829,R2829,18,1.8,16,12,Good
W2830,R2830,22,2.4,13,19,Good
W2831,R2831,27,3.1,10,26,Moderate
W2832,R2832,31,3.8,8,34,Moderate
W2833,R2833,35,4.6,5,46,Stormy
W2834,R2834,24,2.8,12,22,Good
W2835,R2835,29,3.4,7,32,Moderate
W2836,R2836,38,5.0,4,52,Stormy
W2837,R2837,20,2.1,14,14,Good
W2838,R2838,33,4.1,6,39,Moderate
W2839,R2839,19,2.0,15,14,Good
W2840,R2840,23,2.6,12,21,Good
W2841,R2841,28,3.3,9,28,Moderate
W2842,R2842,32,4.0,7,36,Moderate
W2843,R2843,36,4.8,4,48,Stormy
W2844,R2844,25,3.0,11,24,Moderate
W2845,R2845,30,3.6,6,34,Moderate
W2846,R2846,39,5.2,3,54,Stormy
W2847,R2847,21,2.3,13,16,Good
W2848,R2848,34,4.3,5,41,Stormy
W2849,R2849,26,3.0,13,20,Moderate
W2850,R2850,37,4.6,7,42,Stormy
W2851,R2851,40,5.2,5,50,Stormy
W2852,R2852,22,2.3,15,12,Good
W2853,R2853,18,1.8,16,12,Good
W2854,R2854,22,2.4,13,19,Good
W2855,R2855,27,3.1,10,26,Moderate
W2856,R2856,31,3.8,8,34,Moderate
W2857,R2857,35,4.6,5,46,Stormy
W2858,R2858,24,2.8,12,22,Good
W2859,R2859,29,3.4,7,32,Moderate
W2860,R2860,38,5.0,4,52,Stormy
W2861,R2861,20,2.1,14,14,Good
W2862,R2862,33,4.1,6,39,Moderate
W2863,R2863,19,2.0,15,14,Good
W2864,R2864,23,2.6,12,21,Good
W2865,R2865,28,3.3,9,28,Moderate
W2866,R2866,32,4.0,7,36,Moderate
W2867,R2867,36,4.8,4,48,Stormy
W2868,R2868,25,3.0,11,24,Moderate
W2869,R2869,30,3.6,6,34,Moderate
W2870,R2870,39,5.2,3,54,Stormy
W2871,R2871,21,2.3,13,16,Good
W2872,R2872,34,4.3,5,41,Stormy
W2873,R2873,26,3.0,13,20,Moderate
W2874,R2874,37,4.6,7,42,Stormy
W2875,R2875,40,5.2,5,50,Stormy
W2876,R2876,22,2.3,15,12,Good
W2877,R2877,18,1.8,16,12,Good
W2878,R2878,22,2.4,13,19,Good
W2879,R2879,27,3.1,10,26,Moderate
W2880,R2880,31,3.8,8,34,Moderate
W2881,R2881,35,4.6,5,46,Stormy
W2882,R2882,24,2.8,12,22,Good
W2883,R2883,29,3.4,7,32,Moderate
W2884,R2884,38,5.0,4,52,Stormy
W2885,R2885,20,2.1,14,14,Good
W2886,R2886,33,4.1,6,39,Moderate
W2887,R2887,19,2.0,15,14,Good
W2888,R2888,23,2.6,12,21,Good
W2889,R2889,28,3.3,9,28,Moderate
W2890,R2890,32,4.0,7,36,Moderate
W2891,R2891,36,4.8,4,48,Stormy
W2892,R2892,25,3.0,11,24,Moderate
W2893,R2893,30,3.6,6,34,Moderate
W2894,R2894,39,5.2,3,54,Stormy
W2895,R2895,21,2.3,13,16,Good
W2896,R2896,34,4.3,5,41,Stormy
W2897,R2897,26,3.0,13,20,Moderate
W2898,R2898,37,4.6,7,42,Stormy
W2899,R2899,40,5.2,5,50,Stormy
W2900,R2900,22,2.3,15,12,Good
W2901,R2901,18,1.8,16,12,Good
W2902,R2902,22,2.4,13,19,Good
W2903,R2903,27,3.1,10,26,Moderate
W2904,R2904,31,3.8,8,34,Moderate
W2905,R2905,35,4.6,5,46,Stormy
W2906,R2906,24,2.8,12,22,Good
W2907,R2907,29,3.4,7,32,Moderate
W2908,R2908,38,5.0,4,52,Stormy
W2909,R2909,20,2.1,14,14,Good
W2910,R2910,33,4.1,6,39,Moderate
W2911,R2911,19,2.0,15,14,Good
W2912,R2912,23,2.6,12,21,Good
W2913,R2913,28,3.3,9,28,Moderate
W2914,R2914,32,4.0,7,36,Moderate
W2915,R2915,36,4.8,4,48,Stormy
W2916,R2916,25,3.0,11,24,Moderate
W2917,R2917,30,3.6,6,34,Moderate
W2918,R2918,39,5.2,3,54,Stormy
W2919,R2919,21,2.3,13,16,Good
W2920,R2920,34,4.3,5,41,Stormy
W2921,R2921,26,3.0,13,20,Moderate
W2922,R2922,37,4.6,7,42,Stormy
W2923,R2923,40,5.2,5,50,Stormy
W2924,R2924,22,2.3,15,12,Good
W2925,R2925,18,1.8,16,12,Good
W2926,R2926,22,2.4,13,19,Good
W2927,R2927,27,3.1,10,26,Moderate
W2928,R2928,31,3.8,8,34,Moderate
W2929,R2929,35,4.6,5,46,Stormy
W2930,R2930,24,2.8,12,22,Good
W2931,R2931,29,3.4,7,32,Moderate
W2932,R2932,38,5.0,4,52,Stormy
W2933,R2933,20,2.1,14,14,Good
W2934,R2934,33,4.1,6,39,Moderate
W2935,R2935,19,2.0,15,14,Good
W2936,R2936,23,2.6,12,21,Good
W2937,R2937,28,3.3,9,28,Moderate
W2938,R2938,32,4.0,7,36,Moderate
W2939,R2939,36,4.8,4,48,Stormy
W2940,R2940,25,3.0,11,24,Moderate
W2941,R2941,30,3.6,6,34,Moderate
W2942,R2942,39,5.2,3,54,Stormy
W2943,R2943,21,2.3,13,16,Good
W2944,R2944,34,4.3,5,41,Stormy
W2945,R2945,26,3.0,13,20,Moderate
W2946,R2946,37,4.6,7,42,Stormy
W2947,R2947,40,5.2,5,50,Stormy
W2948,R2948,22,2.3,15,12,Good
W2949,R2949,18,1.8,16,12,Good
W2950,R2950,22,2.4,13,19,Good
W2951,R2951,27,3.1,10,26,Moderate
W2952,R2952,31,3.8,8,34,Moderate
W2953,R2953,35,4.6,5,46,Stormy
W2954,R2954,24,2.8,12,22,Good
W2955,R2955,29,3.4,7,32,Moderate
W2956,R2956,38,5.0,4,52,Stormy
W2957,R2957,20,2.1,14,14,Good
W2958,R2958,33,4.1,6,39,Moderate
W2959,R2959,19,2.0,15,14,Good
W2960,R2960,23,2.6,12,21,Good
W2961,R2961,28,3.3,9,28,Moderate
W2962,R2962,32,4.0,7,36,Moderate
W2963,R2963,36,4.8,4,48,Stormy
W2964,R2964,25,3.0,11,24,Moderate
W2965,R2965,30,3.6,6,34,Moderate
W2966,R2966,39,5.2,3,54,Stormy
W2967,R2967,21,2.3,13,16,Good
W2968,R2968,34,4.3,5,41,Stormy
W2969,R2969,26,3.0,13,20,Moderate
W2970,R2970,37,4.6,7,42,Stormy
W2971,R2971,40,5.2,5,50,Stormy
W2972,R2972,22,2.3,15,12,Good
W2973,R2973,18,1.8,16,12,Good
W2974,R2974,22,2.4,13,19,Good
W2975,R2975,27,3.1,10,26,Moderate
W2976,R2976,31,3.8,8,34,Moderate
W2977,R2977,35,4.6,5,46,Stormy
W2978,R2978,24,2.8,12,22,Good
W2979,R2979,29,3.4,7,32,Moderate
W2980,R2980,38,5.0,4,52,Stormy
W2981,R2981,20,2.1,14,14,Good
W2982,R2982,33,4.1,6,39,Moderate
W2983,R2983,19,2.0,15,14,Good
W2984,R2984,23,2.6,12,21,Good
W2985,R2985,28,3.3,9,28,Moderate
W2986,R2986,32,4.0,7,36,Moderate
W2987,R2987,36,4.8,4,48,Stormy
W2988,R2988,25,3.0,11,24,Moderate
W2989,R2989,30,3.6,6,34,Moderate
W2990,R2990,39,5.2,3,54,Stormy
W2991,R2991,21,2.3,13,16,Good
W2992,R2992,34,4.3,5,41,Stormy
W2993,R2993,26,3.0,13,20,Moderate
W2994,R2994,37,4.6,7,42,Stormy
W2995,R2995,40,5.2,5,50,Stormy
W2996,R2996,22,2.3,15,12,Good
W2997,R2997,18,1.8,16,12,Good
W2998,R2998,22,2.4,13,19,Good
W2999,R2999,27,3.1,10,26,Moderate
W3000,R3000,31,3.8,8,34,Moderate
W3001,R3001,35,4.6,5,46,Stormy
W3002,R3002,24,2.8,12,22,Good
W3003,R3003,29,3.4,7,32,Moderate
W3004,R3004,38,5.0,4,52,Stormy
W3005,R3005,20,2.1,14,14,Good
W3006,R3006,33,4.1,6,39,Moderate
W3007,R3007,19,2.0,15,14,Good
W3008,R3008,23,2.6,12,21,Good
W3009,R3009,28,3.3,9,28,Moderate
W3010,R3010,32,4.0,7,36,Moderate
W3011,R3011,36,4.8,4,48,Stormy
W3012,R3012,25,3.0,11,24,Moderate
W3013,R3013,30,3.6,6,34,Moderate
W3014,R3014,39,5.2,3,54,Stormy
W3015,R3015,21,2.3,13,16,Good
W3016,R3016,34,4.3,5,41,Stormy
W3017,R3017,26,3.0,13,20,Moderate
W3018,R3018,37,4.6,7,42,Stormy
W3019,R3019,40,5.2,5,50,Stormy
W3020,R3020,22,2.3,15,12,Good
W3021,R3021,18,1.8,16,12,Good
W3022,R3022,22,2.4,13,19,Good
W3023,R3023,27,3.1,10,26,Moderate
W3024,R3024,31,3.8,8,34,Moderate
W3025,R3025,35,4.6,5,46,Stormy
W3026,R3026,24,2.8,12,22,Good
W3027,R3027,29,3.4,7,32,Moderate
W3028,R3028,38,5.0,4,52,Stormy
W3029,R3029,20,2.1,14,14,Good
W3030,R3030,33,4.1,6,39,Moderate
W3031,R3031,19,2.0,15,14,Good
W3032,R3032,23,2.6,12,21,Good
W3033,R3033,28,3.3,9,28,Moderate
W3034,R3034,32,4.0,7,36,Moderate
W3035,R3035,36,4.8,4,48,Stormy
W3036,R3036,25,3.0,11,24,Moderate
W3037,R3037,30,3.6,6,34,Moderate
W3038,R3038,39,5.2,3,54,Stormy
W3039,R3039,21,2.3,13,16,Good
W3040,R3040,34,4.3,5,41,Stormy
W3041,R3041,26,3.0,13,20,Moderate
W3042,R3042,37,4.6,7,42,Stormy
W3043,R3043,40,5.2,5,50,Stormy
W3044,R3044,22,2.3,15,12,Good
W3045,R3045,18,1.8,16,12,Good
W3046,R3046,22,2.4,13,19,Good
W3047,R3047,27,3.1,10,26,Moderate
W3048,R3048,31,3.8,8,34,Moderate
W3049,R3049,35,4.6,5,46,Stormy
W3050,R3050,24,2.8,12,22,Good
W3051,R3051,29,3.4,7,32,Moderate
W3052,R3052,38,5.0,4,52,Stormy
W3053,R3053,20,2.1,14,14,Good
W3054,R3054,33,4.1,6,39,Moderate
W3055,R3055,19,2.0,15,14,Good
W3056,R3056,23,2.6,12,21,Good
W3057,R3057,28,3.3,9,28,Moderate
W3058,R3058,32,4.0,7,36,Moderate
W3059,R3059,36,4.8,4,48,Stormy
W3060,R3060,25,3.0,11,24,Moderate
W3061,R3061,30,3.6,6,34,Moderate
W3062,R3062,39,5.2,3,54,Stormy
W3063,R3063,21,2.3,13,16,Good
W3064,R3064,34,4.3,5,41,Stormy
W3065,R3065,26,3.0,13,20,Moderate
W3066,R3066,37,4.6,7,42,Stormy
W3067,R3067,40,5.2,5,50,Stormy
W3068,R3068,22,2.3,15,12,Good
W3069,R3069,18,1.8,16,12,Good
W3070,R3070,22,2.4,13,19,Good
W3071,R3071,27,3.1,10,26,Moderate
W3072,R3072,31,3.8,8,34,Moderate
W3073,R3073,35,4.6,5,46,Stormy
W3074,R3074,24,2.8,12,22,Good
W3075,R3075,29,3.4,7,32,Moderate
W3076,R3076,38,5.0,4,52,Stormy
W3077,R3077,20,2.1,14,14,Good
W3078,R3078,33,4.1,6,39,Moderate
W3079,R3079,19,2.0,15,14,Good
W3080,R3080,23,2.6,12,21,Good
W3081,R3081,28,3.3,9,28,Moderate
W3082,R3082,32,4.0,7,36,Moderate
W3083,R3083,36,4.8,4,48,Stormy
W3084,R3084,25,3.0,11,24,Moderate
W3085,R3085,30,3.6,6,34,Moderate
W3086,R3086,39,5.2,3,54,Stormy
W3087,R3087,21,2.3,13,16,Good
W3088,R3088,34,4.3,5,41,Stormy
W3089,R3089,26,3.0,13,20,Moderate
W3090,R3090,37,4.6,7,42,Stormy
W3091,R3091,40,5.2,5,50,Stormy
W3092,R3092,22,2.3,15,12,Good
W3093,R3093,18,1.8,16,12,Good
W3094,R3094,22,2.4,13,19,Good
W3095,R3095,27,3.1,10,26,Moderate
W3096,R3096,31,3.8,8,34,Moderate
W3097,R3097,35,4.6,5,46,Stormy
W3098,R3098,24,2.8,12,22,Good
W3099,R3099,29,3.4,7,32,Moderate
W3100,R3100,38,5.0,4,52,Stormy
W3101,R3101,20,2.1,14,14,Good
W3102,R3102,33,4.1,6,39,Moderate
W3103,R3103,19,2.0,15,14,Good
W3104,R3104,23,2.6,12,21,Good
W3105,R3105,28,3.3,9,28,Moderate
W3106,R3106,32,4.0,7,36,Moderate
W3107,R3107,36,4.8,4,48,Stormy
W3108,R3108,25,3.0,11,24,Moderate
W3109,R3109,30,3.6,6,34,Moderate
W3110,R3110,39,5.2,3,54,Stormy
W3111,R3111,21,2.3,13,16,Good
W3112,R3112,34,4.3,5,41,Stormy
W3113,R3113,26,3.0,13,20,Moderate
W3114,R3114,37,4.6,7,42,Stormy
W3115,R3115,40,5.2,5,50,Stormy
W3116,R3116,22,2.3,15,12,Good
W3117,R3117,18,1.8,16,12,Good
W3118,R3118,22,2.4,13,19,Good
W3119,R3119,27,3.1,10,26,Moderate
W3120,R3120,31,3.8,8,34,Moderate
W3121,R3121,35,4.6,5,46,Stormy
W3122,R3122,24,2.8,12,22,Good
W3123,R3123,29,3.4,7,32,Moderate
W3124,R3124,38,5.0,4,52,Stormy
W3125,R3125,20,2.1,14,14,Good
W3126,R3126,33,4.1,6,39,Moderate
W3127,R3127,19,2.0,15,14,Good
W3128,R3128,23,2.6,12,21,Good
W3129,R3129,28,3.3,9,28,Moderate
W3130,R3130,32,4.0,7,36,Moderate
W3131,R3131,36,4.8,4,48,Stormy
W3132,R3132,25,3.0,11,24,Moderate
W3133,R3133,30,3.6,6,34,Moderate
W3134,R3134,39,5.2,3,54,Stormy
W3135,R3135,21,2.3,13,16,Good
W3136,R3136,34,4.3,5,41,Stormy
W3137,R3137,26,3.0,13,20,Moderate
W3138,R3138,37,4.6,7,42,Stormy
W3139,R3139,40,5.2,5,50,Stormy
W3140,R3140,22,2.3,15,12,Good
W3141,R3141,18,1.8,16,12,Good
W3142,R3142,22,2.4,13,19,Good
W3143,R3143,27,3.1,10,26,Moderate
W3144,R3144,31,3.8,8,34,Moderate
W3145,R3145,35,4.6,5,46,Stormy
W3146,R3146,24,2.8,12,22,Good
W3147,R3147,29,3.4,7,32,Moderate
W3148,R3148,38,5.0,4,52,Stormy
W3149,R3149,20,2.1,14,14,Good
W3150,R3150,33,4.1,6,39,Moderate
W3151,R3151,19,2.0,15,14,Good
W3152,R3152,23,2.6,12,21,Good
W3153,R3153,28,3.3,9,28,Moderate
W3154,R3154,32,4.0,7,36,Moderate
W3155,R3155,36,4.8,4,48,Stormy
W3156,R3156,25,3.0,11,24,Moderate
W3157,R3157,30,3.6,6,34,Moderate
W3158,R3158,39,5.2,3,54,Stormy
W3159,R3159,21,2.3,13,16,Good
W3160,R3160,34,4.3,5,41,Stormy
W3161,R3161,26,3.0,13,20,Moderate
W3162,R3162,37,4.6,7,42,Stormy
W3163,R3163,40,5.2,5,50,Stormy
W3164,R3164,22,2.3,15,12,Good
W3165,R3165,18,1.8,16,12,Good
W3166,R3166,22,2.4,13,19,Good
W3167,R3167,27,3.1,10,26,Moderate
W3168,R3168,31,3.8,8,34,Moderate
W3169,R3169,35,4.6,5,46,Stormy
W3170,R3170,24,2.8,12,22,Good
W3171,R3171,29,3.4,7,32,Moderate
W3172,R3172,38,5.0,4,52,Stormy
W3173,R3173,20,2.1,14,14,Good
W3174,R3174,33,4.1,6,39,Moderate
W3175,R3175,19,2.0,15,14,Good
W3176,R3176,23,2.6,12,21,Good
W3177,R3177,28,3.3,9,28,Moderate
W3178,R3178,32,4.0,7,36,Moderate
W3179,R3179,36,4.8,4,48,Stormy
W3180,R3180,25,3.0,11,24,Moderate
W3181,R3181,30,3.6,6,34,Moderate
W3182,R3182,39,5.2,3,54,Stormy
W3183,R3183,21,2.3,13,16,Good
W3184,R3184,34,4.3,5,41,Stormy
W3185,R3185,26,3.0,13,20,Moderate
W3186,R3186,37,4.6,7,42,Stormy
W3187,R3187,40,5.2,5,50,Stormy
W3188,R3188,22,2.3,15,12,Good
W3189,R3189,18,1.8,16,12,Good
W3190,R3190,22,2.4,13,19,Good
W3191,R3191,27,3.1,10,26,Moderate
W3192,R3192,31,3.8,8,34,Moderate
W3193,R3193,35,4.6,5,46,Stormy
W3194,R3194,24,2.8,12,22,Good
W3195,R3195,29,3.4,7,32,Moderate
W3196,R3196,38,5.0,4,52,Stormy
W3197,R3197,20,2.1,14,14,Good
W3198,R3198,33,4.1,6,39,Moderate
W3199,R3199,19,2.0,15,14,Good
W3200,R3200,23,2.6,12,21,Good
W3201,R3201,28,3.3,9,28,Moderate
W3202,R3202,32,4.0,7,36,Moderate
W3203,R3203,36,4.8,4,48,Stormy
W3204,R3204,25,3.0,11,24,Moderate
W3205,R3205,30,3.6,6,34,Moderate
W3206,R3206,39,5.2,3,54,Stormy
W3207,R3207,21,2.3,13,16,Good
W3208,R3208,34,4.3,5,41,Stormy
W3209,R3209,26,3.0,13,20,Moderate
W3210,R3210,37,4.6,7,42,Stormy
W3211,R3211,40,5.2,5,50,Stormy
W3212,R3212,22,2.3,15,12,Good
W3213,R3213,18,1.8,16,12,Good
W3214,R3214,22,2.4,13,19,Good
W3215,R3215,27,3.1,10,26,Moderate
W3216,R3216,31,3.8,8,34,Moderate
W3217,R3217,35,4.6,5,46,Stormy
W3218,R3218,24,2.8,12,22,Good
W3219,R3219,29,3.4,7,32,Moderate
W3220,R3220,38,5.0,4,52,Stormy
W3221,R3221,20,2.1,14,14,Good
W3222,R3222,33,4.1,6,39,Moderate
W3223,R3223,19,2.0,15,14,Good
W3224,R3224,23,2.6,12,21,Good
W3225,R3225,28,3.3,9,28,Moderate
W3226,R3226,32,4.0,7,36,Moderate
W3227,R3227,36,4.8,4,48,Stormy
W3228,R3228,25,3.0,11,24,Moderate
W3229,R3229,30,3.6,6,34,Moderate
W3230,R3230,39,5.2,3,54,Stormy
W3231,R3231,21,2.3,13,16,Good
W3232,R3232,34,4.3,5,41,Stormy
W3233,R3233,26,3.0,13,20,Moderate
W3234,R3234,37,4.6,7,42,Stormy
W3235,R3235,40,5.2,5,50,Stormy
W3236,R3236,22,2.3,15,12,Good
W3237,R3237,18,1.8,16,12,Good
W3238,R3238,22,2.4,13,19,Good
W3239,R3239,27,3.1,10,26,Moderate
W3240,R3240,31,3.8,8,34,Moderate
W3241,R3241,35,4.6,5,46,Stormy
W3242,R3242,24,2.8,12,22,Good
W3243,R3243,29,3.4,7,32,Moderate
W3244,R3244,38,5.0,4,52,Stormy
W3245,R3245,20,2.1,14,14,Good
W3246,R3246,33,4.1,6,39,Moderate
W3247,R3247,19,2.0,15,14,Good
W3248,R3248,23,2.6,12,21,Good
W3249,R3249,28,3.3,9,28,Moderate
W3250,R3250,32,4.0,7,36,Moderate
W3251,R3251,36,4.8,4,48,Stormy
W3252,R3252,25,3.0,11,24,Moderate
W3253,R3253,30,3.6,6,34,Moderate
W3254,R3254,39,5.2,3,54,Stormy
W3255,R3255,21,2.3,13,16,Good
W3256,R3256,34,4.3,5,41,Stormy
W3257,R3257,26,3.0,13,20,Moderate
W3258,R3258,37,4.6,7,42,Stormy
W3259,R3259,40,5.2,5,50,Stormy
W3260,R3260,22,2.3,15,12,Good
W3261,R3261,18,1.8,16,12,Good
W3262,R3262,22,2.4,13,19,Good
W3263,R3263,27,3.1,10,26,Moderate
W3264,R3264,31,3.8,8,34,Moderate
W3265,R3265,35,4.6,5,46,Stormy
W3266,R3266,24,2.8,12,22,Good
W3267,R3267,29,3.4,7,32,Moderate
W3268,R3268,38,5.0,4,52,Stormy
W3269,R3269,20,2.1,14,14,Good
W3270,R3270,33,4.1,6,39,Moderate
W3271,R3271,19,2.0,15,14,Good
W3272,R3272,23,2.6,12,21,Good
W3273,R3273,28,3.3,9,28,Moderate
W3274,R3274,32,4.0,7,36,Moderate
W3275,R3275,36,4.8,4,48,Stormy
W3276,R3276,25,3.0,11,24,Moderate
W3277,R3277,30,3.6,6,34,Moderate
W3278,R3278,39,5.2,3,54,Stormy
W3279,R3279,21,2.3,13,16,Good
W3280,R3280,34,4.3,5,41,Stormy
W3281,R3281,26,3.0,13,20,Moderate
W3282,R3282,37,4.6,7,42,Stormy
W3283,R3283,40,5.2,5,50,Stormy
W3284,R3284,22,2.3,15,12,Good
W3285,R3285,18,1.8,16,12,Good
W3286,R3286,22,2.4,13,19,Good
W3287,R3287,27,3.1,10,26,Moderate
W3288,R3288,31,3.8,8,34,Moderate
W3289,R3289,35,4.6,5,46,Stormy
W3290,R3290,24,2.8,12,22,Good
W3291,R3291,29,3.4,7,32,Moderate
W3292,R3292,38,5.0,4,52,Stormy
W3293,R3293,20,2.1,14,14,Good
W3294,R3294,33,4.1,6,39,Moderate
W3295,R3295,19,2.0,15,14,Good
W3296,R3296,23,2.6,12,21,Good
W3297,R3297,28,3.3,9,28,Moderate
W3298,R3298,32,4.0,7,36,Moderate
W3299,R3299,36,4.8,4,48,Stormy
W3300,R3300,25,3.0,11,24,Moderate
W3301,R3301,30,3.6,6,34,Moderate
W3302,R3302,39,5.2,3,54,Stormy
W3303,R3303,21,2.3,13,16,Good
W3304,R3304,34,4.3,5,41,Stormy
W3305,R3305,26,3.0,13,20,Moderate
W3306,R3306,37,4.6,7,42,Stormy
W3307,R3307,40,5.2,5,50,Stormy
W3308,R3308,22,2.3,15,12,Good
W3309,R3309,18,1.8,16,12,Good
W3310,R3310,22,2.4,13,19,Good
W3311,R3311,27,3.1,10,26,Moderate
W3312,R3312,31,3.8,8,34,Moderate
W3313,R3313,35,4.6,5,46,Stormy
W3314,R3314,24,2.8,12,22,Good
W3315,R3315,29,3.4,7,32,Moderate
W3316,R3316,38,5.0,4,52,Stormy
W3317,R3317,20,2.1,14,14,Good
W3318,R3318,33,4.1,6,39,Moderate
W3319,R3319,19,2.0,15,14,Good
W3320,R3320,23,2.6,12,21,Good
W3321,R3321,28,3.3,9,28,Moderate
W3322,R3322,32,4.0,7,36,Moderate
W3323,R3323,36,4.8,4,48,Stormy
W3324,R3324,25,3.0,11,24,Moderate
W3325,R3325,30,3.6,6,34,Moderate
W3326,R3326,39,5.2,3,54,Stormy
W3327,R3327,21,2.3,13,16,Good
W3328,R3328,34,4.3,5,41,Stormy
W3329,R3329,26,3.0,13,20,Moderate
W3330,R3330,37,4.6,7,42,Stormy
W3331,R3331,40,5.2,5,50,Stormy
W3332,R3332,22,2.3,15,12,Good
W3333,R3333,18,1.8,16,12,Good
W3334,R3334,22,2.4,13,19,Good
W3335,R3335,27,3.1,10,26,Moderate
W3336,R3336,31,3.8,8,34,Moderate
W3337,R3337,35,4.6,5,46,Stormy
W3338,R3338,24,2.8,12,22,Good
W3339,R3339,29,3.4,7,32,Moderate
W3340,R3340,38,5.0,4,52,Stormy
W3341,R3341,20,2.1,14,14,Good
W3342,R3342,33,4.1,6,39,Moderate
W3343,R3343,19,2.0,15,14,Good
W3344,R3344,23,2.6,12,21,Good
W3345,R3345,28,3.3,9,28,Moderate
W3346,R3346,32,4.0,7,36,Moderate
W3347,R3347,36,4.8,4,48,Stormy
W3348,R3348,25,3.0,11,24,Moderate
W3349,R3349,30,3.6,6,34,Moderate
W3350,R3350,39,5.2,3,54,Stormy
W3351,R3351,21,2.3,13,16,Good
W3352,R3352,34,4.3,5,41,Stormy
W3353,R3353,26,3.0,13,20,Moderate
W3354,R3354,37,4.6,7,42,Stormy
W3355,R3355,40,5.2,5,50,Stormy
W3356,R3356,22,2.3,15,12,Good
W3357,R3357,18,1.8,16,12,Good
W3358,R3358,22,2.4,13,19,Good
W3359,R3359,27,3.1,10,26,Moderate
W3360,R3360,31,3.8,8,34,Moderate
W3361,R3361,35,4.6,5,46,Stormy
W3362,R3362,24,2.8,12,22,Good
W3363,R3363,29,3.4,7,32,Moderate
W3364,R3364,38,5.0,4,52,Stormy
W3365,R3365,20,2.1,14,14,Good
W3366,R3366,33,4.1,6,39,Moderate
W3367,R3367,19,2.0,15,14,Good
W3368,R3368,23,2.6,12,21,Good
W3369,R3369,28,3.3,9,28,Moderate
W3370,R3370,32,4.0,7,36,Moderate
W3371,R3371,36,4.8,4,48,Stormy
W3372,R3372,25,3.0,11,24,Moderate
W3373,R3373,30,3.6,6,34,Moderate
W3374,R3374,39,5.2,3,54,Stormy
W3375,R3375,21,2.3,13,16,Good
W3376,R3376,34,4.3,5,41,Stormy
W3377,R3377,26,3.0,13,20,Moderate
W3378,R3378,37,4.6,7,42,Stormy
W3379,R3379,40,5.2,5,50,Stormy
W3380,R3380,22,2.3,15,12,Good
W3381,R3381,18,1.8,16,12,Good
W3382,R3382,22,2.4,13,19,Good
W3383,R3383,27,3.1,10,26,Moderate
W3384,R3384,31,3.8,8,34,Moderate
W3385,R3385,35,4.6,5,46,Stormy
W3386,R3386,24,2.8,12,22,Good
W3387,R3387,29,3.4,7,32,Moderate
W3388,R3388,38,5.0,4,52,Stormy
W3389,R3389,20,2.1,14,14,Good
W3390,R3390,33,4.1,6,39,Moderate
W3391,R3391,19,2.0,15,14,Good
W3392,R3392,23,2.6,12,21,Good
W3393,R3393,28,3.3,9,28,Moderate
W3394,R3394,32,4.0,7,36,Moderate
W3395,R3395,36,4.8,4,48,Stormy
W3396,R3396,25,3.0,11,24,Moderate
W3397,R3397,30,3.6,6,34,Moderate
W3398,R3398,39,5.2,3,54,Stormy
W3399,R3399,21,2.3,13,16,Good
W3400,R3400,34,4.3,5,41,Stormy
W3401,R3401,26,3.0,13,20,Moderate
W3402,R3402,37,4.6,7,42,Stormy
W3403,R3403,40,5.2,5,50,Stormy
W3404,R3404,22,2.3,15,12,Good
W3405,R3405,18,1.8,16,12,Good
W3406,R3406,22,2.4,13,19,Good
W3407,R3407,27,3.1,10,26,Moderate
W3408,R3408,31,3.8,8,34,Moderate
W3409,R3409,35,4.6,5,46,Stormy
W3410,R3410,24,2.8,12,22,Good
W3411,R3411,29,3.4,7,32,Moderate
W3412,R3412,38,5.0,4,52,Stormy
W3413,R3413,20,2.1,14,14,Good
W3414,R3414,33,4.1,6,39,Moderate
W3415,R3415,19,2.0,15,14,Good
W3416,R3416,23,2.6,12,21,Good
W3417,R3417,28,3.3,9,28,Moderate
W3418,R3418,32,4.0,7,36,Moderate
W3419,R3419,36,4.8,4,48,Stormy
W3420,R3420,25,3.0,11,24,Moderate
W3421,R3421,30,3.6,6,34,Moderate
W3422,R3422,39,5.2,3,54,Stormy
W3423,R3423,21,2.3,13,16,Good
W3424,R3424,34,4.3,5,41,Stormy
W3425,R3425,26,3.0,13,20,Moderate
W3426,R3426,37,4.6,7,42,Stormy
W3427,R3427,40,5.2,5,50,Stormy
W3428,R3428,22,2.3,15,12,Good
W3429,R3429,18,1.8,16,12,Good
W3430,R3430,22,2.4,13,19,Good
W3431,R3431,27,3.1,10,26,Moderate
W3432,R3432,31,3.8,8,34,Moderate
W3433,R3433,35,4.6,5,46,Stormy
W3434,R3434,24,2.8,12,22,Good
W3435,R3435,29,3.4,7,32,Moderate
W3436,R3436,38,5.0,4,52,Stormy
W3437,R3437,20,2.1,14,14,Good
W3438,R3438,33,4.1,6,39,Moderate
W3439,R3439,19,2.0,15,14,Good
W3440,R3440,23,2.6,12,21,Good
W3441,R3441,28,3.3,9,28,Moderate
W3442,R3442,32,4.0,7,36,Moderate
W3443,R3443,36,4.8,4,48,Stormy
W3444,R3444,25,3.0,11,24,Moderate
W3445,R3445,30,3.6,6,34,Moderate
W3446,R3446,39,5.2,3,54,Stormy
W3447,R3447,21,2.3,13,16,Good
W3448,R3448,34,4.3,5,41,Stormy
W3449,R3449,26,3.0,13,20,Moderate
W3450,R3450,37,4.6,7,42,Stormy
W3451,R3451,40,5.2,5,50,Stormy
W3452,R3452,22,2.3,15,12,Good
W3453,R3453,18,1.8,16,12,Good
W3454,R3454,22,2.4,13,19,Good
W3455,R3455,27,3.1,10,26,Moderate
W3456,R3456,31,3.8,8,34,Moderate
W3457,R3457,35,4.6,5,46,Stormy
W3458,R3458,24,2.8,12,22,Good
W3459,R3459,29,3.4,7,32,Moderate
W3460,R3460,38,5.0,4,52,Stormy
W3461,R3461,20,2.1,14,14,Good
W3462,R3462,33,4.1,6,39,Moderate
W3463,R3463,19,2.0,15,14,Good
W3464,R3464,23,2.6,12,21,Good
W3465,R3465,28,3.3,9,28,Moderate
W3466,R3466,32,4.0,7,36,Moderate
W3467,R3467,36,4.8,4,48,Stormy
W3468,R3468,25,3.0,11,24,Moderate
W3469,R3469,30,3.6,6,34,Moderate
W3470,R3470,39,5.2,3,54,Stormy
W3471,R3471,21,2.3,13,16,Good
W3472,R3472,34,4.3,5,41,Stormy
W3473,R3473,26,3.0,13,20,Moderate
W3474,R3474,37,4.6,7,42,Stormy
W3475,R3475,40,5.2,5,50,Stormy
W3476,R3476,22,2.3,15,12,Good
W3477,R3477,18,1.8,16,12,Good
W3478,R3478,22,2.4,13,19,Good
W3479,R3479,27,3.1,10,26,Moderate
W3480,R3480,31,3.8,8,34,Moderate
W3481,R3481,35,4.6,5,46,Stormy
W3482,R3482,24,2.8,12,22,Good
W3483,R3483,29,3.4,7,32,Moderate
W3484,R3484,38,5.0,4,52,Stormy
W3485,R3485,20,2.1,14,14,Good
W3486,R3486,33,4.1,6,39,Moderate
W3487,R3487,19,2.0,15,14,Good
W3488,R3488,23,2.6,12,21,Good
W3489,R3489,28,3.3,9,28,Moderate
W3490,R3490,32,4.0,7,36,Moderate
W3491,R3491,36,4.8,4,48,Stormy
W3492,R3492,25,3.0,11,24,Moderate
W3493,R3493,30,3.6,6,34,Moderate
W3494,R3494,39,5.2,3,54,Stormy
W3495,R3495,21,2.3,13,16,Good
W3496,R3496,34,4.3,5,41,Stormy
W3497,R3497,26,3.0,13,20,Moderate
W3498,R3498,37,4.6,7,42,Stormy
W3499,R3499,40,5.2,5,50,Stormy
W3500,R3500,22,2.3,15,12,Good
W3501,R3501,18,1.8,16,12,Good
W3502,R3502,22,2.4,13,19,Good
W3503,R3503,27,3.1,10,26,Moderate
W3504,R3504,31,3.8,8,34,Moderate
W3505,R3505,35,4.6,5,46,Stormy
W3506,R3506,24,2.8,12,22,Good
W3507,R3507,29,3.4,7,32,Moderate
W3508,R3508,38,5.0,4,52,Stormy
W3509,R3509,20,2.1,14,14,Good
W3510,R3510,33,4.1,6,39,Moderate
W3511,R3511,19,2.0,15,14,Good
W3512,R3512,23,2.6,12,21,Good
W3513,R3513,28,3.3,9,28,Moderate
W3514,R3514,32,4.0,7,36,Moderate
W3515,R3515,36,4.8,4,48,Stormy
W3516,R3516,25,3.0,11,24,Moderate
W3517,R3517,30,3.6,6,34,Moderate
W3518,R3518,39,5.2,3,54,Stormy
W3519,R3519,21,2.3,13,16,Good
W3520,R3520,34,4.3,5,41,Stormy
W3521,R3521,26,3.0,13,20,Moderate
W3522,R3522,37,4.6,7,42,Stormy
W3523,R3523,40,5.2,5,50,Stormy
W3524,R3524,22,2.3,15,12,Good
W3525,R3525,18,1.8,16,12,Good
W3526,R3526,22,2.4,13,19,Good
W3527,R3527,27,3.1,10,26,Moderate
W3528,R3528,31,3.8,8,34,Moderate
W3529,R3529,35,4.6,5,46,Stormy
W3530,R3530,24,2.8,12,22,Good
W3531,R3531,29,3.4,7,32,Moderate
W3532,R3532,38,5.0,4,52,Stormy
W3533,R3533,20,2.1,14,14,Good
W3534,R3534,33,4.1,6,39,Moderate
W3535,R3535,19,2.0,15,14,Good
W3536,R3536,23,2.6,12,21,Good
W3537,R3537,28,3.3,9,28,Moderate
W3538,R3538,32,4.0,7,36,Moderate
W3539,R3539,36,4.8,4,48,Stormy
W3540,R3540,25,3.0,11,24,Moderate
W3541,R3541,30,3.6,6,34,Moderate
W3542,R3542,39,5.2,3,54,Stormy
W3543,R3543,21,2.3,13,16,Good
W3544,R3544,34,4.3,5,41,Stormy
W3545,R3545,26,3.0,13,20,Moderate
W3546,R3546,37,4.6,7,42,Stormy
W3547,R3547,40,5.2,5,50,Stormy
W3548,R3548,22,2.3,15,12,Good
W3549,R3549,18,1.8,16,12,Good
W3550,R3550,22,2.4,13,19,Good
W3551,R3551,27,3.1,10,26,Moderate
W3552,R3552,31,3.8,8,34,Moderate
W3553,R3553,35,4.6,5,46,Stormy
W3554,R3554,24,2.8,12,22,Good
W3555,R3555,29,3.4,7,32,Moderate
W3556,R3556,38,5.0,4,52,Stormy
W3557,R3557,20,2.1,14,14,Good
W3558,R3558,33,4.1,6,39,Moderate
W3559,R3559,19,2.0,15,14,Good
W3560,R3560,23,2.6,12,21,Good
W3561,R3561,28,3.3,9,28,Moderate
W3562,R3562,32,4.0,7,36,Moderate
W3563,R3563,36,4.8,4,48,Stormy
W3564,R3564,25,3.0,11,24,Moderate
W3565,R3565,30,3.6,6,34,Moderate
W3566,R3566,39,5.2,3,54,Stormy
W3567,R3567,21,2.3,13,16,Good
W3568,R3568,34,4.3,5,41,Stormy
W3569,R3569,26,3.0,13,20,Moderate
W3570,R3570,37,4.6,7,42,Stormy
W3571,R3571,40,5.2,5,50,Stormy
W3572,R3572,22,2.3,15,12,Good
W3573,R3573,18,1.8,16,12,Good
W3574,R3574,22,2.4,13,19,Good
W3575,R3575,27,3.1,10,26,Moderate
W3576,R3576,31,3.8,8,34,Moderate
W3577,R3577,35,4.6,5,46,Stormy
W3578,R3578,24,2.8,12,22,Good
W3579,R3579,29,3.4,7,32,Moderate
W3580,R3580,38,5.0,4,52,Stormy
W3581,R3581,20,2.1,14,14,Good
W3582,R3582,33,4.1,6,39,Moderate
W3583,R3583,19,2.0,15,14,Good
W3584,R3584,23,2.6,12,21,Good
W3585,R3585,28,3.3,9,28,Moderate
W3586,R3586,32,4.0,7,36,Moderate
W3587,R3587,36,4.8,4,48,Stormy
W3588,R3588,25,3.0,11,24,Moderate
W3589,R3589,30,3.6,6,34,Moderate
W3590,R3590,39,5.2,3,54,Stormy
W3591,R3591,21,2.3,13,16,Good
W3592,R3592,34,4.3,5,41,Stormy
W3593,R3593,26,3.0,13,20,Moderate
W3594,R3594,37,4.6,7,42,Stormy
W3595,R3595,40,5.2,5,50,Stormy
W3596,R3596,22,2.3,15,12,Good
W3597,R3597,18,1.8,16,12,Good
W3598,R3598,22,2.4,13,19,Good
W3599,R3599,27,3.1,10,26,Moderate
W3600,R3600,31,3.8,8,34,Moderate
W3601,R3601,35,4.6,5,46,Stormy
W3602,R3602,24,2.8,12,22,Good
W3603,R3603,29,3.4,7,32,Moderate
W3604,R3604,38,5.0,4,52,Stormy
W3605,R3605,20,2.1,14,14,Good
W3606,R3606,33,4.1,6,39,Moderate
W3607,R3607,19,2.0,15,14,Good
W3608,R3608,23,2.6,12,21,Good
W3609,R3609,28,3.3,9,28,Moderate
W3610,R3610,32,4.0,7,36,Moderate
W3611,R3611,36,4.8,4,48,Stormy
W3612,R3612,25,3.0,11,24,Moderate
W3613,R3613,30,3.6,6,34,Moderate
W3614,R3614,39,5.2,3,54,Stormy
W3615,R3615,21,2.3,13,16,Good
W3616,R3616,34,4.3,5,41,Stormy
W3617,R3617,26,3.0,13,20,Moderate
W3618,R3618,37,4.6,7,42,Stormy
W3619,R3619,40,5.2,5,50,Stormy
W3620,R3620,22,2.3,15,12,Good
W3621,R3621,18,1.8,16,12,Good
W3622,R3622,22,2.4,13,19,Good
W3623,R3623,27,3.1,10,26,Moderate
W3624,R3624,31,3.8,8,34,Moderate
W3625,R3625,35,4.6,5,46,Stormy
W3626,R3626,24,2.8,12,22,Good
W3627,R3627,29,3.4,7,32,Moderate
W3628,R3628,38,5.0,4,52,Stormy
W3629,R3629,20,2.1,14,14,Good
W3630,R3630,33,4.1,6,39,Moderate
W3631,R3631,19,2.0,15,14,Good
W3632,R3632,23,2.6,12,21,Good
W3633,R3633,28,3.3,9,28,Moderate
W3634,R3634,32,4.0,7,36,Moderate
W3635,R3635,36,4.8,4,48,Stormy
W3636,R3636,25,3.0,11,24,Moderate
W3637,R3637,30,3.6,6,34,Moderate
W3638,R3638,39,5.2,3,54,Stormy
W3639,R3639,21,2.3,13,16,Good
W3640,R3640,34,4.3,5,41,Stormy
W3641,R3641,26,3.0,13,20,Moderate
W3642,R3642,37,4.6,7,42,Stormy
W3643,R3643,40,5.2,5,50,Stormy
W3644,R3644,22,2.3,15,12,Good
W3645,R3645,18,1.8,16,12,Good
W3646,R3646,22,2.4,13,19,Good
W3647,R3647,27,3.1,10,26,Moderate
W3648,R3648,31,3.8,8,34,Moderate
W3649,R3649,35,4.6,5,46,Stormy
W3650,R3650,24,2.8,12,22,Good
W3651,R3651,29,3.4,7,32,Moderate
W3652,R3652,38,5.0,4,52,Stormy
W3653,R3653,20,2.1,14,14,Good
W3654,R3654,33,4.1,6,39,Moderate
W3655,R3655,19,2.0,15,14,Good
W3656,R3656,23,2.6,12,21,Good
W3657,R3657,28,3.3,9,28,Moderate
W3658,R3658,32,4.0,7,36,Moderate
W3659,R3659,36,4.8,4,48,Stormy
W3660,R3660,25,3.0,11,24,Moderate
W3661,R3661,30,3.6,6,34,Moderate
W3662,R3662,39,5.2,3,54,Stormy
W3663,R3663,21,2.3,13,16,Good
W3664,R3664,34,4.3,5,41,Stormy
W3665,R3665,26,3.0,13,20,Moderate
W3666,R3666,37,4.6,7,42,Stormy
W3667,R3667,40,5.2,5,50,Stormy
W3668,R3668,22,2.3,15,12,Good
W3669,R3669,18,1.8,16,12,Good
W3670,R3670,22,2.4,13,19,Good
W3671,R3671,27,3.1,10,26,Moderate
W3672,R3672,31,3.8,8,34,Moderate
W3673,R3673,35,4.6,5,46,Stormy
W3674,R3674,24,2.8,12,22,Good
W3675,R3675,29,3.4,7,32,Moderate
W3676,R3676,38,5.0,4,52,Stormy
W3677,R3677,20,2.1,14,14,Good
W3678,R3678,33,4.1,6,39,Moderate
W3679,R3679,19,2.0,15,14,Good
W3680,R3680,23,2.6,12,21,Good
W3681,R3681,28,3.3,9,28,Moderate
W3682,R3682,32,4.0,7,36,Moderate
W3683,R3683,36,4.8,4,48,Stormy
W3684,R3684,25,3.0,11,24,Moderate
W3685,R3685,30,3.6,6,34,Moderate
W3686,R3686,39,5.2,3,54,Stormy
W3687,R3687,21,2.3,13,16,Good
W3688,R3688,34,4.3,5,41,Stormy
W3689,R3689,26,3.0,13,20,Moderate
W3690,R3690,37,4.6,7,42,Stormy
W3691,R3691,40,5.2,5,50,Stormy
W3692,R3692,22,2.3,15,12,Good
W3693,R3693,18,1.8,16,12,Good
W3694,R3694,22,2.4,13,19,Good
W3695,R3695,27,3.1,10,26,Moderate
W3696,R3696,31,3.8,8,34,Moderate
W3697,R3697,35,4.6,5,46,Stormy
W3698,R3698,24,2.8,12,22,Good
W3699,R3699,29,3.4,7,32,Moderate
W3700,R3700,38,5.0,4,52,Stormy
W3701,R3701,20,2.1,14,14,Good
W3702,R3702,33,4.1,6,39,Moderate
W3703,R3703,19,2.0,15,14,Good
W3704,R3704,23,2.6,12,21,Good
W3705,R3705,28,3.3,9,28,Moderate
W3706,R3706,32,4.0,7,36,Moderate
W3707,R3707,36,4.8,4,48,Stormy
W3708,R3708,25,3.0,11,24,Moderate
W3709,R3709,30,3.6,6,34,Moderate
W3710,R3710,39,5.2,3,54,Stormy
W3711,R3711,21,2.3,13,16,Good
W3712,R3712,34,4.3,5,41,Stormy
W3713,R3713,26,3.0,13,20,Moderate
W3714,R3714,37,4.6,7,42,Stormy
W3715,R3715,40,5.2,5,50,Stormy
W3716,R3716,22,2.3,15,12,Good
W3717,R3717,18,1.8,16,12,Good
W3718,R3718,22,2.4,13,19,Good
W3719,R3719,27,3.1,10,26,Moderate
W3720,R3720,31,3.8,8,34,Moderate
W3721,R3721,35,4.6,5,46,Stormy
W3722,R3722,24,2.8,12,22,Good
W3723,R3723,29,3.4,7,32,Moderate
W3724,R3724,38,5.0,4,52,Stormy
W3725,R3725,20,2.1,14,14,Good
W3726,R3726,33,4.1,6,39,Moderate
W3727,R3727,19,2.0,15,14,Good
W3728,R3728,23,2.6,12,21,Good
W3729,R3729,28,3.3,9,28,Moderate
W3730,R3730,32,4.0,7,36,Moderate
W3731,R3731,36,4.8,4,48,Stormy
W3732,R3732,25,3.0,11,24,Moderate
W3733,R3733,30,3.6,6,34,Moderate
W3734,R3734,39,5.2,3,54,Stormy
W3735,R3735,21,2.3,13,16,Good
W3736,R3736,34,4.3,5,41,Stormy
W3737,R3737,26,3.0,13,20,Moderate
W3738,R3738,37,4.6,7,42,Stormy
W3739,R3739,40,5.2,5,50,Stormy
W3740,R3740,22,2.3,15,12,Good
W3741,R3741,18,1.8,16,12,Good
W3742,R3742,22,2.4,13,19,Good
W3743,R3743,27,3.1,10,26,Moderate
W3744,R3744,31,3.8,8,34,Moderate
W3745,R3745,35,4.6,5,46,Stormy
W3746,R3746,24,2.8,12,22,Good
W3747,R3747,29,3.4,7,32,Moderate
W3748,R3748,38,5.0,4,52,Stormy
W3749,R3749,20,2.1,14,14,Good
W3750,R3750,33,4.1,6,39,Moderate
W3751,R3751,19,2.0,15,14,Good
W3752,R3752,23,2.6,12,21,Good
W3753,R3753,28,3.3,9,28,Moderate
W3754,R3754,32,4.0,7,36,Moderate
W3755,R3755,36,4.8,4,48,Stormy
W3756,R3756,25,3.0,11,24,Moderate
W3757,R3757,30,3.6,6,34,Moderate
W3758,R3758,39,5.2,3,54,Stormy
W3759,R3759,21,2.3,13,16,Good
W3760,R3760,34,4.3,5,41,Stormy
W3761,R3761,26,3.0,13,20,Moderate
W3762,R3762,37,4.6,7,42,Stormy
W3763,R3763,40,5.2,5,50,Stormy
W3764,R3764,22,2.3,15,12,Good
W3765,R3765,18,1.8,16,12,Good
W3766,R3766,22,2.4,13,19,Good
W3767,R3767,27,3.1,10,26,Moderate
W3768,R3768,31,3.8,8,34,Moderate
W3769,R3769,35,4.6,5,46,Stormy
W3770,R3770,24,2.8,12,22,Good
W3771,R3771,29,3.4,7,32,Moderate
W3772,R3772,38,5.0,4,52,Stormy
W3773,R3773,20,2.1,14,14,Good
W3774,R3774,33,4.1,6,39,Moderate
W3775,R3775,19,2.0,15,14,Good
W3776,R3776,23,2.6,12,21,Good
W3777,R3777,28,3.3,9,28,Moderate
W3778,R3778,32,4.0,7,36,Moderate
W3779,R3779,36,4.8,4,48,Stormy
W3780,R3780,25,3.0,11,24,Moderate
W3781,R3781,30,3.6,6,34,Moderate
W3782,R3782,39,5.2,3,54,Stormy
W3783,R3783,21,2.3,13,16,Good
W3784,R3784,34,4.3,5,41,Stormy
W3785,R3785,26,3.0,13,20,Moderate
W3786,R3786,37,4.6,7,42,Stormy
W3787,R3787,40,5.2,5,50,Stormy
W3788,R3788,22,2.3,15,12,Good
W3789,R3789,18,1.8,16,12,Good
W3790,R3790,22,2.4,13,19,Good
W3791,R3791,27,3.1,10,26,Moderate
W3792,R3792,31,3.8,8,34,Moderate
W3793,R3793,35,4.6,5,46,Stormy
W3794,R3794,24,2.8,12,22,Good
W3795,R3795,29,3.4,7,32,Moderate
W3796,R3796,38,5.0,4,52,Stormy
W3797,R3797,20,2.1,14,14,Good
W3798,R3798,33,4.1,6,39,Moderate
W3799,R3799,19,2.0,15,14,Good
W3800,R3800,23,2.6,12,21,Good
W3801,R3801,28,3.3,9,28,Moderate
W3802,R3802,32,4.0,7,36,Moderate
W3803,R3803,36,4.8,4,48,Stormy
W3804,R3804,25,3.0,11,24,Moderate
W3805,R3805,30,3.6,6,34,Moderate
W3806,R3806,39,5.2,3,54,Stormy
W3807,R3807,21,2.3,13,16,Good
W3808,R3808,34,4.3,5,41,Stormy
W3809,R3809,26,3.0,13,20,Moderate
W3810,R3810,37,4.6,7,42,Stormy
W3811,R3811,40,5.2,5,50,Stormy
W3812,R3812,22,2.3,15,12,Good
W3813,R3813,18,1.8,16,12,Good
W3814,R3814,22,2.4,13,19,Good
W3815,R3815,27,3.1,10,26,Moderate
W3816,R3816,31,3.8,8,34,Moderate
W3817,R3817,35,4.6,5,46,Stormy
W3818,R3818,24,2.8,12,22,Good
W3819,R3819,29,3.4,7,32,Moderate
W3820,R3820,38,5.0,4,52,Stormy
W3821,R3821,20,2.1,14,14,Good
W3822,R3822,33,4.1,6,39,Moderate
W3823,R3823,19,2.0,15,14,Good
W3824,R3824,23,2.6,12,21,Good
W3825,R3825,28,3.3,9,28,Moderate
W3826,R3826,32,4.0,7,36,Moderate
W3827,R3827,36,4.8,4,48,Stormy
W3828,R3828,25,3.0,11,24,Moderate
W3829,R3829,30,3.6,6,34,Moderate
W3830,R3830,39,5.2,3,54,Stormy
W3831,R3831,21,2.3,13,16,Good
W3832,R3832,34,4.3,5,41,Stormy
W3833,R3833,26,3.0,13,20,Moderate
W3834,R3834,37,4.6,7,42,Stormy
W3835,R3835,40,5.2,5,50,Stormy
W3836,R3836,22,2.3,15,12,Good
W3837,R3837,18,1.8,16,12,Good
W3838,R3838,22,2.4,13,19,Good
W3839,R3839,27,3.1,10,26,Moderate
W3840,R3840,31,3.8,8,34,Moderate
W3841,R3841,35,4.6,5,46,Stormy
W3842,R3842,24,2.8,12,22,Good
W3843,R3843,29,3.4,7,32,Moderate
W3844,R3844,38,5.0,4,52,Stormy
W3845,R3845,20,2.1,14,14,Good
W3846,R3846,33,4.1,6,39,Moderate
W3847,R3847,19,2.0,15,14,Good
W3848,R3848,23,2.6,12,21,Good
W3849,R3849,28,3.3,9,28,Moderate
W3850,R3850,32,4.0,7,36,Moderate
W3851,R3851,36,4.8,4,48,Stormy
W3852,R3852,25,3.0,11,24,Moderate
W3853,R3853,30,3.6,6,34,Moderate
W3854,R3854,39,5.2,3,54,Stormy
W3855,R3855,21,2.3,13,16,Good
W3856,R3856,34,4.3,5,41,Stormy
W3857,R3857,26,3.0,13,20,Moderate
W3858,R3858,37,4.6,7,42,Stormy
W3859,R3859,40,5.2,5,50,Stormy
W3860,R3860,22,2.3,15,12,Good
W3861,R3861,18,1.8,16,12,Good
W3862,R3862,22,2.4,13,19,Good
W3863,R3863,27,3.1,10,26,Moderate
W3864,R3864,31,3.8,8,34,Moderate
W3865,R3865,35,4.6,5,46,Stormy
W3866,R3866,24,2.8,12,22,Good
W3867,R3867,29,3.4,7,32,Moderate
W3868,R3868,38,5.0,4,52,Stormy
W3869,R3869,20,2.1,14,14,Good
W3870,R3870,33,4.1,6,39,Moderate
W3871,R3871,19,2.0,15,14,Good
W3872,R3872,23,2.6,12,21,Good
W3873,R3873,28,3.3,9,28,Moderate
W3874,R3874,32,4.0,7,36,Moderate
W3875,R3875,36,4.8,4,48,Stormy
W3876,R3876,25,3.0,11,24,Moderate
W3877,R3877,30,3.6,6,34,Moderate
W3878,R3878,39,5.2,3,54,Stormy
W3879,R3879,21,2.3,13,16,Good
W3880,R3880,34,4.3,5,41,Stormy
W3881,R3881,26,3.0,13,20,Moderate
W3882,R3882,37,4.6,7,42,Stormy
W3883,R3883,40,5.2,5,50,Stormy
W3884,R3884,22,2.3,15,12,Good
W3885,R3885,18,1.8,16,12,Good
W3886,R3886,22,2.4,13,19,Good
W3887,R3887,27,3.1,10,26,Moderate
W3888,R3888,31,3.8,8,34,Moderate
W3889,R3889,35,4.6,5,46,Stormy
W3890,R3890,24,2.8,12,22,Good
W3891,R3891,29,3.4,7,32,Moderate
W3892,R3892,38,5.0,4,52,Stormy
W3893,R3893,20,2.1,14,14,Good
W3894,R3894,33,4.1,6,39,Moderate
W3895,R3895,19,2.0,15,14,Good
W3896,R3896,23,2.6,12,21,Good
W3897,R3897,28,3.3,9,28,Moderate
W3898,R3898,32,4.0,7,36,Moderate
W3899,R3899,36,4.8,4,48,Stormy
W3900,R3900,25,3.0,11,24,Moderate
W3901,R3901,30,3.6,6,34,Moderate
W3902,R3902,39,5.2,3,54,Stormy
W3903,R3903,21,2.3,13,16,Good
W3904,R3904,34,4.3,5,41,Stormy
W3905,R3905,26,3.0,13,20,Moderate
W3906,R3906,37,4.6,7,42,Stormy
W3907,R3907,40,5.2,5,50,Stormy
W3908,R3908,22,2.3,15,12,Good
W3909,R3909,18,1.8,16,12,Good
W3910,R3910,22,2.4,13,19,Good
W3911,R3911,27,3.1,10,26,Moderate
W3912,R3912,31,3.8,8,34,Moderate
W3913,R3913,35,4.6,5,46,Stormy
W3914,R3914,24,2.8,12,22,Good
W3915,R3915,29,3.4,7,32,Moderate
W3916,R3916,38,5.0,4,52,Stormy
W3917,R3917,20,2.1,14,14,Good
W3918,R3918,33,4.1,6,39,Moderate
W3919,R3919,19,2.0,15,14,Good
W3920,R3920,23,2.6,12,21,Good
W3921,R3921,28,3.3,9,28,Moderate
W3922,R3922,32,4.0,7,36,Moderate
W3923,R3923,36,4.8,4,48,Stormy
W3924,R3924,25,3.0,11,24,Moderate
W3925,R3925,30,3.6,6,34,Moderate
W3926,R3926,39,5.2,3,54,Stormy
W3927,R3927,21,2.3,13,16,Good
W3928,R3928,34,4.3,5,41,Stormy
W3929,R3929,26,3.0,13,20,Moderate
W3930,R3930,37,4.6,7,42,Stormy
W3931,R3931,40,5.2,5,50,Stormy
W3932,R3932,22,2.3,15,12,Good
W3933,R3933,18,1.8,16,12,Good
W3934,R3934,22,2.4,13,19,Good
W3935,R3935,27,3.1,10,26,Moderate
W3936,R3936,31,3.8,8,34,Moderate
W3937,R3937,35,4.6,5,46,Stormy
W3938,R3938,24,2.8,12,22,Good
W3939,R3939,29,3.4,7,32,Moderate
W3940,R3940,38,5.0,4,52,Stormy
W3941,R3941,20,2.1,14,14,Good
W3942,R3942,33,4.1,6,39,Moderate
W3943,R3943,19,2.0,15,14,Good
W3944,R3944,23,2.6,12,21,Good
W3945,R3945,28,3.3,9,28,Moderate
W3946,R3946,32,4.0,7,36,Moderate
W3947,R3947,36,4.8,4,48,Stormy
W3948,R3948,25,3.0,11,24,Moderate
W3949,R3949,30,3.6,6,34,Moderate
W3950,R3950,39,5.2,3,54,Stormy
W3951,R3951,21,2.3,13,16,Good
W3952,R3952,34,4.3,5,41,Stormy
W3953,R3953,26,3.0,13,20,Moderate
W3954,R3954,37,4.6,7,42,Stormy
W3955,R3955,40,5.2,5,50,Stormy
W3956,R3956,22,2.3,15,12,Good
W3957,R3957,18,1.8,16,12,Good
W3958,R3958,22,2.4,13,19,Good
W3959,R3959,27,3.1,10,26,Moderate
W3960,R3960,31,3.8,8,34,Moderate
W3961,R3961,35,4.6,5,46,Stormy
W3962,R3962,24,2.8,12,22,Good
W3963,R3963,29,3.4,7,32,Moderate
W3964,R3964,38,5.0,4,52,Stormy
W3965,R3965,20,2.1,14,14,Good
W3966,R3966,33,4.1,6,39,Moderate
W3967,R3967,19,2.0,15,14,Good
W3968,R3968,23,2.6,12,21,Good
W3969,R3969,28,3.3,9,28,Moderate
W3970,R3970,32,4.0,7,36,Moderate
W3971,R3971,36,4.8,4,48,Stormy
W3972,R3972,25,3.0,11,24,Moderate
W3973,R3973,30,3.6,6,34,Moderate
W3974,R3974,39,5.2,3,54,Stormy
W3975,R3975,21,2.3,13,16,Good
W3976,R3976,34,4.3,5,41,Stormy
W3977,R3977,26,3.0,13,20,Moderate
W3978,R3978,37,4.6,7,42,Stormy
W3979,R3979,40,5.2,5,50,Stormy
W3980,R3980,22,2.3,15,12,Good
W3981,R3981,18,1.8,16,12,Good
W3982,R3982,22,2.4,13,19,Good
W3983,R3983,27,3.1,10,26,Moderate
W3984,R3984,31,3.8,8,34,Moderate
W3985,R3985,35,4.6,5,46,Stormy
W3986,R3986,24,2.8,12,22,Good
W3987,R3987,29,3.4,7,32,Moderate
W3988,R3988,38,5.0,4,52,Stormy
W3989,R3989,20,2.1,14,14,Good
W3990,R3990,33,4.1,6,39,Moderate
W3991,R3991,19,2.0,15,14,Good
W3992,R3992,23,2.6,12,21,Good
W3993,R3993,28,3.3,9,28,Moderate
W3994,R3994,32,4.0,7,36,Moderate
W3995,R3995,36,4.8,4,48,Stormy
W3996,R3996,25,3.0,11,24,Moderate
W3997,R3997,30,3.6,6,34,Moderate
W3998,R3998,39,5.2,3,54,Stormy
W3999,R3999,21,2.3,13,16,Good
W4000,R4000,34,4.3,5,41,Stormy
W4001,R4001,26,3.0,13,20,Moderate
W4002,R4002,37,4.6,7,42,Stormy
W4003,R4003,40,5.2,5,50,Stormy
W4004,R4004,22,2.3,15,12,Good
W4005,R4005,18,1.8,16,12,Good
W4006,R4006,22,2.4,13,19,Good
W4007,R4007,27,3.1,10,26,Moderate
W4008,R4008,31,3.8,8,34,Moderate
W4009,R4009,35,4.6,5,46,Stormy
W4010,R4010,24,2.8,12,22,Good
W4011,R4011,29,3.4,7,32,Moderate
W4012,R4012,38,5.0,4,52,Stormy
W4013,R4013,20,2.1,14,14,Good
W4014,R4014,33,4.1,6,39,Moderate
W4015,R4015,19,2.0,15,14,Good
W4016,R4016,23,2.6,12,21,Good
W4017,R4017,28,3.3,9,28,Moderate
W4018,R4018,32,4.0,7,36,Moderate
W4019,R4019,36,4.8,4,48,Stormy
W4020,R4020,25,3.0,11,24,Moderate
W4021,R4021,30,3.6,6,34,Moderate
W4022,R4022,39,5.2,3,54,Stormy
W4023,R4023,21,2.3,13,16,Good
W4024,R4024,34,4.3,5,41,Stormy
W4025,R4025,26,3.0,13,20,Moderate
W4026,R4026,37,4.6,7,42,Stormy
W4027,R4027,40,5.2,5,50,Stormy
W4028,R4028,22,2.3,15,12,Good
W4029,R4029,18,1.8,16,12,Good
W4030,R4030,22,2.4,13,19,Good
W4031,R4031,27,3.1,10,26,Moderate
W4032,R4032,31,3.8,8,34,Moderate
W4033,R4033,35,4.6,5,46,Stormy
W4034,R4034,24,2.8,12,22,Good
W4035,R4035,29,3.4,7,32,Moderate
W4036,R4036,38,5.0,4,52,Stormy
W4037,R4037,20,2.1,14,14,Good
W4038,R4038,33,4.1,6,39,Moderate
W4039,R4039,19,2.0,15,14,Good
W4040,R4040,23,2.6,12,21,Good
W4041,R4041,28,3.3,9,28,Moderate
W4042,R4042,32,4.0,7,36,Moderate
W4043,R4043,36,4.8,4,48,Stormy
W4044,R4044,25,3.0,11,24,Moderate
W4045,R4045,30,3.6,6,34,Moderate
W4046,R4046,39,5.2,3,54,Stormy
W4047,R4047,21,2.3,13,16,Good
W4048,R4048,34,4.3,5,41,Stormy
W4049,R4049,26,3.0,13,20,Moderate
W4050,R4050,37,4.6,7,42,Stormy
W4051,R4051,40,5.2,5,50,Stormy
W4052,R4052,22,2.3,15,12,Good
W4053,R4053,18,1.8,16,12,Good
W4054,R4054,22,2.4,13,19,Good
W4055,R4055,27,3.1,10,26,Moderate
W4056,R4056,31,3.8,8,34,Moderate
W4057,R4057,35,4.6,5,46,Stormy
W4058,R4058,24,2.8,12,22,Good
W4059,R4059,29,3.4,7,32,Moderate
W4060,R4060,38,5.0,4,52,Stormy
W4061,R4061,20,2.1,14,14,Good
W4062,R4062,33,4.1,6,39,Moderate
W4063,R4063,19,2.0,15,14,Good
W4064,R4064,23,2.6,12,21,Good
W4065,R4065,28,3.3,9,28,Moderate
W4066,R4066,32,4.0,7,36,Moderate
W4067,R4067,36,4.8,4,48,Stormy
W4068,R4068,25,3.0,11,24,Moderate
W4069,R4069,30,3.6,6,34,Moderate
W4070,R4070,39,5.2,3,54,Stormy
W4071,R4071,21,2.3,13,16,Good
W4072,R4072,34,4.3,5,41,Stormy
W4073,R4073,26,3.0,13,20,Moderate
W4074,R4074,37,4.6,7,42,Stormy
W4075,R4075,40,5.2,5,50,Stormy
W4076,R4076,22,2.3,15,12,Good
W4077,R4077,18,1.8,16,12,Good
W4078,R4078,22,2.4,13,19,Good
W4079,R4079,27,3.1,10,26,Moderate
W4080,R4080,31,3.8,8,34,Moderate
W4081,R4081,35,4.6,5,46,Stormy
W4082,R4082,24,2.8,12,22,Good
W4083,R4083,29,3.4,7,32,Moderate
W4084,R4084,38,5.0,4,52,Stormy
W4085,R4085,20,2.1,14,14,Good
W4086,R4086,33,4.1,6,39,Moderate
W4087,R4087,19,2.0,15,14,Good
W4088,R4088,23,2.6,12,21,Good
W4089,R4089,28,3.3,9,28,Moderate
W4090,R4090,32,4.0,7,36,Moderate
W4091,R4091,36,4.8,4,48,Stormy
W4092,R4092,25,3.0,11,24,Moderate
W4093,R4093,30,3.6,6,34,Moderate
W4094,R4094,39,5.2,3,54,Stormy
W4095,R4095,21,2.3,13,16,Good
W4096,R4096,34,4.3,5,41,Stormy
W4097,R4097,26,3.0,13,20,Moderate
W4098,R4098,37,4.6,7,42,Stormy
W4099,R4099,40,5.2,5,50,Stormy
W4100,R4100,22,2.3,15,12,Good
W4101,R4101,18,1.8,16,12,Good
W4102,R4102,22,2.4,13,19,Good
W4103,R4103,27,3.1,10,26,Moderate
W4104,R4104,31,3.8,8,34,Moderate
W4105,R4105,35,4.6,5,46,Stormy
W4106,R4106,24,2.8,12,22,Good
W4107,R4107,29,3.4,7,32,Moderate
W4108,R4108,38,5.0,4,52,Stormy
W4109,R4109,20,2.1,14,14,Good
W4110,R4110,33,4.1,6,39,Moderate
W4111,R4111,19,2.0,15,14,Good
W4112,R4112,23,2.6,12,21,Good
W4113,R4113,28,3.3,9,28,Moderate
W4114,R4114,32,4.0,7,36,Moderate
W4115,R4115,36,4.8,4,48,Stormy
W4116,R4116,25,3.0,11,24,Moderate
W4117,R4117,30,3.6,6,34,Moderate
W4118,R4118,39,5.2,3,54,Stormy
W4119,R4119,21,2.3,13,16,Good
W4120,R4120,34,4.3,5,41,Stormy
W4121,R4121,26,3.0,13,20,Moderate
W4122,R4122,37,4.6,7,42,Stormy
W4123,R4123,40,5.2,5,50,Stormy
W4124,R4124,22,2.3,15,12,Good
W4125,R4125,18,1.8,16,12,Good
W4126,R4126,22,2.4,13,19,Good
W4127,R4127,27,3.1,10,26,Moderate
W4128,R4128,31,3.8,8,34,Moderate
W4129,R4129,35,4.6,5,46,Stormy
W4130,R4130,24,2.8,12,22,Good
W4131,R4131,29,3.4,7,32,Moderate
W4132,R4132,38,5.0,4,52,Stormy
W4133,R4133,20,2.1,14,14,Good
W4134,R4134,33,4.1,6,39,Moderate
W4135,R4135,19,2.0,15,14,Good
W4136,R4136,23,2.6,12,21,Good
W4137,R4137,28,3.3,9,28,Moderate
W4138,R4138,32,4.0,7,36,Moderate
W4139,R4139,36,4.8,4,48,Stormy
W4140,R4140,25,3.0,11,24,Moderate
W4141,R4141,30,3.6,6,34,Moderate
W4142,R4142,39,5.2,3,54,Stormy
W4143,R4143,21,2.3,13,16,Good
W4144,R4144,34,4.3,5,41,Stormy
W4145,R4145,26,3.0,13,20,Moderate
W4146,R4146,37,4.6,7,42,Stormy
W4147,R4147,40,5.2,5,50,Stormy
W4148,R4148,22,2.3,15,12,Good
W4149,R4149,18,1.8,16,12,Good
W4150,R4150,22,2.4,13,19,Good
W4151,R4151,27,3.1,10,26,Moderate
W4152,R4152,31,3.8,8,34,Moderate
W4153,R4153,35,4.6,5,46,Stormy
W4154,R4154,24,2.8,12,22,Good
W4155,R4155,29,3.4,7,32,Moderate
W4156,R4156,38,5.0,4,52,Stormy
W4157,R4157,20,2.1,14,14,Good
W4158,R4158,33,4.1,6,39,Moderate
W4159,R4159,19,2.0,15,14,Good
W4160,R4160,23,2.6,12,21,Good
W4161,R4161,28,3.3,9,28,Moderate
W4162,R4162,32,4.0,7,36,Moderate
W4163,R4163,36,4.8,4,48,Stormy
W4164,R4164,25,3.0,11,24,Moderate
W4165,R4165,30,3.6,6,34,Moderate
W4166,R4166,39,5.2,3,54,Stormy
W4167,R4167,21,2.3,13,16,Good
W4168,R4168,34,4.3,5,41,Stormy
W4169,R4169,26,3.0,13,20,Moderate
W4170,R4170,37,4.6,7,42,Stormy
W4171,R4171,40,5.2,5,50,Stormy
W4172,R4172,22,2.3,15,12,Good
W4173,R4173,18,1.8,16,12,Good
W4174,R4174,22,2.4,13,19,Good
W4175,R4175,27,3.1,10,26,Moderate
W4176,R4176,31,3.8,8,34,Moderate
W4177,R4177,35,4.6,5,46,Stormy
W4178,R4178,24,2.8,12,22,Good
W4179,R4179,29,3.4,7,32,Moderate
W4180,R4180,38,5.0,4,52,Stormy
W4181,R4181,20,2.1,14,14,Good
W4182,R4182,33,4.1,6,39,Moderate
W4183,R4183,19,2.0,15,14,Good
W4184,R4184,23,2.6,12,21,Good
W4185,R4185,28,3.3,9,28,Moderate
W4186,R4186,32,4.0,7,36,Moderate
W4187,R4187,36,4.8,4,48,Stormy
W4188,R4188,25,3.0,11,24,Moderate
W4189,R4189,30,3.6,6,34,Moderate
W4190,R4190,39,5.2,3,54,Stormy
W4191,R4191,21,2.3,13,16,Good
W4192,R4192,34,4.3,5,41,Stormy
W4193,R4193,26,3.0,13,20,Moderate
W4194,R4194,37,4.6,7,42,Stormy
W4195,R4195,40,5.2,5,50,Stormy
W4196,R4196,22,2.3,15,12,Good
W4197,R4197,18,1.8,16,12,Good
W4198,R4198,22,2.4,13,19,Good
W4199,R4199,27,3.1,10,26,Moderate
W4200,R4200,31,3.8,8,34,Moderate
W4201,R4201,35,4.6,5,46,Stormy
W4202,R4202,24,2.8,12,22,Good
W4203,R4203,29,3.4,7,32,Moderate
W4204,R4204,38,5.0,4,52,Stormy
W4205,R4205,20,2.1,14,14,Good
W4206,R4206,33,4.1,6,39,Moderate
W4207,R4207,19,2.0,15,14,Good
W4208,R4208,23,2.6,12,21,Good
W4209,R4209,28,3.3,9,28,Moderate
W4210,R4210,32,4.0,7,36,Moderate
W4211,R4211,36,4.8,4,48,Stormy
W4212,R4212,25,3.0,11,24,Moderate
W4213,R4213,30,3.6,6,34,Moderate
W4214,R4214,39,5.2,3,54,Stormy
W4215,R4215,21,2.3,13,16,Good
W4216,R4216,34,4.3,5,41,Stormy
W4217,R4217,26,3.0,13,20,Moderate
W4218,R4218,37,4.6,7,42,Stormy
W4219,R4219,40,5.2,5,50,Stormy
W4220,R4220,22,2.3,15,12,Good
W4221,R4221,18,1.8,16,12,Good
W4222,R4222,22,2.4,13,19,Good
W4223,R4223,27,3.1,10,26,Moderate
W4224,R4224,31,3.8,8,34,Moderate
W4225,R4225,35,4.6,5,46,Stormy
W4226,R4226,24,2.8,12,22,Good
W4227,R4227,29,3.4,7,32,Moderate
W4228,R4228,38,5.0,4,52,Stormy
W4229,R4229,20,2.1,14,14,Good
W4230,R4230,33,4.1,6,39,Moderate
W4231,R4231,19,2.0,15,14,Good
W4232,R4232,23,2.6,12,21,Good
W4233,R4233,28,3.3,9,28,Moderate
W4234,R4234,32,4.0,7,36,Moderate
W4235,R4235,36,4.8,4,48,Stormy
W4236,R4236,25,3.0,11,24,Moderate
W4237,R4237,30,3.6,6,34,Moderate
W4238,R4238,39,5.2,3,54,Stormy
W4239,R4239,21,2.3,13,16,Good
W4240,R4240,34,4.3,5,41,Stormy
W4241,R4241,26,3.0,13,20,Moderate
W4242,R4242,37,4.6,7,42,Stormy
W4243,R4243,40,5.2,5,50,Stormy
W4244,R4244,22,2.3,15,12,Good
W4245,R4245,18,1.8,16,12,Good
W4246,R4246,22,2.4,13,19,Good
W4247,R4247,27,3.1,10,26,Moderate
W4248,R4248,31,3.8,8,34,Moderate
W4249,R4249,35,4.6,5,46,Stormy
W4250,R4250,24,2.8,12,22,Good
W4251,R4251,29,3.4,7,32,Moderate
W4252,R4252,38,5.0,4,52,Stormy
W4253,R4253,20,2.1,14,14,Good
W4254,R4254,33,4.1,6,39,Moderate
W4255,R4255,19,2.0,15,14,Good
W4256,R4256,23,2.6,12,21,Good
W4257,R4257,28,3.3,9,28,Moderate
W4258,R4258,32,4.0,7,36,Moderate
W4259,R4259,36,4.8,4,48,Stormy
W4260,R4260,25,3.0,11,24,Moderate
W4261,R4261,30,3.6,6,34,Moderate
W4262,R4262,39,5.2,3,54,Stormy
W4263,R4263,21,2.3,13,16,Good
W4264,R4264,34,4.3,5,41,Stormy
W4265,R4265,26,3.0,13,20,Moderate
W4266,R4266,37,4.6,7,42,Stormy
W4267,R4267,40,5.2,5,50,Stormy
W4268,R4268,22,2.3,15,12,Good
W4269,R4269,18,1.8,16,12,Good
W4270,R4270,22,2.4,13,19,Good
W4271,R4271,27,3.1,10,26,Moderate
W4272,R4272,31,3.8,8,34,Moderate
W4273,R4273,35,4.6,5,46,Stormy
W4274,R4274,24,2.8,12,22,Good
W4275,R4275,29,3.4,7,32,Moderate
W4276,R4276,38,5.0,4,52,Stormy
W4277,R4277,20,2.1,14,14,Good
W4278,R4278,33,4.1,6,39,Moderate
W4279,R4279,19,2.0,15,14,Good
W4280,R4280,23,2.6,12,21,Good
W4281,R4281,28,3.3,9,28,Moderate
W4282,R4282,32,4.0,7,36,Moderate
W4283,R4283,36,4.8,4,48,Stormy
W4284,R4284,25,3.0,11,24,Moderate
W4285,R4285,30,3.6,6,34,Moderate
W4286,R4286,39,5.2,3,54,Stormy
W4287,R4287,21,2.3,13,16,Good
W4288,R4288,34,4.3,5,41,Stormy
W4289,R4289,26,3.0,13,20,Moderate
W4290,R4290,37,4.6,7,42,Stormy
W4291,R4291,40,5.2,5,50,Stormy
W4292,R4292,22,2.3,15,12,Good
W4293,R4293,18,1.8,16,12,Good
W4294,R4294,22,2.4,13,19,Good
W4295,R4295,27,3.1,10,26,Moderate
W4296,R4296,31,3.8,8,34,Moderate
W4297,R4297,35,4.6,5,46,Stormy
W4298,R4298,24,2.8,12,22,Good
W4299,R4299,29,3.4,7,32,Moderate
W4300,R4300,38,5.0,4,52,Stormy
W4301,R4301,20,2.1,14,14,Good
W4302,R4302,33,4.1,6,39,Moderate
W4303,R4303,19,2.0,15,14,Good
W4304,R4304,23,2.6,12,21,Good
W4305,R4305,28,3.3,9,28,Moderate
W4306,R4306,32,4.0,7,36,Moderate
W4307,R4307,36,4.8,4,48,Stormy
W4308,R4308,25,3.0,11,24,Moderate
W4309,R4309,30,3.6,6,34,Moderate
W4310,R4310,39,5.2,3,54,Stormy
W4311,R4311,21,2.3,13,16,Good
W4312,R4312,34,4.3,5,41,Stormy
W4313,R4313,26,3.0,13,20,Moderate
W4314,R4314,37,4.6,7,42,Stormy
W4315,R4315,40,5.2,5,50,Stormy
W4316,R4316,22,2.3,15,12,Good
W4317,R4317,18,1.8,16,12,Good
W4318,R4318,22,2.4,13,19,Good
W4319,R4319,27,3.1,10,26,Moderate
W4320,R4320,31,3.8,8,34,Moderate
W4321,R4321,35,4.6,5,46,Stormy
W4322,R4322,24,2.8,12,22,Good
W4323,R4323,29,3.4,7,32,Moderate
W4324,R4324,38,5.0,4,52,Stormy
W4325,R4325,20,2.1,14,14,Good
W4326,R4326,33,4.1,6,39,Moderate
W4327,R4327,19,2.0,15,14,Good
W4328,R4328,23,2.6,12,21,Good
W4329,R4329,28,3.3,9,28,Moderate
W4330,R4330,32,4.0,7,36,Moderate
W4331,R4331,36,4.8,4,48,Stormy
W4332,R4332,25,3.0,11,24,Moderate
W4333,R4333,30,3.6,6,34,Moderate
W4334,R4334,39,5.2,3,54,Stormy
W4335,R4335,21,2.3,13,16,Good
W4336,R4336,34,4.3,5,41,Stormy
W4337,R4337,26,3.0,13,20,Moderate
W4338,R4338,37,4.6,7,42,Stormy
W4339,R4339,40,5.2,5,50,Stormy
W4340,R4340,22,2.3,15,12,Good
W4341,R4341,18,1.8,16,12,Good
W4342,R4342,22,2.4,13,19,Good
W4343,R4343,27,3.1,10,26,Moderate
W4344,R4344,31,3.8,8,34,Moderate
W4345,R4345,35,4.6,5,46,Stormy
W4346,R4346,24,2.8,12,22,Good
W4347,R4347,29,3.4,7,32,Moderate
W4348,R4348,38,5.0,4,52,Stormy
W4349,R4349,20,2.1,14,14,Good
W4350,R4350,33,4.1,6,39,Moderate
W4351,R4351,19,2.0,15,14,Good
W4352,R4352,23,2.6,12,21,Good
W4353,R4353,28,3.3,9,28,Moderate
W4354,R4354,32,4.0,7,36,Moderate
W4355,R4355,36,4.8,4,48,Stormy
W4356,R4356,25,3.0,11,24,Moderate
W4357,R4357,30,3.6,6,34,Moderate
W4358,R4358,39,5.2,3,54,Stormy
W4359,R4359,21,2.3,13,16,Good
W4360,R4360,34,4.3,5,41,Stormy
W4361,R4361,26,3.0,13,20,Moderate
W4362,R4362,37,4.6,7,42,Stormy
W4363,R4363,40,5.2,5,50,Stormy
W4364,R4364,22,2.3,15,12,Good
W4365,R4365,18,1.8,16,12,Good
W4366,R4366,22,2.4,13,19,Good
W4367,R4367,27,3.1,10,26,Moderate
W4368,R4368,31,3.8,8,34,Moderate
W4369,R4369,35,4.6,5,46,Stormy
W4370,R4370,24,2.8,12,22,Good
W4371,R4371,29,3.4,7,32,Moderate
W4372,R4372,38,5.0,4,52,Stormy
W4373,R4373,20,2.1,14,14,Good
W4374,R4374,33,4.1,6,39,Moderate
W4375,R4375,19,2.0,15,14,Good
W4376,R4376,23,2.6,12,21,Good
W4377,R4377,28,3.3,9,28,Moderate
W4378,R4378,32,4.0,7,36,Moderate
W4379,R4379,36,4.8,4,48,Stormy
W4380,R4380,25,3.0,11,24,Moderate
W4381,R4381,30,3.6,6,34,Moderate
W4382,R4382,39,5.2,3,54,Stormy
W4383,R4383,21,2.3,13,16,Good
W4384,R4384,34,4.3,5,41,Stormy
W4385,R4385,26,3.0,13,20,Moderate
W4386,R4386,37,4.6,7,42,Stormy
W4387,R4387,40,5.2,5,50,Stormy
W4388,R4388,22,2.3,15,12,Good
W4389,R4389,18,1.8,16,12,Good
W4390,R4390,22,2.4,13,19,Good
W4391,R4391,27,3.1,10,26,Moderate
W4392,R4392,31,3.8,8,34,Moderate
W4393,R4393,35,4.6,5,46,Stormy
W4394,R4394,24,2.8,12,22,Good
W4395,R4395,29,3.4,7,32,Moderate
W4396,R4396,38,5.0,4,52,Stormy
W4397,R4397,20,2.1,14,14,Good
W4398,R4398,33,4.1,6,39,Moderate
W4399,R4399,19,2.0,15,14,Good
W4400,R4400,23,2.6,12,21,Good
W4401,R4401,28,3.3,9,28,Moderate
W4402,R4402,32,4.0,7,36,Moderate
W4403,R4403,36,4.8,4,48,Stormy
W4404,R4404,25,3.0,11,24,Moderate
W4405,R4405,30,3.6,6,34,Moderate
W4406,R4406,39,5.2,3,54,Stormy
W4407,R4407,21,2.3,13,16,Good
W4408,R4408,34,4.3,5,41,Stormy
W4409,R4409,26,3.0,13,20,Moderate
W4410,R4410,37,4.6,7,42,Stormy
W4411,R4411,40,5.2,5,50,Stormy
W4412,R4412,22,2.3,15,12,Good
W4413,R4413,18,1.8,16,12,Good
W4414,R4414,22,2.4,13,19,Good
W4415,R4415,27,3.1,10,26,Moderate
W4416,R4416,31,3.8,8,34,Moderate
W4417,R4417,35,4.6,5,46,Stormy
W4418,R4418,24,2.8,12,22,Good
W4419,R4419,29,3.4,7,32,Moderate
W4420,R4420,38,5.0,4,52,Stormy
W4421,R4421,20,2.1,14,14,Good
W4422,R4422,33,4.1,6,39,Moderate
W4423,R4423,19,2.0,15,14,Good
W4424,R4424,23,2.6,12,21,Good
W4425,R4425,28,3.3,9,28,Moderate
W4426,R4426,32,4.0,7,36,Moderate
W4427,R4427,36,4.8,4,48,Stormy
W4428,R4428,25,3.0,11,24,Moderate
W4429,R4429,30,3.6,6,34,Moderate
W4430,R4430,39,5.2,3,54,Stormy
W4431,R4431,21,2.3,13,16,Good
W4432,R4432,34,4.3,5,41,Stormy
W4433,R4433,26,3.0,13,20,Moderate
W4434,R4434,37,4.6,7,42,Stormy
W4435,R4435,40,5.2,5,50,Stormy
W4436,R4436,22,2.3,15,12,Good
W4437,R4437,18,1.8,16,12,Good
W4438,R4438,22,2.4,13,19,Good
W4439,R4439,27,3.1,10,26,Moderate
W4440,R4440,31,3.8,8,34,Moderate
W4441,R4441,35,4.6,5,46,Stormy
W4442,R4442,24,2.8,12,22,Good
W4443,R4443,29,3.4,7,32,Moderate
W4444,R4444,38,5.0,4,52,Stormy
W4445,R4445,20,2.1,14,14,Good
W4446,R4446,33,4.1,6,39,Moderate
W4447,R4447,19,2.0,15,14,Good
W4448,R4448,23,2.6,12,21,Good
W4449,R4449,28,3.3,9,28,Moderate
W4450,R4450,32,4.0,7,36,Moderate
W4451,R4451,36,4.8,4,48,Stormy
W4452,R4452,25,3.0,11,24,Moderate
W4453,R4453,30,3.6,6,34,Moderate
W4454,R4454,39,5.2,3,54,Stormy
W4455,R4455,21,2.3,13,16,Good
W4456,R4456,34,4.3,5,41,Stormy
W4457,R4457,26,3.0,13,20,Moderate
W4458,R4458,37,4.6,7,42,Stormy
W4459,R4459,40,5.2,5,50,Stormy
W4460,R4460,22,2.3,15,12,Good
W4461,R4461,18,1.8,16,12,Good
W4462,R4462,22,2.4,13,19,Good
W4463,R4463,27,3.1,10,26,Moderate
W4464,R4464,31,3.8,8,34,Moderate
W4465,R4465,35,4.6,5,46,Stormy
W4466,R4466,24,2.8,12,22,Good
W4467,R4467,29,3.4,7,32,Moderate
W4468,R4468,38,5.0,4,52,Stormy
W4469,R4469,20,2.1,14,14,Good
W4470,R4470,33,4.1,6,39,Moderate
W4471,R4471,19,2.0,15,14,Good
W4472,R4472,23,2.6,12,21,Good
W4473,R4473,28,3.3,9,28,Moderate
W4474,R4474,32,4.0,7,36,Moderate
W4475,R4475,36,4.8,4,48,Stormy
W4476,R4476,25,3.0,11,24,Moderate
W4477,R4477,30,3.6,6,34,Moderate
W4478,R4478,39,5.2,3,54,Stormy
W4479,R4479,21,2.3,13,16,Good
W4480,R4480,34,4.3,5,41,Stormy
W4481,R4481,26,3.0,13,20,Moderate
W4482,R4482,37,4.6,7,42,Stormy
W4483,R4483,40,5.2,5,50,Stormy
W4484,R4484,22,2.3,15,12,Good
W4485,R4485,18,1.8,16,12,Good
W4486,R4486,22,2.4,13,19,Good
W4487,R4487,27,3.1,10,26,Moderate
W4488,R4488,31,3.8,8,34,Moderate
W4489,R4489,35,4.6,5,46,Stormy
W4490,R4490,24,2.8,12,22,Good
W4491,R4491,29,3.4,7,32,Moderate
W4492,R4492,38,5.0,4,52,Stormy
W4493,R4493,20,2.1,14,14,Good
W4494,R4494,33,4.1,6,39,Moderate
W4495,R4495,19,2.0,15,14,Good
W4496,R4496,23,2.6,12,21,Good
W4497,R4497,28,3.3,9,28,Moderate
W4498,R4498,32,4.0,7,36,Moderate
W4499,R4499,36,4.8,4,48,Stormy
W4500,R4500,25,3.0,11,24,Moderate
W4501,R4501,30,3.6,6,34,Moderate
W4502,R4502,39,5.2,3,54,Stormy
W4503,R4503,21,2.3,13,16,Good
W4504,R4504,34,4.3,5,41,Stormy
W4505,R4505,26,3.0,13,20,Moderate
W4506,R4506,37,4.6,7,42,Stormy
W4507,R4507,40,5.2,5,50,Stormy
W4508,R4508,22,2.3,15,12,Good
W4509,R4509,18,1.8,16,12,Good
W4510,R4510,22,2.4,13,19,Good
W4511,R4511,27,3.1,10,26,Moderate
W4512,R4512,31,3.8,8,34,Moderate
W4513,R4513,35,4.6,5,46,Stormy
W4514,R4514,24,2.8,12,22,Good
W4515,R4515,29,3.4,7,32,Moderate
W4516,R4516,38,5.0,4,52,Stormy
W4517,R4517,20,2.1,14,14,Good
W4518,R4518,33,4.1,6,39,Moderate
W4519,R4519,19,2.0,15,14,Good
W4520,R4520,23,2.6,12,21,Good
W4521,R4521,28,3.3,9,28,Moderate
W4522,R4522,32,4.0,7,36,Moderate
W4523,R4523,36,4.8,4,48,Stormy
W4524,R4524,25,3.0,11,24,Moderate
W4525,R4525,30,3.6,6,34,Moderate
W4526,R4526,39,5.2,3,54,Stormy
W4527,R4527,21,2.3,13,16,Good
W4528,R4528,34,4.3,5,41,Stormy
W4529,R4529,26,3.0,13,20,Moderate
W4530,R4530,37,4.6,7,42,Stormy
W4531,R4531,40,5.2,5,50,Stormy
W4532,R4532,22,2.3,15,12,Good
W4533,R4533,18,1.8,16,12,Good
W4534,R4534,22,2.4,13,19,Good
W4535,R4535,27,3.1,10,26,Moderate
W4536,R4536,31,3.8,8,34,Moderate
W4537,R4537,35,4.6,5,46,Stormy
W4538,R4538,24,2.8,12,22,Good
W4539,R4539,29,3.4,7,32,Moderate
W4540,R4540,38,5.0,4,52,Stormy
W4541,R4541,20,2.1,14,14,Good
W4542,R4542,33,4.1,6,39,Moderate
W4543,R4543,19,2.0,15,14,Good
W4544,R4544,23,2.6,12,21,Good
W4545,R4545,28,3.3,9,28,Moderate
W4546,R4546,32,4.0,7,36,Moderate
W4547,R4547,36,4.8,4,48,Stormy
W4548,R4548,25,3.0,11,24,Moderate
W4549,R4549,30,3.6,6,34,Moderate
W4550,R4550,39,5.2,3,54,Stormy
W4551,R4551,21,2.3,13,16,Good
W4552,R4552,34,4.3,5,41,Stormy
W4553,R4553,26,3.0,13,20,Moderate
W4554,R4554,37,4.6,7,42,Stormy
W4555,R4555,40,5.2,5,50,Stormy
W4556,R4556,22,2.3,15,12,Good
W4557,R4557,18,1.8,16,12,Good
W4558,R4558,22,2.4,13,19,Good
W4559,R4559,27,3.1,10,26,Moderate
W4560,R4560,31,3.8,8,34,Moderate
W4561,R4561,35,4.6,5,46,Stormy
W4562,R4562,24,2.8,12,22,Good
W4563,R4563,29,3.4,7,32,Moderate
W4564,R4564,38,5.0,4,52,Stormy
W4565,R4565,20,2.1,14,14,Good
W4566,R4566,33,4.1,6,39,Moderate
W4567,R4567,19,2.0,15,14,Good
W4568,R4568,23,2.6,12,21,Good
W4569,R4569,28,3.3,9,28,Moderate
W4570,R4570,32,4.0,7,36,Moderate
W4571,R4571,36,4.8,4,48,Stormy
W4572,R4572,25,3.0,11,24,Moderate
W4573,R4573,30,3.6,6,34,Moderate
W4574,R4574,39,5.2,3,54,Stormy
W4575,R4575,21,2.3,13,16,Good
W4576,R4576,34,4.3,5,41,Stormy
W4577,R4577,26,3.0,13,20,Moderate
W4578,R4578,37,4.6,7,42,Stormy
W4579,R4579,40,5.2,5,50,Stormy
W4580,R4580,22,2.3,15,12,Good
W4581,R4581,18,1.8,16,12,Good
W4582,R4582,22,2.4,13,19,Good
W4583,R4583,27,3.1,10,26,Moderate
W4584,R4584,31,3.8,8,34,Moderate
W4585,R4585,35,4.6,5,46,Stormy
W4586,R4586,24,2.8,12,22,Good
W4587,R4587,29,3.4,7,32,Moderate
W4588,R4588,38,5.0,4,52,Stormy
W4589,R4589,20,2.1,14,14,Good
W4590,R4590,33,4.1,6,39,Moderate
W4591,R4591,19,2.0,15,14,Good
W4592,R4592,23,2.6,12,21,Good
W4593,R4593,28,3.3,9,28,Moderate
W4594,R4594,32,4.0,7,36,Moderate
W4595,R4595,36,4.8,4,48,Stormy
W4596,R4596,25,3.0,11,24,Moderate
W4597,R4597,30,3.6,6,34,Moderate
W4598,R4598,39,5.2,3,54,Stormy
W4599,R4599,21,2.3,13,16,Good
W4600,R4600,34,4.3,5,41,Stormy
W4601,R4601,26,3.0,13,20,Moderate
W4602,R4602,37,4.6,7,42,Stormy
W4603,R4603,40,5.2,5,50,Stormy
W4604,R4604,22,2.3,15,12,Good
W4605,R4605,18,1.8,16,12,Good
W4606,R4606,22,2.4,13,19,Good
W4607,R4607,27,3.1,10,26,Moderate
W4608,R4608,31,3.8,8,34,Moderate
W4609,R4609,35,4.6,5,46,Stormy
W4610,R4610,24,2.8,12,22,Good
W4611,R4611,29,3.4,7,32,Moderate
W4612,R4612,38,5.0,4,52,Stormy
W4613,R4613,20,2.1,14,14,Good
W4614,R4614,33,4.1,6,39,Moderate
W4615,R4615,19,2.0,15,14,Good
W4616,R4616,23,2.6,12,21,Good
W4617,R4617,28,3.3,9,28,Moderate
W4618,R4618,32,4.0,7,36,Moderate
W4619,R4619,36,4.8,4,48,Stormy
W4620,R4620,25,3.0,11,24,Moderate
W4621,R4621,30,3.6,6,34,Moderate
W4622,R4622,39,5.2,3,54,Stormy
W4623,R4623,21,2.3,13,16,Good
W4624,R4624,34,4.3,5,41,Stormy
W4625,R4625,26,3.0,13,20,Moderate
W4626,R4626,37,4.6,7,42,Stormy
W4627,R4627,40,5.2,5,50,Stormy
W4628,R4628,22,2.3,15,12,Good
W4629,R4629,18,1.8,16,12,Good
W4630,R4630,22,2.4,13,19,Good
W4631,R4631,27,3.1,10,26,Moderate
W4632,R4632,31,3.8,8,34,Moderate
W4633,R4633,35,4.6,5,46,Stormy
W4634,R4634,24,2.8,12,22,Good
W4635,R4635,29,3.4,7,32,Moderate
W4636,R4636,38,5.0,4,52,Stormy
W4637,R4637,20,2.1,14,14,Good
W4638,R4638,33,4.1,6,39,Moderate
W4639,R4639,19,2.0,15,14,Good
W4640,R4640,23,2.6,12,21,Good
W4641,R4641,28,3.3,9,28,Moderate
W4642,R4642,32,4.0,7,36,Moderate
W4643,R4643,36,4.8,4,48,Stormy
W4644,R4644,25,3.0,11,24,Moderate
W4645,R4645,30,3.6,6,34,Moderate
W4646,R4646,39,5.2,3,54,Stormy
W4647,R4647,21,2.3,13,16,Good
W4648,R4648,34,4.3,5,41,Stormy
W4649,R4649,26,3.0,13,20,Moderate
W4650,R4650,37,4.6,7,42,Stormy
W4651,R4651,40,5.2,5,50,Stormy
W4652,R4652,22,2.3,15,12,Good
W4653,R4653,18,1.8,16,12,Good
W4654,R4654,22,2.4,13,19,Good
W4655,R4655,27,3.1,10,26,Moderate
W4656,R4656,31,3.8,8,34,Moderate
W4657,R4657,35,4.6,5,46,Stormy
W4658,R4658,24,2.8,12,22,Good
W4659,R4659,29,3.4,7,32,Moderate
W4660,R4660,38,5.0,4,52,Stormy
W4661,R4661,20,2.1,14,14,Good
W4662,R4662,33,4.1,6,39,Moderate
W4663,R4663,19,2.0,15,14,Good
W4664,R4664,23,2.6,12,21,Good
W4665,R4665,28,3.3,9,28,Moderate
W4666,R4666,32,4.0,7,36,Moderate
W4667,R4667,36,4.8,4,48,Stormy
W4668,R4668,25,3.0,11,24,Moderate
W4669,R4669,30,3.6,6,34,Moderate
W4670,R4670,39,5.2,3,54,Stormy
W4671,R4671,21,2.3,13,16,Good
W4672,R4672,34,4.3,5,41,Stormy
W4673,R4673,26,3.0,13,20,Moderate
W4674,R4674,37,4.6,7,42,Stormy
W4675,R4675,40,5.2,5,50,Stormy
W4676,R4676,22,2.3,15,12,Good
W4677,R4677,18,1.8,16,12,Good
W4678,R4678,22,2.4,13,19,Good
W4679,R4679,27,3.1,10,26,Moderate
W4680,R4680,31,3.8,8,34,Moderate
W4681,R4681,35,4.6,5,46,Stormy
W4682,R4682,24,2.8,12,22,Good
W4683,R4683,29,3.4,7,32,Moderate
W4684,R4684,38,5.0,4,52,Stormy
W4685,R4685,20,2.1,14,14,Good
W4686,R4686,33,4.1,6,39,Moderate
W4687,R4687,19,2.0,15,14,Good
W4688,R4688,23,2.6,12,21,Good
W4689,R4689,28,3.3,9,28,Moderate
W4690,R4690,32,4.0,7,36,Moderate
W4691,R4691,36,4.8,4,48,Stormy
W4692,R4692,25,3.0,11,24,Moderate
W4693,R4693,30,3.6,6,34,Moderate
W4694,R4694,39,5.2,3,54,Stormy
W4695,R4695,21,2.3,13,16,Good
W4696,R4696,34,4.3,5,41,Stormy
W4697,R4697,26,3.0,13,20,Moderate
W4698,R4698,37,4.6,7,42,Stormy
W4699,R4699,40,5.2,5,50,Stormy
W4700,R4700,22,2.3,15,12,Good
W4701,R4701,18,1.8,16,12,Good
W4702,R4702,22,2.4,13,19,Good
W4703,R4703,27,3.1,10,26,Moderate
W4704,R4704,31,3.8,8,34,Moderate
W4705,R4705,35,4.6,5,46,Stormy
W4706,R4706,24,2.8,12,22,Good
W4707,R4707,29,3.4,7,32,Moderate
W4708,R4708,38,5.0,4,52,Stormy
W4709,R4709,20,2.1,14,14,Good
W4710,R4710,33,4.1,6,39,Moderate
W4711,R4711,19,2.0,15,14,Good
W4712,R4712,23,2.6,12,21,Good
W4713,R4713,28,3.3,9,28,Moderate
W4714,R4714,32,4.0,7,36,Moderate
W4715,R4715,36,4.8,4,48,Stormy
W4716,R4716,25,3.0,11,24,Moderate
W4717,R4717,30,3.6,6,34,Moderate
W4718,R4718,39,5.2,3,54,Stormy
W4719,R4719,21,2.3,13,16,Good
W4720,R4720,34,4.3,5,41,Stormy
W4721,R4721,26,3.0,13,20,Moderate
W4722,R4722,37,4.6,7,42,Stormy
W4723,R4723,40,5.2,5,50,Stormy
W4724,R4724,22,2.3,15,12,Good
W4725,R4725,18,1.8,16,12,Good
W4726,R4726,22,2.4,13,19,Good
W4727,R4727,27,3.1,10,26,Moderate
W4728,R4728,31,3.8,8,34,Moderate
W4729,R4729,35,4.6,5,46,Stormy
W4730,R4730,24,2.8,12,22,Good
W4731,R4731,29,3.4,7,32,Moderate
W4732,R4732,38,5.0,4,52,Stormy
W4733,R4733,20,2.1,14,14,Good
W4734,R4734,33,4.1,6,39,Moderate
W4735,R4735,19,2.0,15,14,Good
W4736,R4736,23,2.6,12,21,Good
W4737,R4737,28,3.3,9,28,Moderate
W4738,R4738,32,4.0,7,36,Moderate
W4739,R4739,36,4.8,4,48,Stormy
W4740,R4740,25,3.0,11,24,Moderate
W4741,R4741,30,3.6,6,34,Moderate
W4742,R4742,39,5.2,3,54,Stormy
W4743,R4743,21,2.3,13,16,Good
W4744,R4744,34,4.3,5,41,Stormy
W4745,R4745,26,3.0,13,20,Moderate
W4746,R4746,37,4.6,7,42,Stormy
W4747,R4747,40,5.2,5,50,Stormy
W4748,R4748,22,2.3,15,12,Good
W4749,R4749,18,1.8,16,12,Good
W4750,R4750,22,2.4,13,19,Good
W4751,R4751,27,3.1,10,26,Moderate
W4752,R4752,31,3.8,8,34,Moderate
W4753,R4753,35,4.6,5,46,Stormy
W4754,R4754,24,2.8,12,22,Good
W4755,R4755,29,3.4,7,32,Moderate
W4756,R4756,38,5.0,4,52,Stormy
W4757,R4757,20,2.1,14,14,Good
W4758,R4758,33,4.1,6,39,Moderate
W4759,R4759,19,2.0,15,14,Good
W4760,R4760,23,2.6,12,21,Good
W4761,R4761,28,3.3,9,28,Moderate
W4762,R4762,32,4.0,7,36,Moderate
W4763,R4763,36,4.8,4,48,Stormy
W4764,R4764,25,3.0,11,24,Moderate
W4765,R4765,30,3.6,6,34,Moderate
W4766,R4766,39,5.2,3,54,Stormy
W4767,R4767,21,2.3,13,16,Good
W4768,R4768,34,4.3,5,41,Stormy
W4769,R4769,26,3.0,13,20,Moderate
W4770,R4770,37,4.6,7,42,Stormy
W4771,R4771,40,5.2,5,50,Stormy
W4772,R4772,22,2.3,15,12,Good
W4773,R4773,18,1.8,16,12,Good
W4774,R4774,22,2.4,13,19,Good
W4775,R4775,27,3.1,10,26,Moderate
W4776,R4776,31,3.8,8,34,Moderate
W4777,R4777,35,4.6,5,46,Stormy
W4778,R4778,24,2.8,12,22,Good
W4779,R4779,29,3.4,7,32,Moderate
W4780,R4780,38,5.0,4,52,Stormy
W4781,R4781,20,2.1,14,14,Good
W4782,R4782,33,4.1,6,39,Moderate
W4783,R4783,19,2.0,15,14,Good
W4784,R4784,23,2.6,12,21,Good
W4785,R4785,28,3.3,9,28,Moderate
W4786,R4786,32,4.0,7,36,Moderate
W4787,R4787,36,4.8,4,48,Stormy
W4788,R4788,25,3.0,11,24,Moderate
W4789,R4789,30,3.6,6,34,Moderate
W4790,R4790,39,5.2,3,54,Stormy
W4791,R4791,21,2.3,13,16,Good
W4792,R4792,34,4.3,5,41,Stormy
W4793,R4793,26,3.0,13,20,Moderate
W4794,R4794,37,4.6,7,42,Stormy
W4795,R4795,40,5.2,5,50,Stormy
W4796,R4796,22,2.3,15,12,Good
W4797,R4797,18,1.8,16,12,Good
W4798,R4798,22,2.4,13,19,Good
W4799,R4799,27,3.1,10,26,Moderate
W4800,R4800,31,3.8,8,34,Moderate
W4801,R4801,35,4.6,5,46,Stormy
W4802,R4802,24,2.8,12,22,Good
W4803,R4803,29,3.4,7,32,Moderate
W4804,R4804,38,5.0,4,52,Stormy
W4805,R4805,20,2.1,14,14,Good
W4806,R4806,33,4.1,6,39,Moderate
W4807,R4807,19,2.0,15,14,Good
W4808,R4808,23,2.6,12,21,Good
W4809,R4809,28,3.3,9,28,Moderate
W4810,R4810,32,4.0,7,36,Moderate
W4811,R4811,36,4.8,4,48,Stormy
W4812,R4812,25,3.0,11,24,Moderate
W4813,R4813,30,3.6,6,34,Moderate
W4814,R4814,39,5.2,3,54,Stormy
W4815,R4815,21,2.3,13,16,Good
W4816,R4816,34,4.3,5,41,Stormy
W4817,R4817,26,3.0,13,20,Moderate
W4818,R4818,37,4.6,7,42,Stormy
W4819,R4819,40,5.2,5,50,Stormy
W4820,R4820,22,2.3,15,12,Good
W4821,R4821,18,1.8,16,12,Good
W4822,R4822,22,2.4,13,19,Good
W4823,R4823,27,3.1,10,26,Moderate
W4824,R4824,31,3.8,8,34,Moderate
W4825,R4825,35,4.6,5,46,Stormy
W4826,R4826,24,2.8,12,22,Good
W4827,R4827,29,3.4,7,32,Moderate
W4828,R4828,38,5.0,4,52,Stormy
W4829,R4829,20,2.1,14,14,Good
W4830,R4830,33,4.1,6,39,Moderate
W4831,R4831,19,2.0,15,14,Good
W4832,R4832,23,2.6,12,21,Good
W4833,R4833,28,3.3,9,28,Moderate
W4834,R4834,32,4.0,7,36,Moderate
W4835,R4835,36,4.8,4,48,Stormy
W4836,R4836,25,3.0,11,24,Moderate
W4837,R4837,30,3.6,6,34,Moderate
W4838,R4838,39,5.2,3,54,Stormy
W4839,R4839,21,2.3,13,16,Good
W4840,R4840,34,4.3,5,41,Stormy
W4841,R4841,26,3.0,13,20,Moderate
W4842,R4842,37,4.6,7,42,Stormy
W4843,R4843,40,5.2,5,50,Stormy
W4844,R4844,22,2.3,15,12,Good
W4845,R4845,18,1.8,16,12,Good
W4846,R4846,22,2.4,13,19,Good
W4847,R4847,27,3.1,10,26,Moderate
W4848,R4848,31,3.8,8,34,Moderate
W4849,R4849,35,4.6,5,46,Stormy
W4850,R4850,24,2.8,12,22,Good
W4851,R4851,29,3.4,7,32,Moderate
W4852,R4852,38,5.0,4,52,Stormy
W4853,R4853,20,2.1,14,14,Good
W4854,R4854,33,4.1,6,39,Moderate
W4855,R4855,19,2.0,15,14,Good
W4856,R4856,23,2.6,12,21,Good
W4857,R4857,28,3.3,9,28,Moderate
W4858,R4858,32,4.0,7,36,Moderate
W4859,R4859,36,4.8,4,48,Stormy
W4860,R4860,25,3.0,11,24,Moderate
W4861,R4861,30,3.6,6,34,Moderate
W4862,R4862,39,5.2,3,54,Stormy
W4863,R4863,21,2.3,13,16,Good
W4864,R4864,34,4.3,5,41,Stormy
W4865,R4865,26,3.0,13,20,Moderate
W4866,R4866,37,4.6,7,42,Stormy
W4867,R4867,40,5.2,5,50,Stormy
W4868,R4868,22,2.3,15,12,Good
W4869,R4869,18,1.8,16,12,Good
W4870,R4870,22,2.4,13,19,Good
W4871,R4871,27,3.1,10,26,Moderate
W4872,R4872,31,3.8,8,34,Moderate
W4873,R4873,35,4.6,5,46,Stormy
W4874,R4874,24,2.8,12,22,Good
W4875,R4875,29,3.4,7,32,Moderate
W4876,R4876,38,5.0,4,52,Stormy
W4877,R4877,20,2.1,14,14,Good
W4878,R4878,33,4.1,6,39,Moderate
W4879,R4879,19,2.0,15,14,Good
W4880,R4880,23,2.6,12,21,Good
W4881,R4881,28,3.3,9,28,Moderate
W4882,R4882,32,4.0,7,36,Moderate
W4883,R4883,36,4.8,4,48,Stormy
W4884,R4884,25,3.0,11,24,Moderate
W4885,R4885,30,3.6,6,34,Moderate
W4886,R4886,39,5.2,3,54,Stormy
W4887,R4887,21,2.3,13,16,Good
W4888,R4888,34,4.3,5,41,Stormy
W4889,R4889,26,3.0,13,20,Moderate
W4890,R4890,37,4.6,7,42,Stormy
W4891,R4891,40,5.2,5,50,Stormy
W4892,R4892,22,2.3,15,12,Good
W4893,R4893,18,1.8,16,12,Good
W4894,R4894,22,2.4,13,19,Good
W4895,R4895,27,3.1,10,26,Moderate
W4896,R4896,31,3.8,8,34,Moderate
W4897,R4897,35,4.6,5,46,Stormy
W4898,R4898,24,2.8,12,22,Good
W4899,R4899,29,3.4,7,32,Moderate
W4900,R4900,38,5.0,4,52,Stormy
W4901,R4901,20,2.1,14,14,Good
W4902,R4902,33,4.1,6,39,Moderate
W4903,R4903,19,2.0,15,14,Good
W4904,R4904,23,2.6,12,21,Good
W4905,R4905,28,3.3,9,28,Moderate
W4906,R4906,32,4.0,7,36,Moderate
W4907,R4907,36,4.8,4,48,Stormy
W4908,R4908,25,3.0,11,24,Moderate
W4909,R4909,30,3.6,6,34,Moderate
W4910,R4910,39,5.2,3,54,Stormy
W4911,R4911,21,2.3,13,16,Good
W4912,R4912,34,4.3,5,41,Stormy
W4913,R4913,26,3.0,13,20,Moderate
W4914,R4914,37,4.6,7,42,Stormy
W4915,R4915,40,5.2,5,50,Stormy
W4916,R4916,22,2.3,15,12,Good
W4917,R4917,18,1.8,16,12,Good
W4918,R4918,22,2.4,13,19,Good
W4919,R4919,27,3.1,10,26,Moderate
W4920,R4920,31,3.8,8,34,Moderate
W4921,R4921,35,4.6,5,46,Stormy
W4922,R4922,24,2.8,12,22,Good
W4923,R4923,29,3.4,7,32,Moderate
W4924,R4924,38,5.0,4,52,Stormy
W4925,R4925,20,2.1,14,14,Good
W4926,R4926,33,4.1,6,39,Moderate
W4927,R4927,19,2.0,15,14,Good
W4928,R4928,23,2.6,12,21,Good
W4929,R4929,28,3.3,9,28,Moderate
W4930,R4930,32,4.0,7,36,Moderate
W4931,R4931,36,4.8,4,48,Stormy
W4932,R4932,25,3.0,11,24,Moderate
W4933,R4933,30,3.6,6,34,Moderate
W4934,R4934,39,5.2,3,54,Stormy
W4935,R4935,21,2.3,13,16,Good
W4936,R4936,34,4.3,5,41,Stormy
W4937,R4937,26,3.0,13,20,Moderate
W4938,R4938,37,4.6,7,42,Stormy
W4939,R4939,40,5.2,5,50,Stormy
W4940,R4940,22,2.3,15,12,Good
W4941,R4941,18,1.8,16,12,Good
W4942,R4942,22,2.4,13,19,Good
W4943,R4943,27,3.1,10,26,Moderate
W4944,R4944,31,3.8,8,34,Moderate
W4945,R4945,35,4.6,5,46,Stormy
W4946,R4946,24,2.8,12,22,Good
W4947,R4947,29,3.4,7,32,Moderate
W4948,R4948,38,5.0,4,52,Stormy
W4949,R4949,20,2.1,14,14,Good
W4950,R4950,33,4.1,6,39,Moderate
W4951,R4951,19,2.0,15,14,Good
W4952,R4952,23,2.6,12,21,Good
W4953,R4953,28,3.3,9,28,Moderate
W4954,R4954,32,4.0,7,36,Moderate
W4955,R4955,36,4.8,4,48,Stormy
W4956,R4956,25,3.0,11,24,Moderate
W4957,R4957,30,3.6,6,34,Moderate
W4958,R4958,39,5.2,3,54,Stormy
W4959,R4959,21,2.3,13,16,Good
W4960,R4960,34,4.3,5,41,Stormy
W4961,R4961,26,3.0,13,20,Moderate
W4962,R4962,37,4.6,7,42,Stormy
W4963,R4963,40,5.2,5,50,Stormy
W4964,R4964,22,2.3,15,12,Good
W4965,R4965,18,1.8,16,12,Good
W4966,R4966,22,2.4,13,19,Good
W4967,R4967,27,3.1,10,26,Moderate
W4968,R4968,31,3.8,8,34,Moderate
W4969,R4969,35,4.6,5,46,Stormy
W4970,R4970,24,2.8,12,22,Good
W4971,R4971,29,3.4,7,32,Moderate
W4972,R4972,38,5.0,4,52,Stormy
W4973,R4973,20,2.1,14,14,Good
W4974,R4974,33,4.1,6,39,Moderate
W4975,R4975,19,2.0,15,14,Good
W4976,R4976,23,2.6,12,21,Good
W4977,R4977,28,3.3,9,28,Moderate
W4978,R4978,32,4.0,7,36,Moderate
W4979,R4979,36,4.8,4,48,Stormy
W4980,R4980,25,3.0,11,24,Moderate
W4981,R4981,30,3.6,6,34,Moderate
W4982,R4982,39,5.2,3,54,Stormy
W4983,R4983,21,2.3,13,16,Good
W4984,R4984,34,4.3,5,41,Stormy
W4985,R4985,26,3.0,13,20,Moderate
W4986,R4986,37,4.6,7,42,Stormy
W4987,R4987,40,5.2,5,50,Stormy
W4988,R4988,22,2.3,15,12,Good
W4989,R4989,18,1.8,16,12,Good
W4990,R4990,22,2.4,13,19,Good
W4991,R4991,27,3.1,10,26,Moderate
W4992,R4992,31,3.8,8,34,Moderate
W4993,R4993,35,4.6,5,46,Stormy
W4994,R4994,24,2.8,12,22,Good
W4995,R4995,29,3.4,7,32,Moderate
W4996,R4996,38,5.0,4,52,Stormy
W4997,R4997,20,2.1,14,14,Good
W4998,R4998,33,4.1,6,39,Moderate
W4999,R4999,19,2.0,15,14,Good
W5000,R5000,23,2.6,12,21,Good

